scenario,seed,budget,method,cohort,attack_family,count
Exploits,42,0.01,fusion_ae_plain_latent,recovered_attacks,Analysis,41
Exploits,42,0.01,fusion_ae_plain_latent,recovered_attacks,Backdoor,20
Exploits,42,0.01,fusion_ae_plain_latent,recovered_attacks,DoS,167
Exploits,42,0.01,fusion_ae_plain_latent,recovered_attacks,Exploits,1141
Exploits,42,0.01,fusion_ae_plain_latent,recovered_attacks,Fuzzers,76
Exploits,42,0.01,fusion_ae_plain_latent,recovered_attacks,Generic,16
Exploits,42,0.01,fusion_ae_plain_latent,recovered_attacks,Reconnaissance,32
Exploits,42,0.01,fusion_ae_plain_latent,recovered_attacks,Shellcode,0
Exploits,42,0.01,fusion_ae_plain_latent,recovered_attacks,Worms,1
Exploits,42,0.01,fusion_ae_plain_latent,lost_attacks,Analysis,0
Exploits,42,0.01,fusion_ae_plain_latent,lost_attacks,Backdoor,0
Exploits,42,0.01,fusion_ae_plain_latent,lost_attacks,DoS,2
Exploits,42,0.01,fusion_ae_plain_latent,lost_attacks,Exploits,185
Exploits,42,0.01,fusion_ae_plain_latent,lost_attacks,Fuzzers,126
Exploits,42,0.01,fusion_ae_plain_latent,lost_attacks,Generic,4
Exploits,42,0.01,fusion_ae_plain_latent,lost_attacks,Reconnaissance,2
Exploits,42,0.01,fusion_ae_plain_latent,lost_attacks,Shellcode,10
Exploits,42,0.01,fusion_ae_plain_latent,lost_attacks,Worms,0
Exploits,42,0.01,fusion_ae_plain_latent,persistent_attack_misses,Analysis,96
Exploits,42,0.01,fusion_ae_plain_latent,persistent_attack_misses,Backdoor,64
Exploits,42,0.01,fusion_ae_plain_latent,persistent_attack_misses,DoS,459
Exploits,42,0.01,fusion_ae_plain_latent,persistent_attack_misses,Exploits,3179
Exploits,42,0.01,fusion_ae_plain_latent,persistent_attack_misses,Fuzzers,1704
Exploits,42,0.01,fusion_ae_plain_latent,persistent_attack_misses,Generic,29
Exploits,42,0.01,fusion_ae_plain_latent,persistent_attack_misses,Reconnaissance,105
Exploits,42,0.01,fusion_ae_plain_latent,persistent_attack_misses,Shellcode,29
Exploits,42,0.01,fusion_ae_plain_latent,persistent_attack_misses,Worms,1
Exploits,42,0.01,fusion_ae_plain_latent,retained_attack_detections,Analysis,1314
Exploits,42,0.01,fusion_ae_plain_latent,retained_attack_detections,Backdoor,1214
Exploits,42,0.01,fusion_ae_plain_latent,retained_attack_detections,DoS,9464
Exploits,42,0.01,fusion_ae_plain_latent,retained_attack_detections,Exploits,28888
Exploits,42,0.01,fusion_ae_plain_latent,retained_attack_detections,Fuzzers,2088
Exploits,42,0.01,fusion_ae_plain_latent,retained_attack_detections,Generic,6659
Exploits,42,0.01,fusion_ae_plain_latent,retained_attack_detections,Reconnaissance,3084
Exploits,42,0.01,fusion_ae_plain_latent,retained_attack_detections,Shellcode,154
Exploits,42,0.01,fusion_ae_plain_latent,retained_attack_detections,Worms,30
Exploits,42,0.01,selective_fusion,recovered_attacks,Analysis,0
Exploits,42,0.01,selective_fusion,recovered_attacks,Backdoor,0
Exploits,42,0.01,selective_fusion,recovered_attacks,DoS,2
Exploits,42,0.01,selective_fusion,recovered_attacks,Exploits,66
Exploits,42,0.01,selective_fusion,recovered_attacks,Fuzzers,13
Exploits,42,0.01,selective_fusion,recovered_attacks,Generic,2
Exploits,42,0.01,selective_fusion,recovered_attacks,Reconnaissance,0
Exploits,42,0.01,selective_fusion,recovered_attacks,Shellcode,0
Exploits,42,0.01,selective_fusion,recovered_attacks,Worms,1
Exploits,42,0.01,selective_fusion,lost_attacks,Analysis,0
Exploits,42,0.01,selective_fusion,lost_attacks,Backdoor,0
Exploits,42,0.01,selective_fusion,lost_attacks,DoS,0
Exploits,42,0.01,selective_fusion,lost_attacks,Exploits,0
Exploits,42,0.01,selective_fusion,lost_attacks,Fuzzers,0
Exploits,42,0.01,selective_fusion,lost_attacks,Generic,0
Exploits,42,0.01,selective_fusion,lost_attacks,Reconnaissance,0
Exploits,42,0.01,selective_fusion,lost_attacks,Shellcode,0
Exploits,42,0.01,selective_fusion,lost_attacks,Worms,0
Exploits,42,0.01,selective_fusion,persistent_attack_misses,Analysis,137
Exploits,42,0.01,selective_fusion,persistent_attack_misses,Backdoor,84
Exploits,42,0.01,selective_fusion,persistent_attack_misses,DoS,624
Exploits,42,0.01,selective_fusion,persistent_attack_misses,Exploits,4254
Exploits,42,0.01,selective_fusion,persistent_attack_misses,Fuzzers,1767
Exploits,42,0.01,selective_fusion,persistent_attack_misses,Generic,43
Exploits,42,0.01,selective_fusion,persistent_attack_misses,Reconnaissance,137
Exploits,42,0.01,selective_fusion,persistent_attack_misses,Shellcode,29
Exploits,42,0.01,selective_fusion,persistent_attack_misses,Worms,1
Exploits,42,0.01,selective_fusion,retained_attack_detections,Analysis,1314
Exploits,42,0.01,selective_fusion,retained_attack_detections,Backdoor,1214
Exploits,42,0.01,selective_fusion,retained_attack_detections,DoS,9466
Exploits,42,0.01,selective_fusion,retained_attack_detections,Exploits,29073
Exploits,42,0.01,selective_fusion,retained_attack_detections,Fuzzers,2214
Exploits,42,0.01,selective_fusion,retained_attack_detections,Generic,6663
Exploits,42,0.01,selective_fusion,retained_attack_detections,Reconnaissance,3086
Exploits,42,0.01,selective_fusion,retained_attack_detections,Shellcode,164
Exploits,42,0.01,selective_fusion,retained_attack_detections,Worms,30
Exploits,42,0.03,fusion_ae_plain_latent,recovered_attacks,Analysis,5
Exploits,42,0.03,fusion_ae_plain_latent,recovered_attacks,Backdoor,1
Exploits,42,0.03,fusion_ae_plain_latent,recovered_attacks,DoS,21
Exploits,42,0.03,fusion_ae_plain_latent,recovered_attacks,Exploits,375
Exploits,42,0.03,fusion_ae_plain_latent,recovered_attacks,Fuzzers,42
Exploits,42,0.03,fusion_ae_plain_latent,recovered_attacks,Generic,6
Exploits,42,0.03,fusion_ae_plain_latent,recovered_attacks,Reconnaissance,3
Exploits,42,0.03,fusion_ae_plain_latent,recovered_attacks,Shellcode,1
Exploits,42,0.03,fusion_ae_plain_latent,recovered_attacks,Worms,0
Exploits,42,0.03,fusion_ae_plain_latent,lost_attacks,Analysis,0
Exploits,42,0.03,fusion_ae_plain_latent,lost_attacks,Backdoor,0
Exploits,42,0.03,fusion_ae_plain_latent,lost_attacks,DoS,1
Exploits,42,0.03,fusion_ae_plain_latent,lost_attacks,Exploits,42
Exploits,42,0.03,fusion_ae_plain_latent,lost_attacks,Fuzzers,50
Exploits,42,0.03,fusion_ae_plain_latent,lost_attacks,Generic,0
Exploits,42,0.03,fusion_ae_plain_latent,lost_attacks,Reconnaissance,0
Exploits,42,0.03,fusion_ae_plain_latent,lost_attacks,Shellcode,1
Exploits,42,0.03,fusion_ae_plain_latent,lost_attacks,Worms,0
Exploits,42,0.03,fusion_ae_plain_latent,persistent_attack_misses,Analysis,64
Exploits,42,0.03,fusion_ae_plain_latent,persistent_attack_misses,Backdoor,39
Exploits,42,0.03,fusion_ae_plain_latent,persistent_attack_misses,DoS,226
Exploits,42,0.03,fusion_ae_plain_latent,persistent_attack_misses,Exploits,1676
Exploits,42,0.03,fusion_ae_plain_latent,persistent_attack_misses,Fuzzers,1146
Exploits,42,0.03,fusion_ae_plain_latent,persistent_attack_misses,Generic,14
Exploits,42,0.03,fusion_ae_plain_latent,persistent_attack_misses,Reconnaissance,59
Exploits,42,0.03,fusion_ae_plain_latent,persistent_attack_misses,Shellcode,12
Exploits,42,0.03,fusion_ae_plain_latent,persistent_attack_misses,Worms,1
Exploits,42,0.03,fusion_ae_plain_latent,retained_attack_detections,Analysis,1382
Exploits,42,0.03,fusion_ae_plain_latent,retained_attack_detections,Backdoor,1258
Exploits,42,0.03,fusion_ae_plain_latent,retained_attack_detections,DoS,9844
Exploits,42,0.03,fusion_ae_plain_latent,retained_attack_detections,Exploits,31300
Exploits,42,0.03,fusion_ae_plain_latent,retained_attack_detections,Fuzzers,2756
Exploits,42,0.03,fusion_ae_plain_latent,retained_attack_detections,Generic,6688
Exploits,42,0.03,fusion_ae_plain_latent,retained_attack_detections,Reconnaissance,3161
Exploits,42,0.03,fusion_ae_plain_latent,retained_attack_detections,Shellcode,179
Exploits,42,0.03,fusion_ae_plain_latent,retained_attack_detections,Worms,31
Exploits,42,0.03,selective_fusion,recovered_attacks,Analysis,0
Exploits,42,0.03,selective_fusion,recovered_attacks,Backdoor,0
Exploits,42,0.03,selective_fusion,recovered_attacks,DoS,0
Exploits,42,0.03,selective_fusion,recovered_attacks,Exploits,3
Exploits,42,0.03,selective_fusion,recovered_attacks,Fuzzers,6
Exploits,42,0.03,selective_fusion,recovered_attacks,Generic,0
Exploits,42,0.03,selective_fusion,recovered_attacks,Reconnaissance,0
Exploits,42,0.03,selective_fusion,recovered_attacks,Shellcode,1
Exploits,42,0.03,selective_fusion,recovered_attacks,Worms,0
Exploits,42,0.03,selective_fusion,lost_attacks,Analysis,0
Exploits,42,0.03,selective_fusion,lost_attacks,Backdoor,0
Exploits,42,0.03,selective_fusion,lost_attacks,DoS,0
Exploits,42,0.03,selective_fusion,lost_attacks,Exploits,0
Exploits,42,0.03,selective_fusion,lost_attacks,Fuzzers,0
Exploits,42,0.03,selective_fusion,lost_attacks,Generic,0
Exploits,42,0.03,selective_fusion,lost_attacks,Reconnaissance,0
Exploits,42,0.03,selective_fusion,lost_attacks,Shellcode,0
Exploits,42,0.03,selective_fusion,lost_attacks,Worms,0
Exploits,42,0.03,selective_fusion,persistent_attack_misses,Analysis,69
Exploits,42,0.03,selective_fusion,persistent_attack_misses,Backdoor,40
Exploits,42,0.03,selective_fusion,persistent_attack_misses,DoS,247
Exploits,42,0.03,selective_fusion,persistent_attack_misses,Exploits,2048
Exploits,42,0.03,selective_fusion,persistent_attack_misses,Fuzzers,1182
Exploits,42,0.03,selective_fusion,persistent_attack_misses,Generic,20
Exploits,42,0.03,selective_fusion,persistent_attack_misses,Reconnaissance,62
Exploits,42,0.03,selective_fusion,persistent_attack_misses,Shellcode,12
Exploits,42,0.03,selective_fusion,persistent_attack_misses,Worms,1
Exploits,42,0.03,selective_fusion,retained_attack_detections,Analysis,1382
Exploits,42,0.03,selective_fusion,retained_attack_detections,Backdoor,1258
Exploits,42,0.03,selective_fusion,retained_attack_detections,DoS,9845
Exploits,42,0.03,selective_fusion,retained_attack_detections,Exploits,31342
Exploits,42,0.03,selective_fusion,retained_attack_detections,Fuzzers,2806
Exploits,42,0.03,selective_fusion,retained_attack_detections,Generic,6688
Exploits,42,0.03,selective_fusion,retained_attack_detections,Reconnaissance,3161
Exploits,42,0.03,selective_fusion,retained_attack_detections,Shellcode,180
Exploits,42,0.03,selective_fusion,retained_attack_detections,Worms,31
Exploits,42,0.05,fusion_ae_plain_latent,recovered_attacks,Analysis,9
Exploits,42,0.05,fusion_ae_plain_latent,recovered_attacks,Backdoor,2
Exploits,42,0.05,fusion_ae_plain_latent,recovered_attacks,DoS,13
Exploits,42,0.05,fusion_ae_plain_latent,recovered_attacks,Exploits,211
Exploits,42,0.05,fusion_ae_plain_latent,recovered_attacks,Fuzzers,27
Exploits,42,0.05,fusion_ae_plain_latent,recovered_attacks,Generic,2
Exploits,42,0.05,fusion_ae_plain_latent,recovered_attacks,Reconnaissance,5
Exploits,42,0.05,fusion_ae_plain_latent,recovered_attacks,Shellcode,0
Exploits,42,0.05,fusion_ae_plain_latent,recovered_attacks,Worms,0
Exploits,42,0.05,fusion_ae_plain_latent,lost_attacks,Analysis,0
Exploits,42,0.05,fusion_ae_plain_latent,lost_attacks,Backdoor,0
Exploits,42,0.05,fusion_ae_plain_latent,lost_attacks,DoS,2
Exploits,42,0.05,fusion_ae_plain_latent,lost_attacks,Exploits,26
Exploits,42,0.05,fusion_ae_plain_latent,lost_attacks,Fuzzers,47
Exploits,42,0.05,fusion_ae_plain_latent,lost_attacks,Generic,0
Exploits,42,0.05,fusion_ae_plain_latent,lost_attacks,Reconnaissance,0
Exploits,42,0.05,fusion_ae_plain_latent,lost_attacks,Shellcode,2
Exploits,42,0.05,fusion_ae_plain_latent,lost_attacks,Worms,0
Exploits,42,0.05,fusion_ae_plain_latent,persistent_attack_misses,Analysis,54
Exploits,42,0.05,fusion_ae_plain_latent,persistent_attack_misses,Backdoor,31
Exploits,42,0.05,fusion_ae_plain_latent,persistent_attack_misses,DoS,176
Exploits,42,0.05,fusion_ae_plain_latent,persistent_attack_misses,Exploits,1213
Exploits,42,0.05,fusion_ae_plain_latent,persistent_attack_misses,Fuzzers,759
Exploits,42,0.05,fusion_ae_plain_latent,persistent_attack_misses,Generic,10
Exploits,42,0.05,fusion_ae_plain_latent,persistent_attack_misses,Reconnaissance,47
Exploits,42,0.05,fusion_ae_plain_latent,persistent_attack_misses,Shellcode,4
Exploits,42,0.05,fusion_ae_plain_latent,persistent_attack_misses,Worms,1
Exploits,42,0.05,fusion_ae_plain_latent,retained_attack_detections,Analysis,1388
Exploits,42,0.05,fusion_ae_plain_latent,retained_attack_detections,Backdoor,1265
Exploits,42,0.05,fusion_ae_plain_latent,retained_attack_detections,DoS,9901
Exploits,42,0.05,fusion_ae_plain_latent,retained_attack_detections,Exploits,31943
Exploits,42,0.05,fusion_ae_plain_latent,retained_attack_detections,Fuzzers,3161
Exploits,42,0.05,fusion_ae_plain_latent,retained_attack_detections,Generic,6696
Exploits,42,0.05,fusion_ae_plain_latent,retained_attack_detections,Reconnaissance,3171
Exploits,42,0.05,fusion_ae_plain_latent,retained_attack_detections,Shellcode,187
Exploits,42,0.05,fusion_ae_plain_latent,retained_attack_detections,Worms,31
Exploits,42,0.05,selective_fusion,recovered_attacks,Analysis,1
Exploits,42,0.05,selective_fusion,recovered_attacks,Backdoor,0
Exploits,42,0.05,selective_fusion,recovered_attacks,DoS,0
Exploits,42,0.05,selective_fusion,recovered_attacks,Exploits,21
Exploits,42,0.05,selective_fusion,recovered_attacks,Fuzzers,6
Exploits,42,0.05,selective_fusion,recovered_attacks,Generic,0
Exploits,42,0.05,selective_fusion,recovered_attacks,Reconnaissance,0
Exploits,42,0.05,selective_fusion,recovered_attacks,Shellcode,0
Exploits,42,0.05,selective_fusion,recovered_attacks,Worms,0
Exploits,42,0.05,selective_fusion,lost_attacks,Analysis,0
Exploits,42,0.05,selective_fusion,lost_attacks,Backdoor,0
Exploits,42,0.05,selective_fusion,lost_attacks,DoS,0
Exploits,42,0.05,selective_fusion,lost_attacks,Exploits,0
Exploits,42,0.05,selective_fusion,lost_attacks,Fuzzers,0
Exploits,42,0.05,selective_fusion,lost_attacks,Generic,0
Exploits,42,0.05,selective_fusion,lost_attacks,Reconnaissance,0
Exploits,42,0.05,selective_fusion,lost_attacks,Shellcode,0
Exploits,42,0.05,selective_fusion,lost_attacks,Worms,0
Exploits,42,0.05,selective_fusion,persistent_attack_misses,Analysis,62
Exploits,42,0.05,selective_fusion,persistent_attack_misses,Backdoor,33
Exploits,42,0.05,selective_fusion,persistent_attack_misses,DoS,189
Exploits,42,0.05,selective_fusion,persistent_attack_misses,Exploits,1403
Exploits,42,0.05,selective_fusion,persistent_attack_misses,Fuzzers,780
Exploits,42,0.05,selective_fusion,persistent_attack_misses,Generic,12
Exploits,42,0.05,selective_fusion,persistent_attack_misses,Reconnaissance,52
Exploits,42,0.05,selective_fusion,persistent_attack_misses,Shellcode,4
Exploits,42,0.05,selective_fusion,persistent_attack_misses,Worms,1
Exploits,42,0.05,selective_fusion,retained_attack_detections,Analysis,1388
Exploits,42,0.05,selective_fusion,retained_attack_detections,Backdoor,1265
Exploits,42,0.05,selective_fusion,retained_attack_detections,DoS,9903
Exploits,42,0.05,selective_fusion,retained_attack_detections,Exploits,31969
Exploits,42,0.05,selective_fusion,retained_attack_detections,Fuzzers,3208
Exploits,42,0.05,selective_fusion,retained_attack_detections,Generic,6696
Exploits,42,0.05,selective_fusion,retained_attack_detections,Reconnaissance,3171
Exploits,42,0.05,selective_fusion,retained_attack_detections,Shellcode,189
Exploits,42,0.05,selective_fusion,retained_attack_detections,Worms,31
Exploits,123,0.01,fusion_ae_plain_latent,recovered_attacks,Analysis,13
Exploits,123,0.01,fusion_ae_plain_latent,recovered_attacks,Backdoor,9
Exploits,123,0.01,fusion_ae_plain_latent,recovered_attacks,DoS,86
Exploits,123,0.01,fusion_ae_plain_latent,recovered_attacks,Exploits,1400
Exploits,123,0.01,fusion_ae_plain_latent,recovered_attacks,Fuzzers,65
Exploits,123,0.01,fusion_ae_plain_latent,recovered_attacks,Generic,12
Exploits,123,0.01,fusion_ae_plain_latent,recovered_attacks,Reconnaissance,16
Exploits,123,0.01,fusion_ae_plain_latent,recovered_attacks,Shellcode,0
Exploits,123,0.01,fusion_ae_plain_latent,recovered_attacks,Worms,1
Exploits,123,0.01,fusion_ae_plain_latent,lost_attacks,Analysis,0
Exploits,123,0.01,fusion_ae_plain_latent,lost_attacks,Backdoor,0
Exploits,123,0.01,fusion_ae_plain_latent,lost_attacks,DoS,6
Exploits,123,0.01,fusion_ae_plain_latent,lost_attacks,Exploits,265
Exploits,123,0.01,fusion_ae_plain_latent,lost_attacks,Fuzzers,144
Exploits,123,0.01,fusion_ae_plain_latent,lost_attacks,Generic,6
Exploits,123,0.01,fusion_ae_plain_latent,lost_attacks,Reconnaissance,7
Exploits,123,0.01,fusion_ae_plain_latent,lost_attacks,Shellcode,10
Exploits,123,0.01,fusion_ae_plain_latent,lost_attacks,Worms,1
Exploits,123,0.01,fusion_ae_plain_latent,persistent_attack_misses,Analysis,136
Exploits,123,0.01,fusion_ae_plain_latent,persistent_attack_misses,Backdoor,86
Exploits,123,0.01,fusion_ae_plain_latent,persistent_attack_misses,DoS,608
Exploits,123,0.01,fusion_ae_plain_latent,persistent_attack_misses,Exploits,3806
Exploits,123,0.01,fusion_ae_plain_latent,persistent_attack_misses,Fuzzers,1806
Exploits,123,0.01,fusion_ae_plain_latent,persistent_attack_misses,Generic,34
Exploits,123,0.01,fusion_ae_plain_latent,persistent_attack_misses,Reconnaissance,130
Exploits,123,0.01,fusion_ae_plain_latent,persistent_attack_misses,Shellcode,30
Exploits,123,0.01,fusion_ae_plain_latent,persistent_attack_misses,Worms,2
Exploits,123,0.01,fusion_ae_plain_latent,retained_attack_detections,Analysis,1296
Exploits,123,0.01,fusion_ae_plain_latent,retained_attack_detections,Backdoor,1216
Exploits,123,0.01,fusion_ae_plain_latent,retained_attack_detections,DoS,9401
Exploits,123,0.01,fusion_ae_plain_latent,retained_attack_detections,Exploits,27922
Exploits,123,0.01,fusion_ae_plain_latent,retained_attack_detections,Fuzzers,1941
Exploits,123,0.01,fusion_ae_plain_latent,retained_attack_detections,Generic,6115
Exploits,123,0.01,fusion_ae_plain_latent,retained_attack_detections,Reconnaissance,2777
Exploits,123,0.01,fusion_ae_plain_latent,retained_attack_detections,Shellcode,130
Exploits,123,0.01,fusion_ae_plain_latent,retained_attack_detections,Worms,29
Exploits,123,0.01,selective_fusion,recovered_attacks,Analysis,0
Exploits,123,0.01,selective_fusion,recovered_attacks,Backdoor,0
Exploits,123,0.01,selective_fusion,recovered_attacks,DoS,0
Exploits,123,0.01,selective_fusion,recovered_attacks,Exploits,8
Exploits,123,0.01,selective_fusion,recovered_attacks,Fuzzers,1
Exploits,123,0.01,selective_fusion,recovered_attacks,Generic,0
Exploits,123,0.01,selective_fusion,recovered_attacks,Reconnaissance,0
Exploits,123,0.01,selective_fusion,recovered_attacks,Shellcode,0
Exploits,123,0.01,selective_fusion,recovered_attacks,Worms,0
Exploits,123,0.01,selective_fusion,lost_attacks,Analysis,0
Exploits,123,0.01,selective_fusion,lost_attacks,Backdoor,0
Exploits,123,0.01,selective_fusion,lost_attacks,DoS,0
Exploits,123,0.01,selective_fusion,lost_attacks,Exploits,0
Exploits,123,0.01,selective_fusion,lost_attacks,Fuzzers,0
Exploits,123,0.01,selective_fusion,lost_attacks,Generic,0
Exploits,123,0.01,selective_fusion,lost_attacks,Reconnaissance,0
Exploits,123,0.01,selective_fusion,lost_attacks,Shellcode,0
Exploits,123,0.01,selective_fusion,lost_attacks,Worms,0
Exploits,123,0.01,selective_fusion,persistent_attack_misses,Analysis,149
Exploits,123,0.01,selective_fusion,persistent_attack_misses,Backdoor,95
Exploits,123,0.01,selective_fusion,persistent_attack_misses,DoS,694
Exploits,123,0.01,selective_fusion,persistent_attack_misses,Exploits,5198
Exploits,123,0.01,selective_fusion,persistent_attack_misses,Fuzzers,1870
Exploits,123,0.01,selective_fusion,persistent_attack_misses,Generic,46
Exploits,123,0.01,selective_fusion,persistent_attack_misses,Reconnaissance,146
Exploits,123,0.01,selective_fusion,persistent_attack_misses,Shellcode,30
Exploits,123,0.01,selective_fusion,persistent_attack_misses,Worms,3
Exploits,123,0.01,selective_fusion,retained_attack_detections,Analysis,1296
Exploits,123,0.01,selective_fusion,retained_attack_detections,Backdoor,1216
Exploits,123,0.01,selective_fusion,retained_attack_detections,DoS,9407
Exploits,123,0.01,selective_fusion,retained_attack_detections,Exploits,28187
Exploits,123,0.01,selective_fusion,retained_attack_detections,Fuzzers,2085
Exploits,123,0.01,selective_fusion,retained_attack_detections,Generic,6121
Exploits,123,0.01,selective_fusion,retained_attack_detections,Reconnaissance,2784
Exploits,123,0.01,selective_fusion,retained_attack_detections,Shellcode,140
Exploits,123,0.01,selective_fusion,retained_attack_detections,Worms,30
Exploits,123,0.03,fusion_ae_plain_latent,recovered_attacks,Analysis,13
Exploits,123,0.03,fusion_ae_plain_latent,recovered_attacks,Backdoor,0
Exploits,123,0.03,fusion_ae_plain_latent,recovered_attacks,DoS,12
Exploits,123,0.03,fusion_ae_plain_latent,recovered_attacks,Exploits,574
Exploits,123,0.03,fusion_ae_plain_latent,recovered_attacks,Fuzzers,26
Exploits,123,0.03,fusion_ae_plain_latent,recovered_attacks,Generic,1
Exploits,123,0.03,fusion_ae_plain_latent,recovered_attacks,Reconnaissance,0
Exploits,123,0.03,fusion_ae_plain_latent,recovered_attacks,Shellcode,0
Exploits,123,0.03,fusion_ae_plain_latent,recovered_attacks,Worms,0
Exploits,123,0.03,fusion_ae_plain_latent,lost_attacks,Analysis,0
Exploits,123,0.03,fusion_ae_plain_latent,lost_attacks,Backdoor,0
Exploits,123,0.03,fusion_ae_plain_latent,lost_attacks,DoS,2
Exploits,123,0.03,fusion_ae_plain_latent,lost_attacks,Exploits,58
Exploits,123,0.03,fusion_ae_plain_latent,lost_attacks,Fuzzers,84
Exploits,123,0.03,fusion_ae_plain_latent,lost_attacks,Generic,1
Exploits,123,0.03,fusion_ae_plain_latent,lost_attacks,Reconnaissance,2
Exploits,123,0.03,fusion_ae_plain_latent,lost_attacks,Shellcode,3
Exploits,123,0.03,fusion_ae_plain_latent,lost_attacks,Worms,0
Exploits,123,0.03,fusion_ae_plain_latent,persistent_attack_misses,Analysis,64
Exploits,123,0.03,fusion_ae_plain_latent,persistent_attack_misses,Backdoor,44
Exploits,123,0.03,fusion_ae_plain_latent,persistent_attack_misses,DoS,253
Exploits,123,0.03,fusion_ae_plain_latent,persistent_attack_misses,Exploits,1937
Exploits,123,0.03,fusion_ae_plain_latent,persistent_attack_misses,Fuzzers,1159
Exploits,123,0.03,fusion_ae_plain_latent,persistent_attack_misses,Generic,17
Exploits,123,0.03,fusion_ae_plain_latent,persistent_attack_misses,Reconnaissance,63
Exploits,123,0.03,fusion_ae_plain_latent,persistent_attack_misses,Shellcode,10
Exploits,123,0.03,fusion_ae_plain_latent,persistent_attack_misses,Worms,0
Exploits,123,0.03,fusion_ae_plain_latent,retained_attack_detections,Analysis,1368
Exploits,123,0.03,fusion_ae_plain_latent,retained_attack_detections,Backdoor,1267
Exploits,123,0.03,fusion_ae_plain_latent,retained_attack_detections,DoS,9834
Exploits,123,0.03,fusion_ae_plain_latent,retained_attack_detections,Exploits,30824
Exploits,123,0.03,fusion_ae_plain_latent,retained_attack_detections,Fuzzers,2687
Exploits,123,0.03,fusion_ae_plain_latent,retained_attack_detections,Generic,6148
Exploits,123,0.03,fusion_ae_plain_latent,retained_attack_detections,Reconnaissance,2865
Exploits,123,0.03,fusion_ae_plain_latent,retained_attack_detections,Shellcode,157
Exploits,123,0.03,fusion_ae_plain_latent,retained_attack_detections,Worms,33
Exploits,123,0.03,selective_fusion,recovered_attacks,Analysis,0
Exploits,123,0.03,selective_fusion,recovered_attacks,Backdoor,0
Exploits,123,0.03,selective_fusion,recovered_attacks,DoS,0
Exploits,123,0.03,selective_fusion,recovered_attacks,Exploits,1
Exploits,123,0.03,selective_fusion,recovered_attacks,Fuzzers,0
Exploits,123,0.03,selective_fusion,recovered_attacks,Generic,0
Exploits,123,0.03,selective_fusion,recovered_attacks,Reconnaissance,0
Exploits,123,0.03,selective_fusion,recovered_attacks,Shellcode,0
Exploits,123,0.03,selective_fusion,recovered_attacks,Worms,0
Exploits,123,0.03,selective_fusion,lost_attacks,Analysis,0
Exploits,123,0.03,selective_fusion,lost_attacks,Backdoor,0
Exploits,123,0.03,selective_fusion,lost_attacks,DoS,0
Exploits,123,0.03,selective_fusion,lost_attacks,Exploits,0
Exploits,123,0.03,selective_fusion,lost_attacks,Fuzzers,0
Exploits,123,0.03,selective_fusion,lost_attacks,Generic,0
Exploits,123,0.03,selective_fusion,lost_attacks,Reconnaissance,0
Exploits,123,0.03,selective_fusion,lost_attacks,Shellcode,0
Exploits,123,0.03,selective_fusion,lost_attacks,Worms,0
Exploits,123,0.03,selective_fusion,persistent_attack_misses,Analysis,77
Exploits,123,0.03,selective_fusion,persistent_attack_misses,Backdoor,44
Exploits,123,0.03,selective_fusion,persistent_attack_misses,DoS,265
Exploits,123,0.03,selective_fusion,persistent_attack_misses,Exploits,2510
Exploits,123,0.03,selective_fusion,persistent_attack_misses,Fuzzers,1185
Exploits,123,0.03,selective_fusion,persistent_attack_misses,Generic,18
Exploits,123,0.03,selective_fusion,persistent_attack_misses,Reconnaissance,63
Exploits,123,0.03,selective_fusion,persistent_attack_misses,Shellcode,10
Exploits,123,0.03,selective_fusion,persistent_attack_misses,Worms,0
Exploits,123,0.03,selective_fusion,retained_attack_detections,Analysis,1368
Exploits,123,0.03,selective_fusion,retained_attack_detections,Backdoor,1267
Exploits,123,0.03,selective_fusion,retained_attack_detections,DoS,9836
Exploits,123,0.03,selective_fusion,retained_attack_detections,Exploits,30882
Exploits,123,0.03,selective_fusion,retained_attack_detections,Fuzzers,2771
Exploits,123,0.03,selective_fusion,retained_attack_detections,Generic,6149
Exploits,123,0.03,selective_fusion,retained_attack_detections,Reconnaissance,2867
Exploits,123,0.03,selective_fusion,retained_attack_detections,Shellcode,160
Exploits,123,0.03,selective_fusion,retained_attack_detections,Worms,33
Exploits,123,0.05,fusion_ae_plain_latent,recovered_attacks,Analysis,10
Exploits,123,0.05,fusion_ae_plain_latent,recovered_attacks,Backdoor,2
Exploits,123,0.05,fusion_ae_plain_latent,recovered_attacks,DoS,11
Exploits,123,0.05,fusion_ae_plain_latent,recovered_attacks,Exploits,412
Exploits,123,0.05,fusion_ae_plain_latent,recovered_attacks,Fuzzers,28
Exploits,123,0.05,fusion_ae_plain_latent,recovered_attacks,Generic,0
Exploits,123,0.05,fusion_ae_plain_latent,recovered_attacks,Reconnaissance,2
Exploits,123,0.05,fusion_ae_plain_latent,recovered_attacks,Shellcode,0
Exploits,123,0.05,fusion_ae_plain_latent,recovered_attacks,Worms,0
Exploits,123,0.05,fusion_ae_plain_latent,lost_attacks,Analysis,0
Exploits,123,0.05,fusion_ae_plain_latent,lost_attacks,Backdoor,0
Exploits,123,0.05,fusion_ae_plain_latent,lost_attacks,DoS,1
Exploits,123,0.05,fusion_ae_plain_latent,lost_attacks,Exploits,24
Exploits,123,0.05,fusion_ae_plain_latent,lost_attacks,Fuzzers,30
Exploits,123,0.05,fusion_ae_plain_latent,lost_attacks,Generic,0
Exploits,123,0.05,fusion_ae_plain_latent,lost_attacks,Reconnaissance,0
Exploits,123,0.05,fusion_ae_plain_latent,lost_attacks,Shellcode,0
Exploits,123,0.05,fusion_ae_plain_latent,lost_attacks,Worms,0
Exploits,123,0.05,fusion_ae_plain_latent,persistent_attack_misses,Analysis,53
Exploits,123,0.05,fusion_ae_plain_latent,persistent_attack_misses,Backdoor,34
Exploits,123,0.05,fusion_ae_plain_latent,persistent_attack_misses,DoS,193
Exploits,123,0.05,fusion_ae_plain_latent,persistent_attack_misses,Exploits,1314
Exploits,123,0.05,fusion_ae_plain_latent,persistent_attack_misses,Fuzzers,746
Exploits,123,0.05,fusion_ae_plain_latent,persistent_attack_misses,Generic,12
Exploits,123,0.05,fusion_ae_plain_latent,persistent_attack_misses,Reconnaissance,54
Exploits,123,0.05,fusion_ae_plain_latent,persistent_attack_misses,Shellcode,7
Exploits,123,0.05,fusion_ae_plain_latent,persistent_attack_misses,Worms,0
Exploits,123,0.05,fusion_ae_plain_latent,retained_attack_detections,Analysis,1382
Exploits,123,0.05,fusion_ae_plain_latent,retained_attack_detections,Backdoor,1275
Exploits,123,0.05,fusion_ae_plain_latent,retained_attack_detections,DoS,9896
Exploits,123,0.05,fusion_ae_plain_latent,retained_attack_detections,Exploits,31643
Exploits,123,0.05,fusion_ae_plain_latent,retained_attack_detections,Fuzzers,3152
Exploits,123,0.05,fusion_ae_plain_latent,retained_attack_detections,Generic,6155
Exploits,123,0.05,fusion_ae_plain_latent,retained_attack_detections,Reconnaissance,2874
Exploits,123,0.05,fusion_ae_plain_latent,retained_attack_detections,Shellcode,163
Exploits,123,0.05,fusion_ae_plain_latent,retained_attack_detections,Worms,33
Exploits,123,0.05,selective_fusion,recovered_attacks,Analysis,4
Exploits,123,0.05,selective_fusion,recovered_attacks,Backdoor,0
Exploits,123,0.05,selective_fusion,recovered_attacks,DoS,3
Exploits,123,0.05,selective_fusion,recovered_attacks,Exploits,263
Exploits,123,0.05,selective_fusion,recovered_attacks,Fuzzers,1
Exploits,123,0.05,selective_fusion,recovered_attacks,Generic,0
Exploits,123,0.05,selective_fusion,recovered_attacks,Reconnaissance,0
Exploits,123,0.05,selective_fusion,recovered_attacks,Shellcode,0
Exploits,123,0.05,selective_fusion,recovered_attacks,Worms,0
Exploits,123,0.05,selective_fusion,lost_attacks,Analysis,0
Exploits,123,0.05,selective_fusion,lost_attacks,Backdoor,0
Exploits,123,0.05,selective_fusion,lost_attacks,DoS,0
Exploits,123,0.05,selective_fusion,lost_attacks,Exploits,0
Exploits,123,0.05,selective_fusion,lost_attacks,Fuzzers,0
Exploits,123,0.05,selective_fusion,lost_attacks,Generic,0
Exploits,123,0.05,selective_fusion,lost_attacks,Reconnaissance,0
Exploits,123,0.05,selective_fusion,lost_attacks,Shellcode,0
Exploits,123,0.05,selective_fusion,lost_attacks,Worms,0
Exploits,123,0.05,selective_fusion,persistent_attack_misses,Analysis,59
Exploits,123,0.05,selective_fusion,persistent_attack_misses,Backdoor,36
Exploits,123,0.05,selective_fusion,persistent_attack_misses,DoS,201
Exploits,123,0.05,selective_fusion,persistent_attack_misses,Exploits,1463
Exploits,123,0.05,selective_fusion,persistent_attack_misses,Fuzzers,773
Exploits,123,0.05,selective_fusion,persistent_attack_misses,Generic,12
Exploits,123,0.05,selective_fusion,persistent_attack_misses,Reconnaissance,56
Exploits,123,0.05,selective_fusion,persistent_attack_misses,Shellcode,7
Exploits,123,0.05,selective_fusion,persistent_attack_misses,Worms,0
Exploits,123,0.05,selective_fusion,retained_attack_detections,Analysis,1382
Exploits,123,0.05,selective_fusion,retained_attack_detections,Backdoor,1275
Exploits,123,0.05,selective_fusion,retained_attack_detections,DoS,9897
Exploits,123,0.05,selective_fusion,retained_attack_detections,Exploits,31667
Exploits,123,0.05,selective_fusion,retained_attack_detections,Fuzzers,3182
Exploits,123,0.05,selective_fusion,retained_attack_detections,Generic,6155
Exploits,123,0.05,selective_fusion,retained_attack_detections,Reconnaissance,2874
Exploits,123,0.05,selective_fusion,retained_attack_detections,Shellcode,163
Exploits,123,0.05,selective_fusion,retained_attack_detections,Worms,33
Exploits,2026,0.01,fusion_ae_plain_latent,recovered_attacks,Analysis,68
Exploits,2026,0.01,fusion_ae_plain_latent,recovered_attacks,Backdoor,45
Exploits,2026,0.01,fusion_ae_plain_latent,recovered_attacks,DoS,454
Exploits,2026,0.01,fusion_ae_plain_latent,recovered_attacks,Exploits,2270
Exploits,2026,0.01,fusion_ae_plain_latent,recovered_attacks,Fuzzers,127
Exploits,2026,0.01,fusion_ae_plain_latent,recovered_attacks,Generic,31
Exploits,2026,0.01,fusion_ae_plain_latent,recovered_attacks,Reconnaissance,86
Exploits,2026,0.01,fusion_ae_plain_latent,recovered_attacks,Shellcode,0
Exploits,2026,0.01,fusion_ae_plain_latent,recovered_attacks,Worms,0
Exploits,2026,0.01,fusion_ae_plain_latent,lost_attacks,Analysis,0
Exploits,2026,0.01,fusion_ae_plain_latent,lost_attacks,Backdoor,7
Exploits,2026,0.01,fusion_ae_plain_latent,lost_attacks,DoS,6
Exploits,2026,0.01,fusion_ae_plain_latent,lost_attacks,Exploits,268
Exploits,2026,0.01,fusion_ae_plain_latent,lost_attacks,Fuzzers,176
Exploits,2026,0.01,fusion_ae_plain_latent,lost_attacks,Generic,5
Exploits,2026,0.01,fusion_ae_plain_latent,lost_attacks,Reconnaissance,16
Exploits,2026,0.01,fusion_ae_plain_latent,lost_attacks,Shellcode,11
Exploits,2026,0.01,fusion_ae_plain_latent,lost_attacks,Worms,0
Exploits,2026,0.01,fusion_ae_plain_latent,persistent_attack_misses,Analysis,126
Exploits,2026,0.01,fusion_ae_plain_latent,persistent_attack_misses,Backdoor,87
Exploits,2026,0.01,fusion_ae_plain_latent,persistent_attack_misses,DoS,685
Exploits,2026,0.01,fusion_ae_plain_latent,persistent_attack_misses,Exploits,3877
Exploits,2026,0.01,fusion_ae_plain_latent,persistent_attack_misses,Fuzzers,1739
Exploits,2026,0.01,fusion_ae_plain_latent,persistent_attack_misses,Generic,31
Exploits,2026,0.01,fusion_ae_plain_latent,persistent_attack_misses,Reconnaissance,149
Exploits,2026,0.01,fusion_ae_plain_latent,persistent_attack_misses,Shellcode,29
Exploits,2026,0.01,fusion_ae_plain_latent,persistent_attack_misses,Worms,6
Exploits,2026,0.01,fusion_ae_plain_latent,retained_attack_detections,Analysis,1246
Exploits,2026,0.01,fusion_ae_plain_latent,retained_attack_detections,Backdoor,1173
Exploits,2026,0.01,fusion_ae_plain_latent,retained_attack_detections,DoS,8954
Exploits,2026,0.01,fusion_ae_plain_latent,retained_attack_detections,Exploits,26978
Exploits,2026,0.01,fusion_ae_plain_latent,retained_attack_detections,Fuzzers,1904
Exploits,2026,0.01,fusion_ae_plain_latent,retained_attack_detections,Generic,6044
Exploits,2026,0.01,fusion_ae_plain_latent,retained_attack_detections,Reconnaissance,2812
Exploits,2026,0.01,fusion_ae_plain_latent,retained_attack_detections,Shellcode,136
Exploits,2026,0.01,fusion_ae_plain_latent,retained_attack_detections,Worms,30
Exploits,2026,0.01,selective_fusion,recovered_attacks,Analysis,7
Exploits,2026,0.01,selective_fusion,recovered_attacks,Backdoor,10
Exploits,2026,0.01,selective_fusion,recovered_attacks,DoS,63
Exploits,2026,0.01,selective_fusion,recovered_attacks,Exploits,1464
Exploits,2026,0.01,selective_fusion,recovered_attacks,Fuzzers,15
Exploits,2026,0.01,selective_fusion,recovered_attacks,Generic,10
Exploits,2026,0.01,selective_fusion,recovered_attacks,Reconnaissance,18
Exploits,2026,0.01,selective_fusion,recovered_attacks,Shellcode,0
Exploits,2026,0.01,selective_fusion,recovered_attacks,Worms,0
Exploits,2026,0.01,selective_fusion,lost_attacks,Analysis,0
Exploits,2026,0.01,selective_fusion,lost_attacks,Backdoor,0
Exploits,2026,0.01,selective_fusion,lost_attacks,DoS,0
Exploits,2026,0.01,selective_fusion,lost_attacks,Exploits,0
Exploits,2026,0.01,selective_fusion,lost_attacks,Fuzzers,0
Exploits,2026,0.01,selective_fusion,lost_attacks,Generic,0
Exploits,2026,0.01,selective_fusion,lost_attacks,Reconnaissance,0
Exploits,2026,0.01,selective_fusion,lost_attacks,Shellcode,0
Exploits,2026,0.01,selective_fusion,lost_attacks,Worms,0
Exploits,2026,0.01,selective_fusion,persistent_attack_misses,Analysis,187
Exploits,2026,0.01,selective_fusion,persistent_attack_misses,Backdoor,122
Exploits,2026,0.01,selective_fusion,persistent_attack_misses,DoS,1076
Exploits,2026,0.01,selective_fusion,persistent_attack_misses,Exploits,4683
Exploits,2026,0.01,selective_fusion,persistent_attack_misses,Fuzzers,1851
Exploits,2026,0.01,selective_fusion,persistent_attack_misses,Generic,52
Exploits,2026,0.01,selective_fusion,persistent_attack_misses,Reconnaissance,217
Exploits,2026,0.01,selective_fusion,persistent_attack_misses,Shellcode,29
Exploits,2026,0.01,selective_fusion,persistent_attack_misses,Worms,6
Exploits,2026,0.01,selective_fusion,retained_attack_detections,Analysis,1246
Exploits,2026,0.01,selective_fusion,retained_attack_detections,Backdoor,1180
Exploits,2026,0.01,selective_fusion,retained_attack_detections,DoS,8960
Exploits,2026,0.01,selective_fusion,retained_attack_detections,Exploits,27246
Exploits,2026,0.01,selective_fusion,retained_attack_detections,Fuzzers,2080
Exploits,2026,0.01,selective_fusion,retained_attack_detections,Generic,6049
Exploits,2026,0.01,selective_fusion,retained_attack_detections,Reconnaissance,2828
Exploits,2026,0.01,selective_fusion,retained_attack_detections,Shellcode,147
Exploits,2026,0.01,selective_fusion,retained_attack_detections,Worms,30
Exploits,2026,0.03,fusion_ae_plain_latent,recovered_attacks,Analysis,15
Exploits,2026,0.03,fusion_ae_plain_latent,recovered_attacks,Backdoor,4
Exploits,2026,0.03,fusion_ae_plain_latent,recovered_attacks,DoS,40
Exploits,2026,0.03,fusion_ae_plain_latent,recovered_attacks,Exploits,650
Exploits,2026,0.03,fusion_ae_plain_latent,recovered_attacks,Fuzzers,21
Exploits,2026,0.03,fusion_ae_plain_latent,recovered_attacks,Generic,1
Exploits,2026,0.03,fusion_ae_plain_latent,recovered_attacks,Reconnaissance,7
Exploits,2026,0.03,fusion_ae_plain_latent,recovered_attacks,Shellcode,1
Exploits,2026,0.03,fusion_ae_plain_latent,recovered_attacks,Worms,1
Exploits,2026,0.03,fusion_ae_plain_latent,lost_attacks,Analysis,0
Exploits,2026,0.03,fusion_ae_plain_latent,lost_attacks,Backdoor,1
Exploits,2026,0.03,fusion_ae_plain_latent,lost_attacks,DoS,3
Exploits,2026,0.03,fusion_ae_plain_latent,lost_attacks,Exploits,44
Exploits,2026,0.03,fusion_ae_plain_latent,lost_attacks,Fuzzers,46
Exploits,2026,0.03,fusion_ae_plain_latent,lost_attacks,Generic,0
Exploits,2026,0.03,fusion_ae_plain_latent,lost_attacks,Reconnaissance,1
Exploits,2026,0.03,fusion_ae_plain_latent,lost_attacks,Shellcode,1
Exploits,2026,0.03,fusion_ae_plain_latent,lost_attacks,Worms,0
Exploits,2026,0.03,fusion_ae_plain_latent,persistent_attack_misses,Analysis,53
Exploits,2026,0.03,fusion_ae_plain_latent,persistent_attack_misses,Backdoor,40
Exploits,2026,0.03,fusion_ae_plain_latent,persistent_attack_misses,DoS,248
Exploits,2026,0.03,fusion_ae_plain_latent,persistent_attack_misses,Exploits,1861
Exploits,2026,0.03,fusion_ae_plain_latent,persistent_attack_misses,Fuzzers,1168
Exploits,2026,0.03,fusion_ae_plain_latent,persistent_attack_misses,Generic,11
Exploits,2026,0.03,fusion_ae_plain_latent,persistent_attack_misses,Reconnaissance,64
Exploits,2026,0.03,fusion_ae_plain_latent,persistent_attack_misses,Shellcode,10
Exploits,2026,0.03,fusion_ae_plain_latent,persistent_attack_misses,Worms,0
Exploits,2026,0.03,fusion_ae_plain_latent,retained_attack_detections,Analysis,1372
Exploits,2026,0.03,fusion_ae_plain_latent,retained_attack_detections,Backdoor,1267
Exploits,2026,0.03,fusion_ae_plain_latent,retained_attack_detections,DoS,9808
Exploits,2026,0.03,fusion_ae_plain_latent,retained_attack_detections,Exploits,30838
Exploits,2026,0.03,fusion_ae_plain_latent,retained_attack_detections,Fuzzers,2711
Exploits,2026,0.03,fusion_ae_plain_latent,retained_attack_detections,Generic,6099
Exploits,2026,0.03,fusion_ae_plain_latent,retained_attack_detections,Reconnaissance,2991
Exploits,2026,0.03,fusion_ae_plain_latent,retained_attack_detections,Shellcode,164
Exploits,2026,0.03,fusion_ae_plain_latent,retained_attack_detections,Worms,35
Exploits,2026,0.03,selective_fusion,recovered_attacks,Analysis,3
Exploits,2026,0.03,selective_fusion,recovered_attacks,Backdoor,1
Exploits,2026,0.03,selective_fusion,recovered_attacks,DoS,12
Exploits,2026,0.03,selective_fusion,recovered_attacks,Exploits,551
Exploits,2026,0.03,selective_fusion,recovered_attacks,Fuzzers,2
Exploits,2026,0.03,selective_fusion,recovered_attacks,Generic,0
Exploits,2026,0.03,selective_fusion,recovered_attacks,Reconnaissance,3
Exploits,2026,0.03,selective_fusion,recovered_attacks,Shellcode,0
Exploits,2026,0.03,selective_fusion,recovered_attacks,Worms,0
Exploits,2026,0.03,selective_fusion,lost_attacks,Analysis,0
Exploits,2026,0.03,selective_fusion,lost_attacks,Backdoor,0
Exploits,2026,0.03,selective_fusion,lost_attacks,DoS,0
Exploits,2026,0.03,selective_fusion,lost_attacks,Exploits,0
Exploits,2026,0.03,selective_fusion,lost_attacks,Fuzzers,0
Exploits,2026,0.03,selective_fusion,lost_attacks,Generic,0
Exploits,2026,0.03,selective_fusion,lost_attacks,Reconnaissance,0
Exploits,2026,0.03,selective_fusion,lost_attacks,Shellcode,0
Exploits,2026,0.03,selective_fusion,lost_attacks,Worms,0
Exploits,2026,0.03,selective_fusion,persistent_attack_misses,Analysis,65
Exploits,2026,0.03,selective_fusion,persistent_attack_misses,Backdoor,43
Exploits,2026,0.03,selective_fusion,persistent_attack_misses,DoS,276
Exploits,2026,0.03,selective_fusion,persistent_attack_misses,Exploits,1960
Exploits,2026,0.03,selective_fusion,persistent_attack_misses,Fuzzers,1187
Exploits,2026,0.03,selective_fusion,persistent_attack_misses,Generic,12
Exploits,2026,0.03,selective_fusion,persistent_attack_misses,Reconnaissance,68
Exploits,2026,0.03,selective_fusion,persistent_attack_misses,Shellcode,11
Exploits,2026,0.03,selective_fusion,persistent_attack_misses,Worms,1
Exploits,2026,0.03,selective_fusion,retained_attack_detections,Analysis,1372
Exploits,2026,0.03,selective_fusion,retained_attack_detections,Backdoor,1268
Exploits,2026,0.03,selective_fusion,retained_attack_detections,DoS,9811
Exploits,2026,0.03,selective_fusion,retained_attack_detections,Exploits,30882
Exploits,2026,0.03,selective_fusion,retained_attack_detections,Fuzzers,2757
Exploits,2026,0.03,selective_fusion,retained_attack_detections,Generic,6099
Exploits,2026,0.03,selective_fusion,retained_attack_detections,Reconnaissance,2992
Exploits,2026,0.03,selective_fusion,retained_attack_detections,Shellcode,165
Exploits,2026,0.03,selective_fusion,retained_attack_detections,Worms,35
Exploits,2026,0.05,fusion_ae_plain_latent,recovered_attacks,Analysis,3
Exploits,2026,0.05,fusion_ae_plain_latent,recovered_attacks,Backdoor,0
Exploits,2026,0.05,fusion_ae_plain_latent,recovered_attacks,DoS,8
Exploits,2026,0.05,fusion_ae_plain_latent,recovered_attacks,Exploits,403
Exploits,2026,0.05,fusion_ae_plain_latent,recovered_attacks,Fuzzers,31
Exploits,2026,0.05,fusion_ae_plain_latent,recovered_attacks,Generic,0
Exploits,2026,0.05,fusion_ae_plain_latent,recovered_attacks,Reconnaissance,1
Exploits,2026,0.05,fusion_ae_plain_latent,recovered_attacks,Shellcode,0
Exploits,2026,0.05,fusion_ae_plain_latent,recovered_attacks,Worms,0
Exploits,2026,0.05,fusion_ae_plain_latent,lost_attacks,Analysis,0
Exploits,2026,0.05,fusion_ae_plain_latent,lost_attacks,Backdoor,0
Exploits,2026,0.05,fusion_ae_plain_latent,lost_attacks,DoS,0
Exploits,2026,0.05,fusion_ae_plain_latent,lost_attacks,Exploits,26
Exploits,2026,0.05,fusion_ae_plain_latent,lost_attacks,Fuzzers,48
Exploits,2026,0.05,fusion_ae_plain_latent,lost_attacks,Generic,0
Exploits,2026,0.05,fusion_ae_plain_latent,lost_attacks,Reconnaissance,0
Exploits,2026,0.05,fusion_ae_plain_latent,lost_attacks,Shellcode,1
Exploits,2026,0.05,fusion_ae_plain_latent,lost_attacks,Worms,0
Exploits,2026,0.05,fusion_ae_plain_latent,persistent_attack_misses,Analysis,50
Exploits,2026,0.05,fusion_ae_plain_latent,persistent_attack_misses,Backdoor,38
Exploits,2026,0.05,fusion_ae_plain_latent,persistent_attack_misses,DoS,233
Exploits,2026,0.05,fusion_ae_plain_latent,persistent_attack_misses,Exploits,1382
Exploits,2026,0.05,fusion_ae_plain_latent,persistent_attack_misses,Fuzzers,831
Exploits,2026,0.05,fusion_ae_plain_latent,persistent_attack_misses,Generic,10
Exploits,2026,0.05,fusion_ae_plain_latent,persistent_attack_misses,Reconnaissance,60
Exploits,2026,0.05,fusion_ae_plain_latent,persistent_attack_misses,Shellcode,5
Exploits,2026,0.05,fusion_ae_plain_latent,persistent_attack_misses,Worms,0
Exploits,2026,0.05,fusion_ae_plain_latent,retained_attack_detections,Analysis,1387
Exploits,2026,0.05,fusion_ae_plain_latent,retained_attack_detections,Backdoor,1274
Exploits,2026,0.05,fusion_ae_plain_latent,retained_attack_detections,DoS,9858
Exploits,2026,0.05,fusion_ae_plain_latent,retained_attack_detections,Exploits,31582
Exploits,2026,0.05,fusion_ae_plain_latent,retained_attack_detections,Fuzzers,3036
Exploits,2026,0.05,fusion_ae_plain_latent,retained_attack_detections,Generic,6101
Exploits,2026,0.05,fusion_ae_plain_latent,retained_attack_detections,Reconnaissance,3002
Exploits,2026,0.05,fusion_ae_plain_latent,retained_attack_detections,Shellcode,170
Exploits,2026,0.05,fusion_ae_plain_latent,retained_attack_detections,Worms,36
Exploits,2026,0.05,selective_fusion,recovered_attacks,Analysis,0
Exploits,2026,0.05,selective_fusion,recovered_attacks,Backdoor,0
Exploits,2026,0.05,selective_fusion,recovered_attacks,DoS,3
Exploits,2026,0.05,selective_fusion,recovered_attacks,Exploits,183
Exploits,2026,0.05,selective_fusion,recovered_attacks,Fuzzers,0
Exploits,2026,0.05,selective_fusion,recovered_attacks,Generic,0
Exploits,2026,0.05,selective_fusion,recovered_attacks,Reconnaissance,1
Exploits,2026,0.05,selective_fusion,recovered_attacks,Shellcode,0
Exploits,2026,0.05,selective_fusion,recovered_attacks,Worms,0
Exploits,2026,0.05,selective_fusion,lost_attacks,Analysis,0
Exploits,2026,0.05,selective_fusion,lost_attacks,Backdoor,0
Exploits,2026,0.05,selective_fusion,lost_attacks,DoS,0
Exploits,2026,0.05,selective_fusion,lost_attacks,Exploits,0
Exploits,2026,0.05,selective_fusion,lost_attacks,Fuzzers,0
Exploits,2026,0.05,selective_fusion,lost_attacks,Generic,0
Exploits,2026,0.05,selective_fusion,lost_attacks,Reconnaissance,0
Exploits,2026,0.05,selective_fusion,lost_attacks,Shellcode,0
Exploits,2026,0.05,selective_fusion,lost_attacks,Worms,0
Exploits,2026,0.05,selective_fusion,persistent_attack_misses,Analysis,53
Exploits,2026,0.05,selective_fusion,persistent_attack_misses,Backdoor,38
Exploits,2026,0.05,selective_fusion,persistent_attack_misses,DoS,238
Exploits,2026,0.05,selective_fusion,persistent_attack_misses,Exploits,1602
Exploits,2026,0.05,selective_fusion,persistent_attack_misses,Fuzzers,862
Exploits,2026,0.05,selective_fusion,persistent_attack_misses,Generic,10
Exploits,2026,0.05,selective_fusion,persistent_attack_misses,Reconnaissance,60
Exploits,2026,0.05,selective_fusion,persistent_attack_misses,Shellcode,5
Exploits,2026,0.05,selective_fusion,persistent_attack_misses,Worms,0
Exploits,2026,0.05,selective_fusion,retained_attack_detections,Analysis,1387
Exploits,2026,0.05,selective_fusion,retained_attack_detections,Backdoor,1274
Exploits,2026,0.05,selective_fusion,retained_attack_detections,DoS,9858
Exploits,2026,0.05,selective_fusion,retained_attack_detections,Exploits,31608
Exploits,2026,0.05,selective_fusion,retained_attack_detections,Fuzzers,3084
Exploits,2026,0.05,selective_fusion,retained_attack_detections,Generic,6101
Exploits,2026,0.05,selective_fusion,retained_attack_detections,Reconnaissance,3002
Exploits,2026,0.05,selective_fusion,retained_attack_detections,Shellcode,171
Exploits,2026,0.05,selective_fusion,retained_attack_detections,Worms,36
Reconnaissance,42,0.01,fusion_ae_plain_latent,recovered_attacks,Analysis,66
Reconnaissance,42,0.01,fusion_ae_plain_latent,recovered_attacks,Backdoor,56
Reconnaissance,42,0.01,fusion_ae_plain_latent,recovered_attacks,DoS,444
Reconnaissance,42,0.01,fusion_ae_plain_latent,recovered_attacks,Exploits,697
Reconnaissance,42,0.01,fusion_ae_plain_latent,recovered_attacks,Fuzzers,127
Reconnaissance,42,0.01,fusion_ae_plain_latent,recovered_attacks,Generic,18
Reconnaissance,42,0.01,fusion_ae_plain_latent,recovered_attacks,Reconnaissance,466
Reconnaissance,42,0.01,fusion_ae_plain_latent,recovered_attacks,Shellcode,3
Reconnaissance,42,0.01,fusion_ae_plain_latent,recovered_attacks,Worms,0
Reconnaissance,42,0.01,fusion_ae_plain_latent,lost_attacks,Analysis,0
Reconnaissance,42,0.01,fusion_ae_plain_latent,lost_attacks,Backdoor,1
Reconnaissance,42,0.01,fusion_ae_plain_latent,lost_attacks,DoS,6
Reconnaissance,42,0.01,fusion_ae_plain_latent,lost_attacks,Exploits,29
Reconnaissance,42,0.01,fusion_ae_plain_latent,lost_attacks,Fuzzers,138
Reconnaissance,42,0.01,fusion_ae_plain_latent,lost_attacks,Generic,2
Reconnaissance,42,0.01,fusion_ae_plain_latent,lost_attacks,Reconnaissance,15
Reconnaissance,42,0.01,fusion_ae_plain_latent,lost_attacks,Shellcode,10
Reconnaissance,42,0.01,fusion_ae_plain_latent,lost_attacks,Worms,0
Reconnaissance,42,0.01,fusion_ae_plain_latent,persistent_attack_misses,Analysis,261
Reconnaissance,42,0.01,fusion_ae_plain_latent,persistent_attack_misses,Backdoor,192
Reconnaissance,42,0.01,fusion_ae_plain_latent,persistent_attack_misses,DoS,1585
Reconnaissance,42,0.01,fusion_ae_plain_latent,persistent_attack_misses,Exploits,2571
Reconnaissance,42,0.01,fusion_ae_plain_latent,persistent_attack_misses,Fuzzers,2024
Reconnaissance,42,0.01,fusion_ae_plain_latent,persistent_attack_misses,Generic,62
Reconnaissance,42,0.01,fusion_ae_plain_latent,persistent_attack_misses,Reconnaissance,4800
Reconnaissance,42,0.01,fusion_ae_plain_latent,persistent_attack_misses,Shellcode,49
Reconnaissance,42,0.01,fusion_ae_plain_latent,persistent_attack_misses,Worms,0
Reconnaissance,42,0.01,fusion_ae_plain_latent,retained_attack_detections,Analysis,1118
Reconnaissance,42,0.01,fusion_ae_plain_latent,retained_attack_detections,Backdoor,1054
Reconnaissance,42,0.01,fusion_ae_plain_latent,retained_attack_detections,DoS,8042
Reconnaissance,42,0.01,fusion_ae_plain_latent,retained_attack_detections,Exploits,12863
Reconnaissance,42,0.01,fusion_ae_plain_latent,retained_attack_detections,Fuzzers,1618
Reconnaissance,42,0.01,fusion_ae_plain_latent,retained_attack_detections,Generic,6028
Reconnaissance,42,0.01,fusion_ae_plain_latent,retained_attack_detections,Reconnaissance,5210
Reconnaissance,42,0.01,fusion_ae_plain_latent,retained_attack_detections,Shellcode,112
Reconnaissance,42,0.01,fusion_ae_plain_latent,retained_attack_detections,Worms,25
Reconnaissance,42,0.01,selective_fusion,recovered_attacks,Analysis,1
Reconnaissance,42,0.01,selective_fusion,recovered_attacks,Backdoor,3
Reconnaissance,42,0.01,selective_fusion,recovered_attacks,DoS,19
Reconnaissance,42,0.01,selective_fusion,recovered_attacks,Exploits,35
Reconnaissance,42,0.01,selective_fusion,recovered_attacks,Fuzzers,4
Reconnaissance,42,0.01,selective_fusion,recovered_attacks,Generic,3
Reconnaissance,42,0.01,selective_fusion,recovered_attacks,Reconnaissance,107
Reconnaissance,42,0.01,selective_fusion,recovered_attacks,Shellcode,0
Reconnaissance,42,0.01,selective_fusion,recovered_attacks,Worms,0
Reconnaissance,42,0.01,selective_fusion,lost_attacks,Analysis,0
Reconnaissance,42,0.01,selective_fusion,lost_attacks,Backdoor,0
Reconnaissance,42,0.01,selective_fusion,lost_attacks,DoS,0
Reconnaissance,42,0.01,selective_fusion,lost_attacks,Exploits,0
Reconnaissance,42,0.01,selective_fusion,lost_attacks,Fuzzers,0
Reconnaissance,42,0.01,selective_fusion,lost_attacks,Generic,0
Reconnaissance,42,0.01,selective_fusion,lost_attacks,Reconnaissance,0
Reconnaissance,42,0.01,selective_fusion,lost_attacks,Shellcode,0
Reconnaissance,42,0.01,selective_fusion,lost_attacks,Worms,0
Reconnaissance,42,0.01,selective_fusion,persistent_attack_misses,Analysis,326
Reconnaissance,42,0.01,selective_fusion,persistent_attack_misses,Backdoor,245
Reconnaissance,42,0.01,selective_fusion,persistent_attack_misses,DoS,2010
Reconnaissance,42,0.01,selective_fusion,persistent_attack_misses,Exploits,3233
Reconnaissance,42,0.01,selective_fusion,persistent_attack_misses,Fuzzers,2147
Reconnaissance,42,0.01,selective_fusion,persistent_attack_misses,Generic,77
Reconnaissance,42,0.01,selective_fusion,persistent_attack_misses,Reconnaissance,5159
Reconnaissance,42,0.01,selective_fusion,persistent_attack_misses,Shellcode,52
Reconnaissance,42,0.01,selective_fusion,persistent_attack_misses,Worms,0
Reconnaissance,42,0.01,selective_fusion,retained_attack_detections,Analysis,1118
Reconnaissance,42,0.01,selective_fusion,retained_attack_detections,Backdoor,1055
Reconnaissance,42,0.01,selective_fusion,retained_attack_detections,DoS,8048
Reconnaissance,42,0.01,selective_fusion,retained_attack_detections,Exploits,12892
Reconnaissance,42,0.01,selective_fusion,retained_attack_detections,Fuzzers,1756
Reconnaissance,42,0.01,selective_fusion,retained_attack_detections,Generic,6030
Reconnaissance,42,0.01,selective_fusion,retained_attack_detections,Reconnaissance,5225
Reconnaissance,42,0.01,selective_fusion,retained_attack_detections,Shellcode,122
Reconnaissance,42,0.01,selective_fusion,retained_attack_detections,Worms,25
Reconnaissance,42,0.03,fusion_ae_plain_latent,recovered_attacks,Analysis,15
Reconnaissance,42,0.03,fusion_ae_plain_latent,recovered_attacks,Backdoor,6
Reconnaissance,42,0.03,fusion_ae_plain_latent,recovered_attacks,DoS,39
Reconnaissance,42,0.03,fusion_ae_plain_latent,recovered_attacks,Exploits,78
Reconnaissance,42,0.03,fusion_ae_plain_latent,recovered_attacks,Fuzzers,29
Reconnaissance,42,0.03,fusion_ae_plain_latent,recovered_attacks,Generic,5
Reconnaissance,42,0.03,fusion_ae_plain_latent,recovered_attacks,Reconnaissance,99
Reconnaissance,42,0.03,fusion_ae_plain_latent,recovered_attacks,Shellcode,2
Reconnaissance,42,0.03,fusion_ae_plain_latent,recovered_attacks,Worms,0
Reconnaissance,42,0.03,fusion_ae_plain_latent,lost_attacks,Analysis,0
Reconnaissance,42,0.03,fusion_ae_plain_latent,lost_attacks,Backdoor,0
Reconnaissance,42,0.03,fusion_ae_plain_latent,lost_attacks,DoS,1
Reconnaissance,42,0.03,fusion_ae_plain_latent,lost_attacks,Exploits,7
Reconnaissance,42,0.03,fusion_ae_plain_latent,lost_attacks,Fuzzers,58
Reconnaissance,42,0.03,fusion_ae_plain_latent,lost_attacks,Generic,0
Reconnaissance,42,0.03,fusion_ae_plain_latent,lost_attacks,Reconnaissance,360
Reconnaissance,42,0.03,fusion_ae_plain_latent,lost_attacks,Shellcode,3
Reconnaissance,42,0.03,fusion_ae_plain_latent,lost_attacks,Worms,0
Reconnaissance,42,0.03,fusion_ae_plain_latent,persistent_attack_misses,Analysis,56
Reconnaissance,42,0.03,fusion_ae_plain_latent,persistent_attack_misses,Backdoor,45
Reconnaissance,42,0.03,fusion_ae_plain_latent,persistent_attack_misses,DoS,251
Reconnaissance,42,0.03,fusion_ae_plain_latent,persistent_attack_misses,Exploits,547
Reconnaissance,42,0.03,fusion_ae_plain_latent,persistent_attack_misses,Fuzzers,1196
Reconnaissance,42,0.03,fusion_ae_plain_latent,persistent_attack_misses,Generic,10
Reconnaissance,42,0.03,fusion_ae_plain_latent,persistent_attack_misses,Reconnaissance,1336
Reconnaissance,42,0.03,fusion_ae_plain_latent,persistent_attack_misses,Shellcode,13
Reconnaissance,42,0.03,fusion_ae_plain_latent,persistent_attack_misses,Worms,0
Reconnaissance,42,0.03,fusion_ae_plain_latent,retained_attack_detections,Analysis,1374
Reconnaissance,42,0.03,fusion_ae_plain_latent,retained_attack_detections,Backdoor,1252
Reconnaissance,42,0.03,fusion_ae_plain_latent,retained_attack_detections,DoS,9786
Reconnaissance,42,0.03,fusion_ae_plain_latent,retained_attack_detections,Exploits,15528
Reconnaissance,42,0.03,fusion_ae_plain_latent,retained_attack_detections,Fuzzers,2624
Reconnaissance,42,0.03,fusion_ae_plain_latent,retained_attack_detections,Generic,6095
Reconnaissance,42,0.03,fusion_ae_plain_latent,retained_attack_detections,Reconnaissance,8696
Reconnaissance,42,0.03,fusion_ae_plain_latent,retained_attack_detections,Shellcode,156
Reconnaissance,42,0.03,fusion_ae_plain_latent,retained_attack_detections,Worms,25
Reconnaissance,42,0.03,selective_fusion,recovered_attacks,Analysis,0
Reconnaissance,42,0.03,selective_fusion,recovered_attacks,Backdoor,0
Reconnaissance,42,0.03,selective_fusion,recovered_attacks,DoS,0
Reconnaissance,42,0.03,selective_fusion,recovered_attacks,Exploits,2
Reconnaissance,42,0.03,selective_fusion,recovered_attacks,Fuzzers,0
Reconnaissance,42,0.03,selective_fusion,recovered_attacks,Generic,0
Reconnaissance,42,0.03,selective_fusion,recovered_attacks,Reconnaissance,4
Reconnaissance,42,0.03,selective_fusion,recovered_attacks,Shellcode,0
Reconnaissance,42,0.03,selective_fusion,recovered_attacks,Worms,0
Reconnaissance,42,0.03,selective_fusion,lost_attacks,Analysis,0
Reconnaissance,42,0.03,selective_fusion,lost_attacks,Backdoor,0
Reconnaissance,42,0.03,selective_fusion,lost_attacks,DoS,0
Reconnaissance,42,0.03,selective_fusion,lost_attacks,Exploits,0
Reconnaissance,42,0.03,selective_fusion,lost_attacks,Fuzzers,0
Reconnaissance,42,0.03,selective_fusion,lost_attacks,Generic,0
Reconnaissance,42,0.03,selective_fusion,lost_attacks,Reconnaissance,0
Reconnaissance,42,0.03,selective_fusion,lost_attacks,Shellcode,0
Reconnaissance,42,0.03,selective_fusion,lost_attacks,Worms,0
Reconnaissance,42,0.03,selective_fusion,persistent_attack_misses,Analysis,71
Reconnaissance,42,0.03,selective_fusion,persistent_attack_misses,Backdoor,51
Reconnaissance,42,0.03,selective_fusion,persistent_attack_misses,DoS,290
Reconnaissance,42,0.03,selective_fusion,persistent_attack_misses,Exploits,623
Reconnaissance,42,0.03,selective_fusion,persistent_attack_misses,Fuzzers,1225
Reconnaissance,42,0.03,selective_fusion,persistent_attack_misses,Generic,15
Reconnaissance,42,0.03,selective_fusion,persistent_attack_misses,Reconnaissance,1431
Reconnaissance,42,0.03,selective_fusion,persistent_attack_misses,Shellcode,15
Reconnaissance,42,0.03,selective_fusion,persistent_attack_misses,Worms,0
Reconnaissance,42,0.03,selective_fusion,retained_attack_detections,Analysis,1374
Reconnaissance,42,0.03,selective_fusion,retained_attack_detections,Backdoor,1252
Reconnaissance,42,0.03,selective_fusion,retained_attack_detections,DoS,9787
Reconnaissance,42,0.03,selective_fusion,retained_attack_detections,Exploits,15535
Reconnaissance,42,0.03,selective_fusion,retained_attack_detections,Fuzzers,2682
Reconnaissance,42,0.03,selective_fusion,retained_attack_detections,Generic,6095
Reconnaissance,42,0.03,selective_fusion,retained_attack_detections,Reconnaissance,9056
Reconnaissance,42,0.03,selective_fusion,retained_attack_detections,Shellcode,159
Reconnaissance,42,0.03,selective_fusion,retained_attack_detections,Worms,25
Reconnaissance,42,0.05,fusion_ae_plain_latent,recovered_attacks,Analysis,6
Reconnaissance,42,0.05,fusion_ae_plain_latent,recovered_attacks,Backdoor,0
Reconnaissance,42,0.05,fusion_ae_plain_latent,recovered_attacks,DoS,0
Reconnaissance,42,0.05,fusion_ae_plain_latent,recovered_attacks,Exploits,4
Reconnaissance,42,0.05,fusion_ae_plain_latent,recovered_attacks,Fuzzers,22
Reconnaissance,42,0.05,fusion_ae_plain_latent,recovered_attacks,Generic,0
Reconnaissance,42,0.05,fusion_ae_plain_latent,recovered_attacks,Reconnaissance,28
Reconnaissance,42,0.05,fusion_ae_plain_latent,recovered_attacks,Shellcode,0
Reconnaissance,42,0.05,fusion_ae_plain_latent,recovered_attacks,Worms,0
Reconnaissance,42,0.05,fusion_ae_plain_latent,lost_attacks,Analysis,0
Reconnaissance,42,0.05,fusion_ae_plain_latent,lost_attacks,Backdoor,0
Reconnaissance,42,0.05,fusion_ae_plain_latent,lost_attacks,DoS,1
Reconnaissance,42,0.05,fusion_ae_plain_latent,lost_attacks,Exploits,7
Reconnaissance,42,0.05,fusion_ae_plain_latent,lost_attacks,Fuzzers,49
Reconnaissance,42,0.05,fusion_ae_plain_latent,lost_attacks,Generic,0
Reconnaissance,42,0.05,fusion_ae_plain_latent,lost_attacks,Reconnaissance,162
Reconnaissance,42,0.05,fusion_ae_plain_latent,lost_attacks,Shellcode,0
Reconnaissance,42,0.05,fusion_ae_plain_latent,lost_attacks,Worms,0
Reconnaissance,42,0.05,fusion_ae_plain_latent,persistent_attack_misses,Analysis,40
Reconnaissance,42,0.05,fusion_ae_plain_latent,persistent_attack_misses,Backdoor,34
Reconnaissance,42,0.05,fusion_ae_plain_latent,persistent_attack_misses,DoS,186
Reconnaissance,42,0.05,fusion_ae_plain_latent,persistent_attack_misses,Exploits,401
Reconnaissance,42,0.05,fusion_ae_plain_latent,persistent_attack_misses,Fuzzers,804
Reconnaissance,42,0.05,fusion_ae_plain_latent,persistent_attack_misses,Generic,7
Reconnaissance,42,0.05,fusion_ae_plain_latent,persistent_attack_misses,Reconnaissance,464
Reconnaissance,42,0.05,fusion_ae_plain_latent,persistent_attack_misses,Shellcode,7
Reconnaissance,42,0.05,fusion_ae_plain_latent,persistent_attack_misses,Worms,0
Reconnaissance,42,0.05,fusion_ae_plain_latent,retained_attack_detections,Analysis,1399
Reconnaissance,42,0.05,fusion_ae_plain_latent,retained_attack_detections,Backdoor,1269
Reconnaissance,42,0.05,fusion_ae_plain_latent,retained_attack_detections,DoS,9890
Reconnaissance,42,0.05,fusion_ae_plain_latent,retained_attack_detections,Exploits,15748
Reconnaissance,42,0.05,fusion_ae_plain_latent,retained_attack_detections,Fuzzers,3032
Reconnaissance,42,0.05,fusion_ae_plain_latent,retained_attack_detections,Generic,6103
Reconnaissance,42,0.05,fusion_ae_plain_latent,retained_attack_detections,Reconnaissance,9837
Reconnaissance,42,0.05,fusion_ae_plain_latent,retained_attack_detections,Shellcode,167
Reconnaissance,42,0.05,fusion_ae_plain_latent,retained_attack_detections,Worms,25
Reconnaissance,42,0.05,selective_fusion,recovered_attacks,Analysis,0
Reconnaissance,42,0.05,selective_fusion,recovered_attacks,Backdoor,0
Reconnaissance,42,0.05,selective_fusion,recovered_attacks,DoS,0
Reconnaissance,42,0.05,selective_fusion,recovered_attacks,Exploits,2
Reconnaissance,42,0.05,selective_fusion,recovered_attacks,Fuzzers,0
Reconnaissance,42,0.05,selective_fusion,recovered_attacks,Generic,0
Reconnaissance,42,0.05,selective_fusion,recovered_attacks,Reconnaissance,0
Reconnaissance,42,0.05,selective_fusion,recovered_attacks,Shellcode,0
Reconnaissance,42,0.05,selective_fusion,recovered_attacks,Worms,0
Reconnaissance,42,0.05,selective_fusion,lost_attacks,Analysis,0
Reconnaissance,42,0.05,selective_fusion,lost_attacks,Backdoor,0
Reconnaissance,42,0.05,selective_fusion,lost_attacks,DoS,0
Reconnaissance,42,0.05,selective_fusion,lost_attacks,Exploits,0
Reconnaissance,42,0.05,selective_fusion,lost_attacks,Fuzzers,0
Reconnaissance,42,0.05,selective_fusion,lost_attacks,Generic,0
Reconnaissance,42,0.05,selective_fusion,lost_attacks,Reconnaissance,0
Reconnaissance,42,0.05,selective_fusion,lost_attacks,Shellcode,0
Reconnaissance,42,0.05,selective_fusion,lost_attacks,Worms,0
Reconnaissance,42,0.05,selective_fusion,persistent_attack_misses,Analysis,46
Reconnaissance,42,0.05,selective_fusion,persistent_attack_misses,Backdoor,34
Reconnaissance,42,0.05,selective_fusion,persistent_attack_misses,DoS,186
Reconnaissance,42,0.05,selective_fusion,persistent_attack_misses,Exploits,403
Reconnaissance,42,0.05,selective_fusion,persistent_attack_misses,Fuzzers,826
Reconnaissance,42,0.05,selective_fusion,persistent_attack_misses,Generic,7
Reconnaissance,42,0.05,selective_fusion,persistent_attack_misses,Reconnaissance,492
Reconnaissance,42,0.05,selective_fusion,persistent_attack_misses,Shellcode,7
Reconnaissance,42,0.05,selective_fusion,persistent_attack_misses,Worms,0
Reconnaissance,42,0.05,selective_fusion,retained_attack_detections,Analysis,1399
Reconnaissance,42,0.05,selective_fusion,retained_attack_detections,Backdoor,1269
Reconnaissance,42,0.05,selective_fusion,retained_attack_detections,DoS,9891
Reconnaissance,42,0.05,selective_fusion,retained_attack_detections,Exploits,15755
Reconnaissance,42,0.05,selective_fusion,retained_attack_detections,Fuzzers,3081
Reconnaissance,42,0.05,selective_fusion,retained_attack_detections,Generic,6103
Reconnaissance,42,0.05,selective_fusion,retained_attack_detections,Reconnaissance,9999
Reconnaissance,42,0.05,selective_fusion,retained_attack_detections,Shellcode,167
Reconnaissance,42,0.05,selective_fusion,retained_attack_detections,Worms,25
Reconnaissance,123,0.01,fusion_ae_plain_latent,recovered_attacks,Analysis,73
Reconnaissance,123,0.01,fusion_ae_plain_latent,recovered_attacks,Backdoor,61
Reconnaissance,123,0.01,fusion_ae_plain_latent,recovered_attacks,DoS,472
Reconnaissance,123,0.01,fusion_ae_plain_latent,recovered_attacks,Exploits,706
Reconnaissance,123,0.01,fusion_ae_plain_latent,recovered_attacks,Fuzzers,147
Reconnaissance,123,0.01,fusion_ae_plain_latent,recovered_attacks,Generic,22
Reconnaissance,123,0.01,fusion_ae_plain_latent,recovered_attacks,Reconnaissance,224
Reconnaissance,123,0.01,fusion_ae_plain_latent,recovered_attacks,Shellcode,1
Reconnaissance,123,0.01,fusion_ae_plain_latent,recovered_attacks,Worms,0
Reconnaissance,123,0.01,fusion_ae_plain_latent,lost_attacks,Analysis,0
Reconnaissance,123,0.01,fusion_ae_plain_latent,lost_attacks,Backdoor,1
Reconnaissance,123,0.01,fusion_ae_plain_latent,lost_attacks,DoS,2
Reconnaissance,123,0.01,fusion_ae_plain_latent,lost_attacks,Exploits,23
Reconnaissance,123,0.01,fusion_ae_plain_latent,lost_attacks,Fuzzers,114
Reconnaissance,123,0.01,fusion_ae_plain_latent,lost_attacks,Generic,1
Reconnaissance,123,0.01,fusion_ae_plain_latent,lost_attacks,Reconnaissance,136
Reconnaissance,123,0.01,fusion_ae_plain_latent,lost_attacks,Shellcode,7
Reconnaissance,123,0.01,fusion_ae_plain_latent,lost_attacks,Worms,0
Reconnaissance,123,0.01,fusion_ae_plain_latent,persistent_attack_misses,Analysis,170
Reconnaissance,123,0.01,fusion_ae_plain_latent,persistent_attack_misses,Backdoor,107
Reconnaissance,123,0.01,fusion_ae_plain_latent,persistent_attack_misses,DoS,928
Reconnaissance,123,0.01,fusion_ae_plain_latent,persistent_attack_misses,Exploits,1600
Reconnaissance,123,0.01,fusion_ae_plain_latent,persistent_attack_misses,Fuzzers,1910
Reconnaissance,123,0.01,fusion_ae_plain_latent,persistent_attack_misses,Generic,33
Reconnaissance,123,0.01,fusion_ae_plain_latent,persistent_attack_misses,Reconnaissance,4385
Reconnaissance,123,0.01,fusion_ae_plain_latent,persistent_attack_misses,Shellcode,39
Reconnaissance,123,0.01,fusion_ae_plain_latent,persistent_attack_misses,Worms,3
Reconnaissance,123,0.01,fusion_ae_plain_latent,retained_attack_detections,Analysis,1190
Reconnaissance,123,0.01,fusion_ae_plain_latent,retained_attack_detections,Backdoor,1125
Reconnaissance,123,0.01,fusion_ae_plain_latent,retained_attack_detections,DoS,8633
Reconnaissance,123,0.01,fusion_ae_plain_latent,retained_attack_detections,Exploits,13811
Reconnaissance,123,0.01,fusion_ae_plain_latent,retained_attack_detections,Fuzzers,1894
Reconnaissance,123,0.01,fusion_ae_plain_latent,retained_attack_detections,Generic,5683
Reconnaissance,123,0.01,fusion_ae_plain_latent,retained_attack_detections,Reconnaissance,5746
Reconnaissance,123,0.01,fusion_ae_plain_latent,retained_attack_detections,Shellcode,127
Reconnaissance,123,0.01,fusion_ae_plain_latent,retained_attack_detections,Worms,15
Reconnaissance,123,0.01,selective_fusion,recovered_attacks,Analysis,0
Reconnaissance,123,0.01,selective_fusion,recovered_attacks,Backdoor,0
Reconnaissance,123,0.01,selective_fusion,recovered_attacks,DoS,0
Reconnaissance,123,0.01,selective_fusion,recovered_attacks,Exploits,0
Reconnaissance,123,0.01,selective_fusion,recovered_attacks,Fuzzers,1
Reconnaissance,123,0.01,selective_fusion,recovered_attacks,Generic,0
Reconnaissance,123,0.01,selective_fusion,recovered_attacks,Reconnaissance,0
Reconnaissance,123,0.01,selective_fusion,recovered_attacks,Shellcode,0
Reconnaissance,123,0.01,selective_fusion,recovered_attacks,Worms,0
Reconnaissance,123,0.01,selective_fusion,lost_attacks,Analysis,0
Reconnaissance,123,0.01,selective_fusion,lost_attacks,Backdoor,0
Reconnaissance,123,0.01,selective_fusion,lost_attacks,DoS,0
Reconnaissance,123,0.01,selective_fusion,lost_attacks,Exploits,0
Reconnaissance,123,0.01,selective_fusion,lost_attacks,Fuzzers,0
Reconnaissance,123,0.01,selective_fusion,lost_attacks,Generic,0
Reconnaissance,123,0.01,selective_fusion,lost_attacks,Reconnaissance,0
Reconnaissance,123,0.01,selective_fusion,lost_attacks,Shellcode,0
Reconnaissance,123,0.01,selective_fusion,lost_attacks,Worms,0
Reconnaissance,123,0.01,selective_fusion,persistent_attack_misses,Analysis,243
Reconnaissance,123,0.01,selective_fusion,persistent_attack_misses,Backdoor,168
Reconnaissance,123,0.01,selective_fusion,persistent_attack_misses,DoS,1400
Reconnaissance,123,0.01,selective_fusion,persistent_attack_misses,Exploits,2306
Reconnaissance,123,0.01,selective_fusion,persistent_attack_misses,Fuzzers,2056
Reconnaissance,123,0.01,selective_fusion,persistent_attack_misses,Generic,55
Reconnaissance,123,0.01,selective_fusion,persistent_attack_misses,Reconnaissance,4609
Reconnaissance,123,0.01,selective_fusion,persistent_attack_misses,Shellcode,40
Reconnaissance,123,0.01,selective_fusion,persistent_attack_misses,Worms,3
Reconnaissance,123,0.01,selective_fusion,retained_attack_detections,Analysis,1190
Reconnaissance,123,0.01,selective_fusion,retained_attack_detections,Backdoor,1126
Reconnaissance,123,0.01,selective_fusion,retained_attack_detections,DoS,8635
Reconnaissance,123,0.01,selective_fusion,retained_attack_detections,Exploits,13834
Reconnaissance,123,0.01,selective_fusion,retained_attack_detections,Fuzzers,2008
Reconnaissance,123,0.01,selective_fusion,retained_attack_detections,Generic,5684
Reconnaissance,123,0.01,selective_fusion,retained_attack_detections,Reconnaissance,5882
Reconnaissance,123,0.01,selective_fusion,retained_attack_detections,Shellcode,134
Reconnaissance,123,0.01,selective_fusion,retained_attack_detections,Worms,15
Reconnaissance,123,0.03,fusion_ae_plain_latent,recovered_attacks,Analysis,12
Reconnaissance,123,0.03,fusion_ae_plain_latent,recovered_attacks,Backdoor,7
Reconnaissance,123,0.03,fusion_ae_plain_latent,recovered_attacks,DoS,48
Reconnaissance,123,0.03,fusion_ae_plain_latent,recovered_attacks,Exploits,78
Reconnaissance,123,0.03,fusion_ae_plain_latent,recovered_attacks,Fuzzers,34
Reconnaissance,123,0.03,fusion_ae_plain_latent,recovered_attacks,Generic,2
Reconnaissance,123,0.03,fusion_ae_plain_latent,recovered_attacks,Reconnaissance,55
Reconnaissance,123,0.03,fusion_ae_plain_latent,recovered_attacks,Shellcode,0
Reconnaissance,123,0.03,fusion_ae_plain_latent,recovered_attacks,Worms,0
Reconnaissance,123,0.03,fusion_ae_plain_latent,lost_attacks,Analysis,0
Reconnaissance,123,0.03,fusion_ae_plain_latent,lost_attacks,Backdoor,0
Reconnaissance,123,0.03,fusion_ae_plain_latent,lost_attacks,DoS,0
Reconnaissance,123,0.03,fusion_ae_plain_latent,lost_attacks,Exploits,6
Reconnaissance,123,0.03,fusion_ae_plain_latent,lost_attacks,Fuzzers,77
Reconnaissance,123,0.03,fusion_ae_plain_latent,lost_attacks,Generic,0
Reconnaissance,123,0.03,fusion_ae_plain_latent,lost_attacks,Reconnaissance,344
Reconnaissance,123,0.03,fusion_ae_plain_latent,lost_attacks,Shellcode,4
Reconnaissance,123,0.03,fusion_ae_plain_latent,lost_attacks,Worms,0
Reconnaissance,123,0.03,fusion_ae_plain_latent,persistent_attack_misses,Analysis,57
Reconnaissance,123,0.03,fusion_ae_plain_latent,persistent_attack_misses,Backdoor,37
Reconnaissance,123,0.03,fusion_ae_plain_latent,persistent_attack_misses,DoS,225
Reconnaissance,123,0.03,fusion_ae_plain_latent,persistent_attack_misses,Exploits,489
Reconnaissance,123,0.03,fusion_ae_plain_latent,persistent_attack_misses,Fuzzers,1307
Reconnaissance,123,0.03,fusion_ae_plain_latent,persistent_attack_misses,Generic,10
Reconnaissance,123,0.03,fusion_ae_plain_latent,persistent_attack_misses,Reconnaissance,1558
Reconnaissance,123,0.03,fusion_ae_plain_latent,persistent_attack_misses,Shellcode,18
Reconnaissance,123,0.03,fusion_ae_plain_latent,persistent_attack_misses,Worms,0
Reconnaissance,123,0.03,fusion_ae_plain_latent,retained_attack_detections,Analysis,1364
Reconnaissance,123,0.03,fusion_ae_plain_latent,retained_attack_detections,Backdoor,1250
Reconnaissance,123,0.03,fusion_ae_plain_latent,retained_attack_detections,DoS,9762
Reconnaissance,123,0.03,fusion_ae_plain_latent,retained_attack_detections,Exploits,15567
Reconnaissance,123,0.03,fusion_ae_plain_latent,retained_attack_detections,Fuzzers,2647
Reconnaissance,123,0.03,fusion_ae_plain_latent,retained_attack_detections,Generic,5727
Reconnaissance,123,0.03,fusion_ae_plain_latent,retained_attack_detections,Reconnaissance,8534
Reconnaissance,123,0.03,fusion_ae_plain_latent,retained_attack_detections,Shellcode,152
Reconnaissance,123,0.03,fusion_ae_plain_latent,retained_attack_detections,Worms,18
Reconnaissance,123,0.03,selective_fusion,recovered_attacks,Analysis,0
Reconnaissance,123,0.03,selective_fusion,recovered_attacks,Backdoor,0
Reconnaissance,123,0.03,selective_fusion,recovered_attacks,DoS,1
Reconnaissance,123,0.03,selective_fusion,recovered_attacks,Exploits,1
Reconnaissance,123,0.03,selective_fusion,recovered_attacks,Fuzzers,1
Reconnaissance,123,0.03,selective_fusion,recovered_attacks,Generic,0
Reconnaissance,123,0.03,selective_fusion,recovered_attacks,Reconnaissance,5
Reconnaissance,123,0.03,selective_fusion,recovered_attacks,Shellcode,0
Reconnaissance,123,0.03,selective_fusion,recovered_attacks,Worms,0
Reconnaissance,123,0.03,selective_fusion,lost_attacks,Analysis,0
Reconnaissance,123,0.03,selective_fusion,lost_attacks,Backdoor,0
Reconnaissance,123,0.03,selective_fusion,lost_attacks,DoS,0
Reconnaissance,123,0.03,selective_fusion,lost_attacks,Exploits,0
Reconnaissance,123,0.03,selective_fusion,lost_attacks,Fuzzers,0
Reconnaissance,123,0.03,selective_fusion,lost_attacks,Generic,0
Reconnaissance,123,0.03,selective_fusion,lost_attacks,Reconnaissance,0
Reconnaissance,123,0.03,selective_fusion,lost_attacks,Shellcode,0
Reconnaissance,123,0.03,selective_fusion,lost_attacks,Worms,0
Reconnaissance,123,0.03,selective_fusion,persistent_attack_misses,Analysis,69
Reconnaissance,123,0.03,selective_fusion,persistent_attack_misses,Backdoor,44
Reconnaissance,123,0.03,selective_fusion,persistent_attack_misses,DoS,272
Reconnaissance,123,0.03,selective_fusion,persistent_attack_misses,Exploits,566
Reconnaissance,123,0.03,selective_fusion,persistent_attack_misses,Fuzzers,1340
Reconnaissance,123,0.03,selective_fusion,persistent_attack_misses,Generic,12
Reconnaissance,123,0.03,selective_fusion,persistent_attack_misses,Reconnaissance,1608
Reconnaissance,123,0.03,selective_fusion,persistent_attack_misses,Shellcode,18
Reconnaissance,123,0.03,selective_fusion,persistent_attack_misses,Worms,0
Reconnaissance,123,0.03,selective_fusion,retained_attack_detections,Analysis,1364
Reconnaissance,123,0.03,selective_fusion,retained_attack_detections,Backdoor,1250
Reconnaissance,123,0.03,selective_fusion,retained_attack_detections,DoS,9762
Reconnaissance,123,0.03,selective_fusion,retained_attack_detections,Exploits,15573
Reconnaissance,123,0.03,selective_fusion,retained_attack_detections,Fuzzers,2724
Reconnaissance,123,0.03,selective_fusion,retained_attack_detections,Generic,5727
Reconnaissance,123,0.03,selective_fusion,retained_attack_detections,Reconnaissance,8878
Reconnaissance,123,0.03,selective_fusion,retained_attack_detections,Shellcode,156
Reconnaissance,123,0.03,selective_fusion,retained_attack_detections,Worms,18
Reconnaissance,123,0.05,fusion_ae_plain_latent,recovered_attacks,Analysis,7
Reconnaissance,123,0.05,fusion_ae_plain_latent,recovered_attacks,Backdoor,2
Reconnaissance,123,0.05,fusion_ae_plain_latent,recovered_attacks,DoS,14
Reconnaissance,123,0.05,fusion_ae_plain_latent,recovered_attacks,Exploits,26
Reconnaissance,123,0.05,fusion_ae_plain_latent,recovered_attacks,Fuzzers,15
Reconnaissance,123,0.05,fusion_ae_plain_latent,recovered_attacks,Generic,0
Reconnaissance,123,0.05,fusion_ae_plain_latent,recovered_attacks,Reconnaissance,31
Reconnaissance,123,0.05,fusion_ae_plain_latent,recovered_attacks,Shellcode,0
Reconnaissance,123,0.05,fusion_ae_plain_latent,recovered_attacks,Worms,0
Reconnaissance,123,0.05,fusion_ae_plain_latent,lost_attacks,Analysis,0
Reconnaissance,123,0.05,fusion_ae_plain_latent,lost_attacks,Backdoor,0
Reconnaissance,123,0.05,fusion_ae_plain_latent,lost_attacks,DoS,3
Reconnaissance,123,0.05,fusion_ae_plain_latent,lost_attacks,Exploits,2
Reconnaissance,123,0.05,fusion_ae_plain_latent,lost_attacks,Fuzzers,63
Reconnaissance,123,0.05,fusion_ae_plain_latent,lost_attacks,Generic,0
Reconnaissance,123,0.05,fusion_ae_plain_latent,lost_attacks,Reconnaissance,134
Reconnaissance,123,0.05,fusion_ae_plain_latent,lost_attacks,Shellcode,2
Reconnaissance,123,0.05,fusion_ae_plain_latent,lost_attacks,Worms,0
Reconnaissance,123,0.05,fusion_ae_plain_latent,persistent_attack_misses,Analysis,41
Reconnaissance,123,0.05,fusion_ae_plain_latent,persistent_attack_misses,Backdoor,19
Reconnaissance,123,0.05,fusion_ae_plain_latent,persistent_attack_misses,DoS,102
Reconnaissance,123,0.05,fusion_ae_plain_latent,persistent_attack_misses,Exploits,258
Reconnaissance,123,0.05,fusion_ae_plain_latent,persistent_attack_misses,Fuzzers,831
Reconnaissance,123,0.05,fusion_ae_plain_latent,persistent_attack_misses,Generic,4
Reconnaissance,123,0.05,fusion_ae_plain_latent,persistent_attack_misses,Reconnaissance,571
Reconnaissance,123,0.05,fusion_ae_plain_latent,persistent_attack_misses,Shellcode,9
Reconnaissance,123,0.05,fusion_ae_plain_latent,persistent_attack_misses,Worms,0
Reconnaissance,123,0.05,fusion_ae_plain_latent,retained_attack_detections,Analysis,1385
Reconnaissance,123,0.05,fusion_ae_plain_latent,retained_attack_detections,Backdoor,1273
Reconnaissance,123,0.05,fusion_ae_plain_latent,retained_attack_detections,DoS,9916
Reconnaissance,123,0.05,fusion_ae_plain_latent,retained_attack_detections,Exploits,15854
Reconnaissance,123,0.05,fusion_ae_plain_latent,retained_attack_detections,Fuzzers,3156
Reconnaissance,123,0.05,fusion_ae_plain_latent,retained_attack_detections,Generic,5735
Reconnaissance,123,0.05,fusion_ae_plain_latent,retained_attack_detections,Reconnaissance,9755
Reconnaissance,123,0.05,fusion_ae_plain_latent,retained_attack_detections,Shellcode,163
Reconnaissance,123,0.05,fusion_ae_plain_latent,retained_attack_detections,Worms,18
Reconnaissance,123,0.05,selective_fusion,recovered_attacks,Analysis,0
Reconnaissance,123,0.05,selective_fusion,recovered_attacks,Backdoor,0
Reconnaissance,123,0.05,selective_fusion,recovered_attacks,DoS,0
Reconnaissance,123,0.05,selective_fusion,recovered_attacks,Exploits,1
Reconnaissance,123,0.05,selective_fusion,recovered_attacks,Fuzzers,0
Reconnaissance,123,0.05,selective_fusion,recovered_attacks,Generic,0
Reconnaissance,123,0.05,selective_fusion,recovered_attacks,Reconnaissance,0
Reconnaissance,123,0.05,selective_fusion,recovered_attacks,Shellcode,0
Reconnaissance,123,0.05,selective_fusion,recovered_attacks,Worms,0
Reconnaissance,123,0.05,selective_fusion,lost_attacks,Analysis,0
Reconnaissance,123,0.05,selective_fusion,lost_attacks,Backdoor,0
Reconnaissance,123,0.05,selective_fusion,lost_attacks,DoS,0
Reconnaissance,123,0.05,selective_fusion,lost_attacks,Exploits,0
Reconnaissance,123,0.05,selective_fusion,lost_attacks,Fuzzers,0
Reconnaissance,123,0.05,selective_fusion,lost_attacks,Generic,0
Reconnaissance,123,0.05,selective_fusion,lost_attacks,Reconnaissance,0
Reconnaissance,123,0.05,selective_fusion,lost_attacks,Shellcode,0
Reconnaissance,123,0.05,selective_fusion,lost_attacks,Worms,0
Reconnaissance,123,0.05,selective_fusion,persistent_attack_misses,Analysis,48
Reconnaissance,123,0.05,selective_fusion,persistent_attack_misses,Backdoor,21
Reconnaissance,123,0.05,selective_fusion,persistent_attack_misses,DoS,116
Reconnaissance,123,0.05,selective_fusion,persistent_attack_misses,Exploits,283
Reconnaissance,123,0.05,selective_fusion,persistent_attack_misses,Fuzzers,846
Reconnaissance,123,0.05,selective_fusion,persistent_attack_misses,Generic,4
Reconnaissance,123,0.05,selective_fusion,persistent_attack_misses,Reconnaissance,602
Reconnaissance,123,0.05,selective_fusion,persistent_attack_misses,Shellcode,9
Reconnaissance,123,0.05,selective_fusion,persistent_attack_misses,Worms,0
Reconnaissance,123,0.05,selective_fusion,retained_attack_detections,Analysis,1385
Reconnaissance,123,0.05,selective_fusion,retained_attack_detections,Backdoor,1273
Reconnaissance,123,0.05,selective_fusion,retained_attack_detections,DoS,9919
Reconnaissance,123,0.05,selective_fusion,retained_attack_detections,Exploits,15856
Reconnaissance,123,0.05,selective_fusion,retained_attack_detections,Fuzzers,3219
Reconnaissance,123,0.05,selective_fusion,retained_attack_detections,Generic,5735
Reconnaissance,123,0.05,selective_fusion,retained_attack_detections,Reconnaissance,9889
Reconnaissance,123,0.05,selective_fusion,retained_attack_detections,Shellcode,165
Reconnaissance,123,0.05,selective_fusion,retained_attack_detections,Worms,18
Reconnaissance,2026,0.01,fusion_ae_plain_latent,recovered_attacks,Analysis,117
Reconnaissance,2026,0.01,fusion_ae_plain_latent,recovered_attacks,Backdoor,79
Reconnaissance,2026,0.01,fusion_ae_plain_latent,recovered_attacks,DoS,725
Reconnaissance,2026,0.01,fusion_ae_plain_latent,recovered_attacks,Exploits,1059
Reconnaissance,2026,0.01,fusion_ae_plain_latent,recovered_attacks,Fuzzers,191
Reconnaissance,2026,0.01,fusion_ae_plain_latent,recovered_attacks,Generic,22
Reconnaissance,2026,0.01,fusion_ae_plain_latent,recovered_attacks,Reconnaissance,272
Reconnaissance,2026,0.01,fusion_ae_plain_latent,recovered_attacks,Shellcode,1
Reconnaissance,2026,0.01,fusion_ae_plain_latent,recovered_attacks,Worms,0
Reconnaissance,2026,0.01,fusion_ae_plain_latent,lost_attacks,Analysis,0
Reconnaissance,2026,0.01,fusion_ae_plain_latent,lost_attacks,Backdoor,2
Reconnaissance,2026,0.01,fusion_ae_plain_latent,lost_attacks,DoS,5
Reconnaissance,2026,0.01,fusion_ae_plain_latent,lost_attacks,Exploits,36
Reconnaissance,2026,0.01,fusion_ae_plain_latent,lost_attacks,Fuzzers,149
Reconnaissance,2026,0.01,fusion_ae_plain_latent,lost_attacks,Generic,0
Reconnaissance,2026,0.01,fusion_ae_plain_latent,lost_attacks,Reconnaissance,141
Reconnaissance,2026,0.01,fusion_ae_plain_latent,lost_attacks,Shellcode,9
Reconnaissance,2026,0.01,fusion_ae_plain_latent,lost_attacks,Worms,0
Reconnaissance,2026,0.01,fusion_ae_plain_latent,persistent_attack_misses,Analysis,91
Reconnaissance,2026,0.01,fusion_ae_plain_latent,persistent_attack_misses,Backdoor,61
Reconnaissance,2026,0.01,fusion_ae_plain_latent,persistent_attack_misses,DoS,391
Reconnaissance,2026,0.01,fusion_ae_plain_latent,persistent_attack_misses,Exploits,848
Reconnaissance,2026,0.01,fusion_ae_plain_latent,persistent_attack_misses,Fuzzers,1754
Reconnaissance,2026,0.01,fusion_ae_plain_latent,persistent_attack_misses,Generic,18
Reconnaissance,2026,0.01,fusion_ae_plain_latent,persistent_attack_misses,Reconnaissance,4455
Reconnaissance,2026,0.01,fusion_ae_plain_latent,persistent_attack_misses,Shellcode,30
Reconnaissance,2026,0.01,fusion_ae_plain_latent,persistent_attack_misses,Worms,1
Reconnaissance,2026,0.01,fusion_ae_plain_latent,retained_attack_detections,Analysis,1228
Reconnaissance,2026,0.01,fusion_ae_plain_latent,retained_attack_detections,Backdoor,1174
Reconnaissance,2026,0.01,fusion_ae_plain_latent,retained_attack_detections,DoS,8898
Reconnaissance,2026,0.01,fusion_ae_plain_latent,retained_attack_detections,Exploits,14168
Reconnaissance,2026,0.01,fusion_ae_plain_latent,retained_attack_detections,Fuzzers,1940
Reconnaissance,2026,0.01,fusion_ae_plain_latent,retained_attack_detections,Generic,5903
Reconnaissance,2026,0.01,fusion_ae_plain_latent,retained_attack_detections,Reconnaissance,5623
Reconnaissance,2026,0.01,fusion_ae_plain_latent,retained_attack_detections,Shellcode,130
Reconnaissance,2026,0.01,fusion_ae_plain_latent,retained_attack_detections,Worms,16
Reconnaissance,2026,0.01,selective_fusion,recovered_attacks,Analysis,0
Reconnaissance,2026,0.01,selective_fusion,recovered_attacks,Backdoor,0
Reconnaissance,2026,0.01,selective_fusion,recovered_attacks,DoS,1
Reconnaissance,2026,0.01,selective_fusion,recovered_attacks,Exploits,6
Reconnaissance,2026,0.01,selective_fusion,recovered_attacks,Fuzzers,5
Reconnaissance,2026,0.01,selective_fusion,recovered_attacks,Generic,0
Reconnaissance,2026,0.01,selective_fusion,recovered_attacks,Reconnaissance,2
Reconnaissance,2026,0.01,selective_fusion,recovered_attacks,Shellcode,0
Reconnaissance,2026,0.01,selective_fusion,recovered_attacks,Worms,0
Reconnaissance,2026,0.01,selective_fusion,lost_attacks,Analysis,0
Reconnaissance,2026,0.01,selective_fusion,lost_attacks,Backdoor,0
Reconnaissance,2026,0.01,selective_fusion,lost_attacks,DoS,0
Reconnaissance,2026,0.01,selective_fusion,lost_attacks,Exploits,0
Reconnaissance,2026,0.01,selective_fusion,lost_attacks,Fuzzers,0
Reconnaissance,2026,0.01,selective_fusion,lost_attacks,Generic,0
Reconnaissance,2026,0.01,selective_fusion,lost_attacks,Reconnaissance,0
Reconnaissance,2026,0.01,selective_fusion,lost_attacks,Shellcode,0
Reconnaissance,2026,0.01,selective_fusion,lost_attacks,Worms,0
Reconnaissance,2026,0.01,selective_fusion,persistent_attack_misses,Analysis,208
Reconnaissance,2026,0.01,selective_fusion,persistent_attack_misses,Backdoor,140
Reconnaissance,2026,0.01,selective_fusion,persistent_attack_misses,DoS,1115
Reconnaissance,2026,0.01,selective_fusion,persistent_attack_misses,Exploits,1901
Reconnaissance,2026,0.01,selective_fusion,persistent_attack_misses,Fuzzers,1940
Reconnaissance,2026,0.01,selective_fusion,persistent_attack_misses,Generic,40
Reconnaissance,2026,0.01,selective_fusion,persistent_attack_misses,Reconnaissance,4725
Reconnaissance,2026,0.01,selective_fusion,persistent_attack_misses,Shellcode,31
Reconnaissance,2026,0.01,selective_fusion,persistent_attack_misses,Worms,1
Reconnaissance,2026,0.01,selective_fusion,retained_attack_detections,Analysis,1228
Reconnaissance,2026,0.01,selective_fusion,retained_attack_detections,Backdoor,1176
Reconnaissance,2026,0.01,selective_fusion,retained_attack_detections,DoS,8903
Reconnaissance,2026,0.01,selective_fusion,retained_attack_detections,Exploits,14204
Reconnaissance,2026,0.01,selective_fusion,retained_attack_detections,Fuzzers,2089
Reconnaissance,2026,0.01,selective_fusion,retained_attack_detections,Generic,5903
Reconnaissance,2026,0.01,selective_fusion,retained_attack_detections,Reconnaissance,5764
Reconnaissance,2026,0.01,selective_fusion,retained_attack_detections,Shellcode,139
Reconnaissance,2026,0.01,selective_fusion,retained_attack_detections,Worms,16
Reconnaissance,2026,0.03,fusion_ae_plain_latent,recovered_attacks,Analysis,16
Reconnaissance,2026,0.03,fusion_ae_plain_latent,recovered_attacks,Backdoor,4
Reconnaissance,2026,0.03,fusion_ae_plain_latent,recovered_attacks,DoS,39
Reconnaissance,2026,0.03,fusion_ae_plain_latent,recovered_attacks,Exploits,74
Reconnaissance,2026,0.03,fusion_ae_plain_latent,recovered_attacks,Fuzzers,44
Reconnaissance,2026,0.03,fusion_ae_plain_latent,recovered_attacks,Generic,4
Reconnaissance,2026,0.03,fusion_ae_plain_latent,recovered_attacks,Reconnaissance,115
Reconnaissance,2026,0.03,fusion_ae_plain_latent,recovered_attacks,Shellcode,1
Reconnaissance,2026,0.03,fusion_ae_plain_latent,recovered_attacks,Worms,0
Reconnaissance,2026,0.03,fusion_ae_plain_latent,lost_attacks,Analysis,0
Reconnaissance,2026,0.03,fusion_ae_plain_latent,lost_attacks,Backdoor,0
Reconnaissance,2026,0.03,fusion_ae_plain_latent,lost_attacks,DoS,0
Reconnaissance,2026,0.03,fusion_ae_plain_latent,lost_attacks,Exploits,7
Reconnaissance,2026,0.03,fusion_ae_plain_latent,lost_attacks,Fuzzers,32
Reconnaissance,2026,0.03,fusion_ae_plain_latent,lost_attacks,Generic,0
Reconnaissance,2026,0.03,fusion_ae_plain_latent,lost_attacks,Reconnaissance,188
Reconnaissance,2026,0.03,fusion_ae_plain_latent,lost_attacks,Shellcode,1
Reconnaissance,2026,0.03,fusion_ae_plain_latent,lost_attacks,Worms,0
Reconnaissance,2026,0.03,fusion_ae_plain_latent,persistent_attack_misses,Analysis,55
Reconnaissance,2026,0.03,fusion_ae_plain_latent,persistent_attack_misses,Backdoor,39
Reconnaissance,2026,0.03,fusion_ae_plain_latent,persistent_attack_misses,DoS,205
Reconnaissance,2026,0.03,fusion_ae_plain_latent,persistent_attack_misses,Exploits,477
Reconnaissance,2026,0.03,fusion_ae_plain_latent,persistent_attack_misses,Fuzzers,1114
Reconnaissance,2026,0.03,fusion_ae_plain_latent,persistent_attack_misses,Generic,8
Reconnaissance,2026,0.03,fusion_ae_plain_latent,persistent_attack_misses,Reconnaissance,1626
Reconnaissance,2026,0.03,fusion_ae_plain_latent,persistent_attack_misses,Shellcode,10
Reconnaissance,2026,0.03,fusion_ae_plain_latent,persistent_attack_misses,Worms,0
Reconnaissance,2026,0.03,fusion_ae_plain_latent,retained_attack_detections,Analysis,1365
Reconnaissance,2026,0.03,fusion_ae_plain_latent,retained_attack_detections,Backdoor,1273
Reconnaissance,2026,0.03,fusion_ae_plain_latent,retained_attack_detections,DoS,9775
Reconnaissance,2026,0.03,fusion_ae_plain_latent,retained_attack_detections,Exploits,15553
Reconnaissance,2026,0.03,fusion_ae_plain_latent,retained_attack_detections,Fuzzers,2844
Reconnaissance,2026,0.03,fusion_ae_plain_latent,retained_attack_detections,Generic,5931
Reconnaissance,2026,0.03,fusion_ae_plain_latent,retained_attack_detections,Reconnaissance,8562
Reconnaissance,2026,0.03,fusion_ae_plain_latent,retained_attack_detections,Shellcode,158
Reconnaissance,2026,0.03,fusion_ae_plain_latent,retained_attack_detections,Worms,17
Reconnaissance,2026,0.03,selective_fusion,recovered_attacks,Analysis,3
Reconnaissance,2026,0.03,selective_fusion,recovered_attacks,Backdoor,0
Reconnaissance,2026,0.03,selective_fusion,recovered_attacks,DoS,1
Reconnaissance,2026,0.03,selective_fusion,recovered_attacks,Exploits,4
Reconnaissance,2026,0.03,selective_fusion,recovered_attacks,Fuzzers,5
Reconnaissance,2026,0.03,selective_fusion,recovered_attacks,Generic,0
Reconnaissance,2026,0.03,selective_fusion,recovered_attacks,Reconnaissance,46
Reconnaissance,2026,0.03,selective_fusion,recovered_attacks,Shellcode,0
Reconnaissance,2026,0.03,selective_fusion,recovered_attacks,Worms,0
Reconnaissance,2026,0.03,selective_fusion,lost_attacks,Analysis,0
Reconnaissance,2026,0.03,selective_fusion,lost_attacks,Backdoor,0
Reconnaissance,2026,0.03,selective_fusion,lost_attacks,DoS,0
Reconnaissance,2026,0.03,selective_fusion,lost_attacks,Exploits,0
Reconnaissance,2026,0.03,selective_fusion,lost_attacks,Fuzzers,0
Reconnaissance,2026,0.03,selective_fusion,lost_attacks,Generic,0
Reconnaissance,2026,0.03,selective_fusion,lost_attacks,Reconnaissance,0
Reconnaissance,2026,0.03,selective_fusion,lost_attacks,Shellcode,0
Reconnaissance,2026,0.03,selective_fusion,lost_attacks,Worms,0
Reconnaissance,2026,0.03,selective_fusion,persistent_attack_misses,Analysis,68
Reconnaissance,2026,0.03,selective_fusion,persistent_attack_misses,Backdoor,43
Reconnaissance,2026,0.03,selective_fusion,persistent_attack_misses,DoS,243
Reconnaissance,2026,0.03,selective_fusion,persistent_attack_misses,Exploits,547
Reconnaissance,2026,0.03,selective_fusion,persistent_attack_misses,Fuzzers,1153
Reconnaissance,2026,0.03,selective_fusion,persistent_attack_misses,Generic,12
Reconnaissance,2026,0.03,selective_fusion,persistent_attack_misses,Reconnaissance,1695
Reconnaissance,2026,0.03,selective_fusion,persistent_attack_misses,Shellcode,11
Reconnaissance,2026,0.03,selective_fusion,persistent_attack_misses,Worms,0
Reconnaissance,2026,0.03,selective_fusion,retained_attack_detections,Analysis,1365
Reconnaissance,2026,0.03,selective_fusion,retained_attack_detections,Backdoor,1273
Reconnaissance,2026,0.03,selective_fusion,retained_attack_detections,DoS,9775
Reconnaissance,2026,0.03,selective_fusion,retained_attack_detections,Exploits,15560
Reconnaissance,2026,0.03,selective_fusion,retained_attack_detections,Fuzzers,2876
Reconnaissance,2026,0.03,selective_fusion,retained_attack_detections,Generic,5931
Reconnaissance,2026,0.03,selective_fusion,retained_attack_detections,Reconnaissance,8750
Reconnaissance,2026,0.03,selective_fusion,retained_attack_detections,Shellcode,159
Reconnaissance,2026,0.03,selective_fusion,retained_attack_detections,Worms,17
Reconnaissance,2026,0.05,fusion_ae_plain_latent,recovered_attacks,Analysis,6
Reconnaissance,2026,0.05,fusion_ae_plain_latent,recovered_attacks,Backdoor,2
Reconnaissance,2026,0.05,fusion_ae_plain_latent,recovered_attacks,DoS,11
Reconnaissance,2026,0.05,fusion_ae_plain_latent,recovered_attacks,Exploits,26
Reconnaissance,2026,0.05,fusion_ae_plain_latent,recovered_attacks,Fuzzers,29
Reconnaissance,2026,0.05,fusion_ae_plain_latent,recovered_attacks,Generic,0
Reconnaissance,2026,0.05,fusion_ae_plain_latent,recovered_attacks,Reconnaissance,51
Reconnaissance,2026,0.05,fusion_ae_plain_latent,recovered_attacks,Shellcode,0
Reconnaissance,2026,0.05,fusion_ae_plain_latent,recovered_attacks,Worms,0
Reconnaissance,2026,0.05,fusion_ae_plain_latent,lost_attacks,Analysis,0
Reconnaissance,2026,0.05,fusion_ae_plain_latent,lost_attacks,Backdoor,0
Reconnaissance,2026,0.05,fusion_ae_plain_latent,lost_attacks,DoS,0
Reconnaissance,2026,0.05,fusion_ae_plain_latent,lost_attacks,Exploits,4
Reconnaissance,2026,0.05,fusion_ae_plain_latent,lost_attacks,Fuzzers,50
Reconnaissance,2026,0.05,fusion_ae_plain_latent,lost_attacks,Generic,0
Reconnaissance,2026,0.05,fusion_ae_plain_latent,lost_attacks,Reconnaissance,162
Reconnaissance,2026,0.05,fusion_ae_plain_latent,lost_attacks,Shellcode,1
Reconnaissance,2026,0.05,fusion_ae_plain_latent,lost_attacks,Worms,0
Reconnaissance,2026,0.05,fusion_ae_plain_latent,persistent_attack_misses,Analysis,43
Reconnaissance,2026,0.05,fusion_ae_plain_latent,persistent_attack_misses,Backdoor,32
Reconnaissance,2026,0.05,fusion_ae_plain_latent,persistent_attack_misses,DoS,164
Reconnaissance,2026,0.05,fusion_ae_plain_latent,persistent_attack_misses,Exploits,379
Reconnaissance,2026,0.05,fusion_ae_plain_latent,persistent_attack_misses,Fuzzers,753
Reconnaissance,2026,0.05,fusion_ae_plain_latent,persistent_attack_misses,Generic,7
Reconnaissance,2026,0.05,fusion_ae_plain_latent,persistent_attack_misses,Reconnaissance,700
Reconnaissance,2026,0.05,fusion_ae_plain_latent,persistent_attack_misses,Shellcode,5
Reconnaissance,2026,0.05,fusion_ae_plain_latent,persistent_attack_misses,Worms,0
Reconnaissance,2026,0.05,fusion_ae_plain_latent,retained_attack_detections,Analysis,1387
Reconnaissance,2026,0.05,fusion_ae_plain_latent,retained_attack_detections,Backdoor,1282
Reconnaissance,2026,0.05,fusion_ae_plain_latent,retained_attack_detections,DoS,9844
Reconnaissance,2026,0.05,fusion_ae_plain_latent,retained_attack_detections,Exploits,15702
Reconnaissance,2026,0.05,fusion_ae_plain_latent,retained_attack_detections,Fuzzers,3202
Reconnaissance,2026,0.05,fusion_ae_plain_latent,retained_attack_detections,Generic,5936
Reconnaissance,2026,0.05,fusion_ae_plain_latent,retained_attack_detections,Reconnaissance,9578
Reconnaissance,2026,0.05,fusion_ae_plain_latent,retained_attack_detections,Shellcode,164
Reconnaissance,2026,0.05,fusion_ae_plain_latent,retained_attack_detections,Worms,17
Reconnaissance,2026,0.05,selective_fusion,recovered_attacks,Analysis,0
Reconnaissance,2026,0.05,selective_fusion,recovered_attacks,Backdoor,0
Reconnaissance,2026,0.05,selective_fusion,recovered_attacks,DoS,0
Reconnaissance,2026,0.05,selective_fusion,recovered_attacks,Exploits,2
Reconnaissance,2026,0.05,selective_fusion,recovered_attacks,Fuzzers,4
Reconnaissance,2026,0.05,selective_fusion,recovered_attacks,Generic,0
Reconnaissance,2026,0.05,selective_fusion,recovered_attacks,Reconnaissance,3
Reconnaissance,2026,0.05,selective_fusion,recovered_attacks,Shellcode,0
Reconnaissance,2026,0.05,selective_fusion,recovered_attacks,Worms,0
Reconnaissance,2026,0.05,selective_fusion,lost_attacks,Analysis,0
Reconnaissance,2026,0.05,selective_fusion,lost_attacks,Backdoor,0
Reconnaissance,2026,0.05,selective_fusion,lost_attacks,DoS,0
Reconnaissance,2026,0.05,selective_fusion,lost_attacks,Exploits,0
Reconnaissance,2026,0.05,selective_fusion,lost_attacks,Fuzzers,0
Reconnaissance,2026,0.05,selective_fusion,lost_attacks,Generic,0
Reconnaissance,2026,0.05,selective_fusion,lost_attacks,Reconnaissance,0
Reconnaissance,2026,0.05,selective_fusion,lost_attacks,Shellcode,0
Reconnaissance,2026,0.05,selective_fusion,lost_attacks,Worms,0
Reconnaissance,2026,0.05,selective_fusion,persistent_attack_misses,Analysis,49
Reconnaissance,2026,0.05,selective_fusion,persistent_attack_misses,Backdoor,34
Reconnaissance,2026,0.05,selective_fusion,persistent_attack_misses,DoS,175
Reconnaissance,2026,0.05,selective_fusion,persistent_attack_misses,Exploits,403
Reconnaissance,2026,0.05,selective_fusion,persistent_attack_misses,Fuzzers,778
Reconnaissance,2026,0.05,selective_fusion,persistent_attack_misses,Generic,7
Reconnaissance,2026,0.05,selective_fusion,persistent_attack_misses,Reconnaissance,748
Reconnaissance,2026,0.05,selective_fusion,persistent_attack_misses,Shellcode,5
Reconnaissance,2026,0.05,selective_fusion,persistent_attack_misses,Worms,0
Reconnaissance,2026,0.05,selective_fusion,retained_attack_detections,Analysis,1387
Reconnaissance,2026,0.05,selective_fusion,retained_attack_detections,Backdoor,1282
Reconnaissance,2026,0.05,selective_fusion,retained_attack_detections,DoS,9844
Reconnaissance,2026,0.05,selective_fusion,retained_attack_detections,Exploits,15706
Reconnaissance,2026,0.05,selective_fusion,retained_attack_detections,Fuzzers,3252
Reconnaissance,2026,0.05,selective_fusion,retained_attack_detections,Generic,5936
Reconnaissance,2026,0.05,selective_fusion,retained_attack_detections,Reconnaissance,9740
Reconnaissance,2026,0.05,selective_fusion,retained_attack_detections,Shellcode,165
Reconnaissance,2026,0.05,selective_fusion,retained_attack_detections,Worms,17
DoS,42,0.01,fusion_ae_plain_latent,recovered_attacks,Analysis,55
DoS,42,0.01,fusion_ae_plain_latent,recovered_attacks,Backdoor,38
DoS,42,0.01,fusion_ae_plain_latent,recovered_attacks,DoS,410
DoS,42,0.01,fusion_ae_plain_latent,recovered_attacks,Exploits,565
DoS,42,0.01,fusion_ae_plain_latent,recovered_attacks,Fuzzers,110
DoS,42,0.01,fusion_ae_plain_latent,recovered_attacks,Generic,14
DoS,42,0.01,fusion_ae_plain_latent,recovered_attacks,Reconnaissance,65
DoS,42,0.01,fusion_ae_plain_latent,recovered_attacks,Shellcode,3
DoS,42,0.01,fusion_ae_plain_latent,recovered_attacks,Worms,1
DoS,42,0.01,fusion_ae_plain_latent,lost_attacks,Analysis,0
DoS,42,0.01,fusion_ae_plain_latent,lost_attacks,Backdoor,1
DoS,42,0.01,fusion_ae_plain_latent,lost_attacks,DoS,34
DoS,42,0.01,fusion_ae_plain_latent,lost_attacks,Exploits,20
DoS,42,0.01,fusion_ae_plain_latent,lost_attacks,Fuzzers,102
DoS,42,0.01,fusion_ae_plain_latent,lost_attacks,Generic,0
DoS,42,0.01,fusion_ae_plain_latent,lost_attacks,Reconnaissance,4
DoS,42,0.01,fusion_ae_plain_latent,lost_attacks,Shellcode,8
DoS,42,0.01,fusion_ae_plain_latent,lost_attacks,Worms,0
DoS,42,0.01,fusion_ae_plain_latent,persistent_attack_misses,Analysis,87
DoS,42,0.01,fusion_ae_plain_latent,persistent_attack_misses,Backdoor,53
DoS,42,0.01,fusion_ae_plain_latent,persistent_attack_misses,DoS,535
DoS,42,0.01,fusion_ae_plain_latent,persistent_attack_misses,Exploits,690
DoS,42,0.01,fusion_ae_plain_latent,persistent_attack_misses,Fuzzers,1724
DoS,42,0.01,fusion_ae_plain_latent,persistent_attack_misses,Generic,20
DoS,42,0.01,fusion_ae_plain_latent,persistent_attack_misses,Reconnaissance,85
DoS,42,0.01,fusion_ae_plain_latent,persistent_attack_misses,Shellcode,25
DoS,42,0.01,fusion_ae_plain_latent,persistent_attack_misses,Worms,0
DoS,42,0.01,fusion_ae_plain_latent,retained_attack_detections,Analysis,1302
DoS,42,0.01,fusion_ae_plain_latent,retained_attack_detections,Backdoor,1197
DoS,42,0.01,fusion_ae_plain_latent,retained_attack_detections,DoS,11285
DoS,42,0.01,fusion_ae_plain_latent,retained_attack_detections,Exploits,14800
DoS,42,0.01,fusion_ae_plain_latent,retained_attack_detections,Fuzzers,2061
DoS,42,0.01,fusion_ae_plain_latent,retained_attack_detections,Generic,5974
DoS,42,0.01,fusion_ae_plain_latent,retained_attack_detections,Reconnaissance,3188
DoS,42,0.01,fusion_ae_plain_latent,retained_attack_detections,Shellcode,151
DoS,42,0.01,fusion_ae_plain_latent,retained_attack_detections,Worms,24
DoS,42,0.01,selective_fusion,recovered_attacks,Analysis,0
DoS,42,0.01,selective_fusion,recovered_attacks,Backdoor,0
DoS,42,0.01,selective_fusion,recovered_attacks,DoS,0
DoS,42,0.01,selective_fusion,recovered_attacks,Exploits,0
DoS,42,0.01,selective_fusion,recovered_attacks,Fuzzers,0
DoS,42,0.01,selective_fusion,recovered_attacks,Generic,0
DoS,42,0.01,selective_fusion,recovered_attacks,Reconnaissance,0
DoS,42,0.01,selective_fusion,recovered_attacks,Shellcode,0
DoS,42,0.01,selective_fusion,recovered_attacks,Worms,0
DoS,42,0.01,selective_fusion,lost_attacks,Analysis,0
DoS,42,0.01,selective_fusion,lost_attacks,Backdoor,0
DoS,42,0.01,selective_fusion,lost_attacks,DoS,0
DoS,42,0.01,selective_fusion,lost_attacks,Exploits,0
DoS,42,0.01,selective_fusion,lost_attacks,Fuzzers,0
DoS,42,0.01,selective_fusion,lost_attacks,Generic,0
DoS,42,0.01,selective_fusion,lost_attacks,Reconnaissance,0
DoS,42,0.01,selective_fusion,lost_attacks,Shellcode,0
DoS,42,0.01,selective_fusion,lost_attacks,Worms,0
DoS,42,0.01,selective_fusion,persistent_attack_misses,Analysis,142
DoS,42,0.01,selective_fusion,persistent_attack_misses,Backdoor,91
DoS,42,0.01,selective_fusion,persistent_attack_misses,DoS,945
DoS,42,0.01,selective_fusion,persistent_attack_misses,Exploits,1255
DoS,42,0.01,selective_fusion,persistent_attack_misses,Fuzzers,1834
DoS,42,0.01,selective_fusion,persistent_attack_misses,Generic,34
DoS,42,0.01,selective_fusion,persistent_attack_misses,Reconnaissance,150
DoS,42,0.01,selective_fusion,persistent_attack_misses,Shellcode,28
DoS,42,0.01,selective_fusion,persistent_attack_misses,Worms,1
DoS,42,0.01,selective_fusion,retained_attack_detections,Analysis,1302
DoS,42,0.01,selective_fusion,retained_attack_detections,Backdoor,1198
DoS,42,0.01,selective_fusion,retained_attack_detections,DoS,11319
DoS,42,0.01,selective_fusion,retained_attack_detections,Exploits,14820
DoS,42,0.01,selective_fusion,retained_attack_detections,Fuzzers,2163
DoS,42,0.01,selective_fusion,retained_attack_detections,Generic,5974
DoS,42,0.01,selective_fusion,retained_attack_detections,Reconnaissance,3192
DoS,42,0.01,selective_fusion,retained_attack_detections,Shellcode,159
DoS,42,0.01,selective_fusion,retained_attack_detections,Worms,24
DoS,42,0.03,fusion_ae_plain_latent,recovered_attacks,Analysis,8
DoS,42,0.03,fusion_ae_plain_latent,recovered_attacks,Backdoor,4
DoS,42,0.03,fusion_ae_plain_latent,recovered_attacks,DoS,44
DoS,42,0.03,fusion_ae_plain_latent,recovered_attacks,Exploits,45
DoS,42,0.03,fusion_ae_plain_latent,recovered_attacks,Fuzzers,31
DoS,42,0.03,fusion_ae_plain_latent,recovered_attacks,Generic,1
DoS,42,0.03,fusion_ae_plain_latent,recovered_attacks,Reconnaissance,5
DoS,42,0.03,fusion_ae_plain_latent,recovered_attacks,Shellcode,0
DoS,42,0.03,fusion_ae_plain_latent,recovered_attacks,Worms,0
DoS,42,0.03,fusion_ae_plain_latent,lost_attacks,Analysis,0
DoS,42,0.03,fusion_ae_plain_latent,lost_attacks,Backdoor,0
DoS,42,0.03,fusion_ae_plain_latent,lost_attacks,DoS,3
DoS,42,0.03,fusion_ae_plain_latent,lost_attacks,Exploits,3
DoS,42,0.03,fusion_ae_plain_latent,lost_attacks,Fuzzers,41
DoS,42,0.03,fusion_ae_plain_latent,lost_attacks,Generic,1
DoS,42,0.03,fusion_ae_plain_latent,lost_attacks,Reconnaissance,0
DoS,42,0.03,fusion_ae_plain_latent,lost_attacks,Shellcode,2
DoS,42,0.03,fusion_ae_plain_latent,lost_attacks,Worms,0
DoS,42,0.03,fusion_ae_plain_latent,persistent_attack_misses,Analysis,52
DoS,42,0.03,fusion_ae_plain_latent,persistent_attack_misses,Backdoor,26
DoS,42,0.03,fusion_ae_plain_latent,persistent_attack_misses,DoS,209
DoS,42,0.03,fusion_ae_plain_latent,persistent_attack_misses,Exploits,329
DoS,42,0.03,fusion_ae_plain_latent,persistent_attack_misses,Fuzzers,1132
DoS,42,0.03,fusion_ae_plain_latent,persistent_attack_misses,Generic,6
DoS,42,0.03,fusion_ae_plain_latent,persistent_attack_misses,Reconnaissance,40
DoS,42,0.03,fusion_ae_plain_latent,persistent_attack_misses,Shellcode,9
DoS,42,0.03,fusion_ae_plain_latent,persistent_attack_misses,Worms,0
DoS,42,0.03,fusion_ae_plain_latent,retained_attack_detections,Analysis,1384
DoS,42,0.03,fusion_ae_plain_latent,retained_attack_detections,Backdoor,1259
DoS,42,0.03,fusion_ae_plain_latent,retained_attack_detections,DoS,12008
DoS,42,0.03,fusion_ae_plain_latent,retained_attack_detections,Exploits,15698
DoS,42,0.03,fusion_ae_plain_latent,retained_attack_detections,Fuzzers,2793
DoS,42,0.03,fusion_ae_plain_latent,retained_attack_detections,Generic,6000
DoS,42,0.03,fusion_ae_plain_latent,retained_attack_detections,Reconnaissance,3297
DoS,42,0.03,fusion_ae_plain_latent,retained_attack_detections,Shellcode,176
DoS,42,0.03,fusion_ae_plain_latent,retained_attack_detections,Worms,25
DoS,42,0.03,selective_fusion,recovered_attacks,Analysis,0
DoS,42,0.03,selective_fusion,recovered_attacks,Backdoor,0
DoS,42,0.03,selective_fusion,recovered_attacks,DoS,2
DoS,42,0.03,selective_fusion,recovered_attacks,Exploits,0
DoS,42,0.03,selective_fusion,recovered_attacks,Fuzzers,0
DoS,42,0.03,selective_fusion,recovered_attacks,Generic,0
DoS,42,0.03,selective_fusion,recovered_attacks,Reconnaissance,0
DoS,42,0.03,selective_fusion,recovered_attacks,Shellcode,0
DoS,42,0.03,selective_fusion,recovered_attacks,Worms,0
DoS,42,0.03,selective_fusion,lost_attacks,Analysis,0
DoS,42,0.03,selective_fusion,lost_attacks,Backdoor,0
DoS,42,0.03,selective_fusion,lost_attacks,DoS,0
DoS,42,0.03,selective_fusion,lost_attacks,Exploits,0
DoS,42,0.03,selective_fusion,lost_attacks,Fuzzers,0
DoS,42,0.03,selective_fusion,lost_attacks,Generic,0
DoS,42,0.03,selective_fusion,lost_attacks,Reconnaissance,0
DoS,42,0.03,selective_fusion,lost_attacks,Shellcode,0
DoS,42,0.03,selective_fusion,lost_attacks,Worms,0
DoS,42,0.03,selective_fusion,persistent_attack_misses,Analysis,60
DoS,42,0.03,selective_fusion,persistent_attack_misses,Backdoor,30
DoS,42,0.03,selective_fusion,persistent_attack_misses,DoS,251
DoS,42,0.03,selective_fusion,persistent_attack_misses,Exploits,374
DoS,42,0.03,selective_fusion,persistent_attack_misses,Fuzzers,1163
DoS,42,0.03,selective_fusion,persistent_attack_misses,Generic,7
DoS,42,0.03,selective_fusion,persistent_attack_misses,Reconnaissance,45
DoS,42,0.03,selective_fusion,persistent_attack_misses,Shellcode,9
DoS,42,0.03,selective_fusion,persistent_attack_misses,Worms,0
DoS,42,0.03,selective_fusion,retained_attack_detections,Analysis,1384
DoS,42,0.03,selective_fusion,retained_attack_detections,Backdoor,1259
DoS,42,0.03,selective_fusion,retained_attack_detections,DoS,12011
DoS,42,0.03,selective_fusion,retained_attack_detections,Exploits,15701
DoS,42,0.03,selective_fusion,retained_attack_detections,Fuzzers,2834
DoS,42,0.03,selective_fusion,retained_attack_detections,Generic,6001
DoS,42,0.03,selective_fusion,retained_attack_detections,Reconnaissance,3297
DoS,42,0.03,selective_fusion,retained_attack_detections,Shellcode,178
DoS,42,0.03,selective_fusion,retained_attack_detections,Worms,25
DoS,42,0.05,fusion_ae_plain_latent,recovered_attacks,Analysis,12
DoS,42,0.05,fusion_ae_plain_latent,recovered_attacks,Backdoor,3
DoS,42,0.05,fusion_ae_plain_latent,recovered_attacks,DoS,28
DoS,42,0.05,fusion_ae_plain_latent,recovered_attacks,Exploits,32
DoS,42,0.05,fusion_ae_plain_latent,recovered_attacks,Fuzzers,41
DoS,42,0.05,fusion_ae_plain_latent,recovered_attacks,Generic,0
DoS,42,0.05,fusion_ae_plain_latent,recovered_attacks,Reconnaissance,5
DoS,42,0.05,fusion_ae_plain_latent,recovered_attacks,Shellcode,0
DoS,42,0.05,fusion_ae_plain_latent,recovered_attacks,Worms,0
DoS,42,0.05,fusion_ae_plain_latent,lost_attacks,Analysis,0
DoS,42,0.05,fusion_ae_plain_latent,lost_attacks,Backdoor,0
DoS,42,0.05,fusion_ae_plain_latent,lost_attacks,DoS,3
DoS,42,0.05,fusion_ae_plain_latent,lost_attacks,Exploits,3
DoS,42,0.05,fusion_ae_plain_latent,lost_attacks,Fuzzers,51
DoS,42,0.05,fusion_ae_plain_latent,lost_attacks,Generic,0
DoS,42,0.05,fusion_ae_plain_latent,lost_attacks,Reconnaissance,0
DoS,42,0.05,fusion_ae_plain_latent,lost_attacks,Shellcode,0
DoS,42,0.05,fusion_ae_plain_latent,lost_attacks,Worms,0
DoS,42,0.05,fusion_ae_plain_latent,persistent_attack_misses,Analysis,38
DoS,42,0.05,fusion_ae_plain_latent,persistent_attack_misses,Backdoor,17
DoS,42,0.05,fusion_ae_plain_latent,persistent_attack_misses,DoS,123
DoS,42,0.05,fusion_ae_plain_latent,persistent_attack_misses,Exploits,215
DoS,42,0.05,fusion_ae_plain_latent,persistent_attack_misses,Fuzzers,698
DoS,42,0.05,fusion_ae_plain_latent,persistent_attack_misses,Generic,4
DoS,42,0.05,fusion_ae_plain_latent,persistent_attack_misses,Reconnaissance,24
DoS,42,0.05,fusion_ae_plain_latent,persistent_attack_misses,Shellcode,3
DoS,42,0.05,fusion_ae_plain_latent,persistent_attack_misses,Worms,0
DoS,42,0.05,fusion_ae_plain_latent,retained_attack_detections,Analysis,1394
DoS,42,0.05,fusion_ae_plain_latent,retained_attack_detections,Backdoor,1269
DoS,42,0.05,fusion_ae_plain_latent,retained_attack_detections,DoS,12110
DoS,42,0.05,fusion_ae_plain_latent,retained_attack_detections,Exploits,15825
DoS,42,0.05,fusion_ae_plain_latent,retained_attack_detections,Fuzzers,3207
DoS,42,0.05,fusion_ae_plain_latent,retained_attack_detections,Generic,6004
DoS,42,0.05,fusion_ae_plain_latent,retained_attack_detections,Reconnaissance,3313
DoS,42,0.05,fusion_ae_plain_latent,retained_attack_detections,Shellcode,184
DoS,42,0.05,fusion_ae_plain_latent,retained_attack_detections,Worms,25
DoS,42,0.05,selective_fusion,recovered_attacks,Analysis,9
DoS,42,0.05,selective_fusion,recovered_attacks,Backdoor,0
DoS,42,0.05,selective_fusion,recovered_attacks,DoS,3
DoS,42,0.05,selective_fusion,recovered_attacks,Exploits,3
DoS,42,0.05,selective_fusion,recovered_attacks,Fuzzers,2
DoS,42,0.05,selective_fusion,recovered_attacks,Generic,0
DoS,42,0.05,selective_fusion,recovered_attacks,Reconnaissance,1
DoS,42,0.05,selective_fusion,recovered_attacks,Shellcode,0
DoS,42,0.05,selective_fusion,recovered_attacks,Worms,0
DoS,42,0.05,selective_fusion,lost_attacks,Analysis,0
DoS,42,0.05,selective_fusion,lost_attacks,Backdoor,0
DoS,42,0.05,selective_fusion,lost_attacks,DoS,0
DoS,42,0.05,selective_fusion,lost_attacks,Exploits,0
DoS,42,0.05,selective_fusion,lost_attacks,Fuzzers,0
DoS,42,0.05,selective_fusion,lost_attacks,Generic,0
DoS,42,0.05,selective_fusion,lost_attacks,Reconnaissance,0
DoS,42,0.05,selective_fusion,lost_attacks,Shellcode,0
DoS,42,0.05,selective_fusion,lost_attacks,Worms,0
DoS,42,0.05,selective_fusion,persistent_attack_misses,Analysis,41
DoS,42,0.05,selective_fusion,persistent_attack_misses,Backdoor,20
DoS,42,0.05,selective_fusion,persistent_attack_misses,DoS,148
DoS,42,0.05,selective_fusion,persistent_attack_misses,Exploits,244
DoS,42,0.05,selective_fusion,persistent_attack_misses,Fuzzers,737
DoS,42,0.05,selective_fusion,persistent_attack_misses,Generic,4
DoS,42,0.05,selective_fusion,persistent_attack_misses,Reconnaissance,28
DoS,42,0.05,selective_fusion,persistent_attack_misses,Shellcode,3
DoS,42,0.05,selective_fusion,persistent_attack_misses,Worms,0
DoS,42,0.05,selective_fusion,retained_attack_detections,Analysis,1394
DoS,42,0.05,selective_fusion,retained_attack_detections,Backdoor,1269
DoS,42,0.05,selective_fusion,retained_attack_detections,DoS,12113
DoS,42,0.05,selective_fusion,retained_attack_detections,Exploits,15828
DoS,42,0.05,selective_fusion,retained_attack_detections,Fuzzers,3258
DoS,42,0.05,selective_fusion,retained_attack_detections,Generic,6004
DoS,42,0.05,selective_fusion,retained_attack_detections,Reconnaissance,3313
DoS,42,0.05,selective_fusion,retained_attack_detections,Shellcode,184
DoS,42,0.05,selective_fusion,retained_attack_detections,Worms,25
DoS,123,0.01,fusion_ae_plain_latent,recovered_attacks,Analysis,6
DoS,123,0.01,fusion_ae_plain_latent,recovered_attacks,Backdoor,5
DoS,123,0.01,fusion_ae_plain_latent,recovered_attacks,DoS,72
DoS,123,0.01,fusion_ae_plain_latent,recovered_attacks,Exploits,73
DoS,123,0.01,fusion_ae_plain_latent,recovered_attacks,Fuzzers,30
DoS,123,0.01,fusion_ae_plain_latent,recovered_attacks,Generic,5
DoS,123,0.01,fusion_ae_plain_latent,recovered_attacks,Reconnaissance,9
DoS,123,0.01,fusion_ae_plain_latent,recovered_attacks,Shellcode,0
DoS,123,0.01,fusion_ae_plain_latent,recovered_attacks,Worms,0
DoS,123,0.01,fusion_ae_plain_latent,lost_attacks,Analysis,82
DoS,123,0.01,fusion_ae_plain_latent,lost_attacks,Backdoor,65
DoS,123,0.01,fusion_ae_plain_latent,lost_attacks,DoS,678
DoS,123,0.01,fusion_ae_plain_latent,lost_attacks,Exploits,842
DoS,123,0.01,fusion_ae_plain_latent,lost_attacks,Fuzzers,415
DoS,123,0.01,fusion_ae_plain_latent,lost_attacks,Generic,26
DoS,123,0.01,fusion_ae_plain_latent,lost_attacks,Reconnaissance,234
DoS,123,0.01,fusion_ae_plain_latent,lost_attacks,Shellcode,17
DoS,123,0.01,fusion_ae_plain_latent,lost_attacks,Worms,1
DoS,123,0.01,fusion_ae_plain_latent,persistent_attack_misses,Analysis,200
DoS,123,0.01,fusion_ae_plain_latent,persistent_attack_misses,Backdoor,120
DoS,123,0.01,fusion_ae_plain_latent,persistent_attack_misses,DoS,1312
DoS,123,0.01,fusion_ae_plain_latent,persistent_attack_misses,Exploits,1811
DoS,123,0.01,fusion_ae_plain_latent,persistent_attack_misses,Fuzzers,1865
DoS,123,0.01,fusion_ae_plain_latent,persistent_attack_misses,Generic,44
DoS,123,0.01,fusion_ae_plain_latent,persistent_attack_misses,Reconnaissance,202
DoS,123,0.01,fusion_ae_plain_latent,persistent_attack_misses,Shellcode,27
DoS,123,0.01,fusion_ae_plain_latent,persistent_attack_misses,Worms,2
DoS,123,0.01,fusion_ae_plain_latent,retained_attack_detections,Analysis,1134
DoS,123,0.01,fusion_ae_plain_latent,retained_attack_detections,Backdoor,1114
DoS,123,0.01,fusion_ae_plain_latent,retained_attack_detections,DoS,10202
DoS,123,0.01,fusion_ae_plain_latent,retained_attack_detections,Exploits,13385
DoS,123,0.01,fusion_ae_plain_latent,retained_attack_detections,Fuzzers,1614
DoS,123,0.01,fusion_ae_plain_latent,retained_attack_detections,Generic,5910
DoS,123,0.01,fusion_ae_plain_latent,retained_attack_detections,Reconnaissance,2712
DoS,123,0.01,fusion_ae_plain_latent,retained_attack_detections,Shellcode,108
DoS,123,0.01,fusion_ae_plain_latent,retained_attack_detections,Worms,26
DoS,123,0.01,selective_fusion,recovered_attacks,Analysis,0
DoS,123,0.01,selective_fusion,recovered_attacks,Backdoor,0
DoS,123,0.01,selective_fusion,recovered_attacks,DoS,0
DoS,123,0.01,selective_fusion,recovered_attacks,Exploits,0
DoS,123,0.01,selective_fusion,recovered_attacks,Fuzzers,0
DoS,123,0.01,selective_fusion,recovered_attacks,Generic,0
DoS,123,0.01,selective_fusion,recovered_attacks,Reconnaissance,0
DoS,123,0.01,selective_fusion,recovered_attacks,Shellcode,0
DoS,123,0.01,selective_fusion,recovered_attacks,Worms,0
DoS,123,0.01,selective_fusion,lost_attacks,Analysis,0
DoS,123,0.01,selective_fusion,lost_attacks,Backdoor,0
DoS,123,0.01,selective_fusion,lost_attacks,DoS,0
DoS,123,0.01,selective_fusion,lost_attacks,Exploits,0
DoS,123,0.01,selective_fusion,lost_attacks,Fuzzers,0
DoS,123,0.01,selective_fusion,lost_attacks,Generic,0
DoS,123,0.01,selective_fusion,lost_attacks,Reconnaissance,0
DoS,123,0.01,selective_fusion,lost_attacks,Shellcode,0
DoS,123,0.01,selective_fusion,lost_attacks,Worms,0
DoS,123,0.01,selective_fusion,persistent_attack_misses,Analysis,206
DoS,123,0.01,selective_fusion,persistent_attack_misses,Backdoor,125
DoS,123,0.01,selective_fusion,persistent_attack_misses,DoS,1384
DoS,123,0.01,selective_fusion,persistent_attack_misses,Exploits,1884
DoS,123,0.01,selective_fusion,persistent_attack_misses,Fuzzers,1895
DoS,123,0.01,selective_fusion,persistent_attack_misses,Generic,49
DoS,123,0.01,selective_fusion,persistent_attack_misses,Reconnaissance,211
DoS,123,0.01,selective_fusion,persistent_attack_misses,Shellcode,27
DoS,123,0.01,selective_fusion,persistent_attack_misses,Worms,2
DoS,123,0.01,selective_fusion,retained_attack_detections,Analysis,1216
DoS,123,0.01,selective_fusion,retained_attack_detections,Backdoor,1179
DoS,123,0.01,selective_fusion,retained_attack_detections,DoS,10880
DoS,123,0.01,selective_fusion,retained_attack_detections,Exploits,14227
DoS,123,0.01,selective_fusion,retained_attack_detections,Fuzzers,2029
DoS,123,0.01,selective_fusion,retained_attack_detections,Generic,5936
DoS,123,0.01,selective_fusion,retained_attack_detections,Reconnaissance,2946
DoS,123,0.01,selective_fusion,retained_attack_detections,Shellcode,125
DoS,123,0.01,selective_fusion,retained_attack_detections,Worms,27
DoS,123,0.03,fusion_ae_plain_latent,recovered_attacks,Analysis,13
DoS,123,0.03,fusion_ae_plain_latent,recovered_attacks,Backdoor,3
DoS,123,0.03,fusion_ae_plain_latent,recovered_attacks,DoS,61
DoS,123,0.03,fusion_ae_plain_latent,recovered_attacks,Exploits,41
DoS,123,0.03,fusion_ae_plain_latent,recovered_attacks,Fuzzers,42
DoS,123,0.03,fusion_ae_plain_latent,recovered_attacks,Generic,2
DoS,123,0.03,fusion_ae_plain_latent,recovered_attacks,Reconnaissance,5
DoS,123,0.03,fusion_ae_plain_latent,recovered_attacks,Shellcode,0
DoS,123,0.03,fusion_ae_plain_latent,recovered_attacks,Worms,1
DoS,123,0.03,fusion_ae_plain_latent,lost_attacks,Analysis,0
DoS,123,0.03,fusion_ae_plain_latent,lost_attacks,Backdoor,1
DoS,123,0.03,fusion_ae_plain_latent,lost_attacks,DoS,10
DoS,123,0.03,fusion_ae_plain_latent,lost_attacks,Exploits,5
DoS,123,0.03,fusion_ae_plain_latent,lost_attacks,Fuzzers,52
DoS,123,0.03,fusion_ae_plain_latent,lost_attacks,Generic,1
DoS,123,0.03,fusion_ae_plain_latent,lost_attacks,Reconnaissance,1
DoS,123,0.03,fusion_ae_plain_latent,lost_attacks,Shellcode,1
DoS,123,0.03,fusion_ae_plain_latent,lost_attacks,Worms,0
DoS,123,0.03,fusion_ae_plain_latent,persistent_attack_misses,Analysis,53
DoS,123,0.03,fusion_ae_plain_latent,persistent_attack_misses,Backdoor,35
DoS,123,0.03,fusion_ae_plain_latent,persistent_attack_misses,DoS,300
DoS,123,0.03,fusion_ae_plain_latent,persistent_attack_misses,Exploits,453
DoS,123,0.03,fusion_ae_plain_latent,persistent_attack_misses,Fuzzers,1220
DoS,123,0.03,fusion_ae_plain_latent,persistent_attack_misses,Generic,8
DoS,123,0.03,fusion_ae_plain_latent,persistent_attack_misses,Reconnaissance,50
DoS,123,0.03,fusion_ae_plain_latent,persistent_attack_misses,Shellcode,16
DoS,123,0.03,fusion_ae_plain_latent,persistent_attack_misses,Worms,0
DoS,123,0.03,fusion_ae_plain_latent,retained_attack_detections,Analysis,1356
DoS,123,0.03,fusion_ae_plain_latent,retained_attack_detections,Backdoor,1265
DoS,123,0.03,fusion_ae_plain_latent,retained_attack_detections,DoS,11893
DoS,123,0.03,fusion_ae_plain_latent,retained_attack_detections,Exploits,15612
DoS,123,0.03,fusion_ae_plain_latent,retained_attack_detections,Fuzzers,2610
DoS,123,0.03,fusion_ae_plain_latent,retained_attack_detections,Generic,5974
DoS,123,0.03,fusion_ae_plain_latent,retained_attack_detections,Reconnaissance,3101
DoS,123,0.03,fusion_ae_plain_latent,retained_attack_detections,Shellcode,135
DoS,123,0.03,fusion_ae_plain_latent,retained_attack_detections,Worms,28
DoS,123,0.03,selective_fusion,recovered_attacks,Analysis,0
DoS,123,0.03,selective_fusion,recovered_attacks,Backdoor,0
DoS,123,0.03,selective_fusion,recovered_attacks,DoS,7
DoS,123,0.03,selective_fusion,recovered_attacks,Exploits,2
DoS,123,0.03,selective_fusion,recovered_attacks,Fuzzers,0
DoS,123,0.03,selective_fusion,recovered_attacks,Generic,0
DoS,123,0.03,selective_fusion,recovered_attacks,Reconnaissance,0
DoS,123,0.03,selective_fusion,recovered_attacks,Shellcode,0
DoS,123,0.03,selective_fusion,recovered_attacks,Worms,0
DoS,123,0.03,selective_fusion,lost_attacks,Analysis,0
DoS,123,0.03,selective_fusion,lost_attacks,Backdoor,0
DoS,123,0.03,selective_fusion,lost_attacks,DoS,0
DoS,123,0.03,selective_fusion,lost_attacks,Exploits,0
DoS,123,0.03,selective_fusion,lost_attacks,Fuzzers,0
DoS,123,0.03,selective_fusion,lost_attacks,Generic,0
DoS,123,0.03,selective_fusion,lost_attacks,Reconnaissance,0
DoS,123,0.03,selective_fusion,lost_attacks,Shellcode,0
DoS,123,0.03,selective_fusion,lost_attacks,Worms,0
DoS,123,0.03,selective_fusion,persistent_attack_misses,Analysis,66
DoS,123,0.03,selective_fusion,persistent_attack_misses,Backdoor,38
DoS,123,0.03,selective_fusion,persistent_attack_misses,DoS,354
DoS,123,0.03,selective_fusion,persistent_attack_misses,Exploits,492
DoS,123,0.03,selective_fusion,persistent_attack_misses,Fuzzers,1262
DoS,123,0.03,selective_fusion,persistent_attack_misses,Generic,10
DoS,123,0.03,selective_fusion,persistent_attack_misses,Reconnaissance,55
DoS,123,0.03,selective_fusion,persistent_attack_misses,Shellcode,16
DoS,123,0.03,selective_fusion,persistent_attack_misses,Worms,1
DoS,123,0.03,selective_fusion,retained_attack_detections,Analysis,1356
DoS,123,0.03,selective_fusion,retained_attack_detections,Backdoor,1266
DoS,123,0.03,selective_fusion,retained_attack_detections,DoS,11903
DoS,123,0.03,selective_fusion,retained_attack_detections,Exploits,15617
DoS,123,0.03,selective_fusion,retained_attack_detections,Fuzzers,2662
DoS,123,0.03,selective_fusion,retained_attack_detections,Generic,5975
DoS,123,0.03,selective_fusion,retained_attack_detections,Reconnaissance,3102
DoS,123,0.03,selective_fusion,retained_attack_detections,Shellcode,136
DoS,123,0.03,selective_fusion,retained_attack_detections,Worms,28
DoS,123,0.05,fusion_ae_plain_latent,recovered_attacks,Analysis,18
DoS,123,0.05,fusion_ae_plain_latent,recovered_attacks,Backdoor,0
DoS,123,0.05,fusion_ae_plain_latent,recovered_attacks,DoS,14
DoS,123,0.05,fusion_ae_plain_latent,recovered_attacks,Exploits,7
DoS,123,0.05,fusion_ae_plain_latent,recovered_attacks,Fuzzers,33
DoS,123,0.05,fusion_ae_plain_latent,recovered_attacks,Generic,1
DoS,123,0.05,fusion_ae_plain_latent,recovered_attacks,Reconnaissance,1
DoS,123,0.05,fusion_ae_plain_latent,recovered_attacks,Shellcode,1
DoS,123,0.05,fusion_ae_plain_latent,recovered_attacks,Worms,0
DoS,123,0.05,fusion_ae_plain_latent,lost_attacks,Analysis,0
DoS,123,0.05,fusion_ae_plain_latent,lost_attacks,Backdoor,0
DoS,123,0.05,fusion_ae_plain_latent,lost_attacks,DoS,3
DoS,123,0.05,fusion_ae_plain_latent,lost_attacks,Exploits,7
DoS,123,0.05,fusion_ae_plain_latent,lost_attacks,Fuzzers,48
DoS,123,0.05,fusion_ae_plain_latent,lost_attacks,Generic,0
DoS,123,0.05,fusion_ae_plain_latent,lost_attacks,Reconnaissance,1
DoS,123,0.05,fusion_ae_plain_latent,lost_attacks,Shellcode,1
DoS,123,0.05,fusion_ae_plain_latent,lost_attacks,Worms,0
DoS,123,0.05,fusion_ae_plain_latent,persistent_attack_misses,Analysis,33
DoS,123,0.05,fusion_ae_plain_latent,persistent_attack_misses,Backdoor,27
DoS,123,0.05,fusion_ae_plain_latent,persistent_attack_misses,DoS,210
DoS,123,0.05,fusion_ae_plain_latent,persistent_attack_misses,Exploits,336
DoS,123,0.05,fusion_ae_plain_latent,persistent_attack_misses,Fuzzers,858
DoS,123,0.05,fusion_ae_plain_latent,persistent_attack_misses,Generic,4
DoS,123,0.05,fusion_ae_plain_latent,persistent_attack_misses,Reconnaissance,38
DoS,123,0.05,fusion_ae_plain_latent,persistent_attack_misses,Shellcode,7
DoS,123,0.05,fusion_ae_plain_latent,persistent_attack_misses,Worms,0
DoS,123,0.05,fusion_ae_plain_latent,retained_attack_detections,Analysis,1371
DoS,123,0.05,fusion_ae_plain_latent,retained_attack_detections,Backdoor,1277
DoS,123,0.05,fusion_ae_plain_latent,retained_attack_detections,DoS,12037
DoS,123,0.05,fusion_ae_plain_latent,retained_attack_detections,Exploits,15761
DoS,123,0.05,fusion_ae_plain_latent,retained_attack_detections,Fuzzers,2985
DoS,123,0.05,fusion_ae_plain_latent,retained_attack_detections,Generic,5980
DoS,123,0.05,fusion_ae_plain_latent,retained_attack_detections,Reconnaissance,3117
DoS,123,0.05,fusion_ae_plain_latent,retained_attack_detections,Shellcode,143
DoS,123,0.05,fusion_ae_plain_latent,retained_attack_detections,Worms,29
DoS,123,0.05,selective_fusion,recovered_attacks,Analysis,3
DoS,123,0.05,selective_fusion,recovered_attacks,Backdoor,0
DoS,123,0.05,selective_fusion,recovered_attacks,DoS,2
DoS,123,0.05,selective_fusion,recovered_attacks,Exploits,1
DoS,123,0.05,selective_fusion,recovered_attacks,Fuzzers,0
DoS,123,0.05,selective_fusion,recovered_attacks,Generic,0
DoS,123,0.05,selective_fusion,recovered_attacks,Reconnaissance,0
DoS,123,0.05,selective_fusion,recovered_attacks,Shellcode,0
DoS,123,0.05,selective_fusion,recovered_attacks,Worms,0
DoS,123,0.05,selective_fusion,lost_attacks,Analysis,0
DoS,123,0.05,selective_fusion,lost_attacks,Backdoor,0
DoS,123,0.05,selective_fusion,lost_attacks,DoS,0
DoS,123,0.05,selective_fusion,lost_attacks,Exploits,0
DoS,123,0.05,selective_fusion,lost_attacks,Fuzzers,0
DoS,123,0.05,selective_fusion,lost_attacks,Generic,0
DoS,123,0.05,selective_fusion,lost_attacks,Reconnaissance,0
DoS,123,0.05,selective_fusion,lost_attacks,Shellcode,0
DoS,123,0.05,selective_fusion,lost_attacks,Worms,0
DoS,123,0.05,selective_fusion,persistent_attack_misses,Analysis,48
DoS,123,0.05,selective_fusion,persistent_attack_misses,Backdoor,27
DoS,123,0.05,selective_fusion,persistent_attack_misses,DoS,222
DoS,123,0.05,selective_fusion,persistent_attack_misses,Exploits,342
DoS,123,0.05,selective_fusion,persistent_attack_misses,Fuzzers,891
DoS,123,0.05,selective_fusion,persistent_attack_misses,Generic,5
DoS,123,0.05,selective_fusion,persistent_attack_misses,Reconnaissance,39
DoS,123,0.05,selective_fusion,persistent_attack_misses,Shellcode,8
DoS,123,0.05,selective_fusion,persistent_attack_misses,Worms,0
DoS,123,0.05,selective_fusion,retained_attack_detections,Analysis,1371
DoS,123,0.05,selective_fusion,retained_attack_detections,Backdoor,1277
DoS,123,0.05,selective_fusion,retained_attack_detections,DoS,12040
DoS,123,0.05,selective_fusion,retained_attack_detections,Exploits,15768
DoS,123,0.05,selective_fusion,retained_attack_detections,Fuzzers,3033
DoS,123,0.05,selective_fusion,retained_attack_detections,Generic,5980
DoS,123,0.05,selective_fusion,retained_attack_detections,Reconnaissance,3118
DoS,123,0.05,selective_fusion,retained_attack_detections,Shellcode,144
DoS,123,0.05,selective_fusion,retained_attack_detections,Worms,29
DoS,2026,0.01,fusion_ae_plain_latent,recovered_attacks,Analysis,12
DoS,2026,0.01,fusion_ae_plain_latent,recovered_attacks,Backdoor,8
DoS,2026,0.01,fusion_ae_plain_latent,recovered_attacks,DoS,112
DoS,2026,0.01,fusion_ae_plain_latent,recovered_attacks,Exploits,112
DoS,2026,0.01,fusion_ae_plain_latent,recovered_attacks,Fuzzers,75
DoS,2026,0.01,fusion_ae_plain_latent,recovered_attacks,Generic,3
DoS,2026,0.01,fusion_ae_plain_latent,recovered_attacks,Reconnaissance,16
DoS,2026,0.01,fusion_ae_plain_latent,recovered_attacks,Shellcode,0
DoS,2026,0.01,fusion_ae_plain_latent,recovered_attacks,Worms,0
DoS,2026,0.01,fusion_ae_plain_latent,lost_attacks,Analysis,0
DoS,2026,0.01,fusion_ae_plain_latent,lost_attacks,Backdoor,0
DoS,2026,0.01,fusion_ae_plain_latent,lost_attacks,DoS,15
DoS,2026,0.01,fusion_ae_plain_latent,lost_attacks,Exploits,15
DoS,2026,0.01,fusion_ae_plain_latent,lost_attacks,Fuzzers,76
DoS,2026,0.01,fusion_ae_plain_latent,lost_attacks,Generic,2
DoS,2026,0.01,fusion_ae_plain_latent,lost_attacks,Reconnaissance,2
DoS,2026,0.01,fusion_ae_plain_latent,lost_attacks,Shellcode,4
DoS,2026,0.01,fusion_ae_plain_latent,lost_attacks,Worms,0
DoS,2026,0.01,fusion_ae_plain_latent,persistent_attack_misses,Analysis,69
DoS,2026,0.01,fusion_ae_plain_latent,persistent_attack_misses,Backdoor,41
DoS,2026,0.01,fusion_ae_plain_latent,persistent_attack_misses,DoS,437
DoS,2026,0.01,fusion_ae_plain_latent,persistent_attack_misses,Exploits,591
DoS,2026,0.01,fusion_ae_plain_latent,persistent_attack_misses,Fuzzers,1474
DoS,2026,0.01,fusion_ae_plain_latent,persistent_attack_misses,Generic,14
DoS,2026,0.01,fusion_ae_plain_latent,persistent_attack_misses,Reconnaissance,68
DoS,2026,0.01,fusion_ae_plain_latent,persistent_attack_misses,Shellcode,26
DoS,2026,0.01,fusion_ae_plain_latent,persistent_attack_misses,Worms,1
DoS,2026,0.01,fusion_ae_plain_latent,retained_attack_detections,Analysis,1346
DoS,2026,0.01,fusion_ae_plain_latent,retained_attack_detections,Backdoor,1255
DoS,2026,0.01,fusion_ae_plain_latent,retained_attack_detections,DoS,11700
DoS,2026,0.01,fusion_ae_plain_latent,retained_attack_detections,Exploits,15324
DoS,2026,0.01,fusion_ae_plain_latent,retained_attack_detections,Fuzzers,2266
DoS,2026,0.01,fusion_ae_plain_latent,retained_attack_detections,Generic,5958
DoS,2026,0.01,fusion_ae_plain_latent,retained_attack_detections,Reconnaissance,2883
DoS,2026,0.01,fusion_ae_plain_latent,retained_attack_detections,Shellcode,137
DoS,2026,0.01,fusion_ae_plain_latent,retained_attack_detections,Worms,24
DoS,2026,0.01,selective_fusion,recovered_attacks,Analysis,0
DoS,2026,0.01,selective_fusion,recovered_attacks,Backdoor,0
DoS,2026,0.01,selective_fusion,recovered_attacks,DoS,4
DoS,2026,0.01,selective_fusion,recovered_attacks,Exploits,4
DoS,2026,0.01,selective_fusion,recovered_attacks,Fuzzers,0
DoS,2026,0.01,selective_fusion,recovered_attacks,Generic,1
DoS,2026,0.01,selective_fusion,recovered_attacks,Reconnaissance,0
DoS,2026,0.01,selective_fusion,recovered_attacks,Shellcode,0
DoS,2026,0.01,selective_fusion,recovered_attacks,Worms,0
DoS,2026,0.01,selective_fusion,lost_attacks,Analysis,0
DoS,2026,0.01,selective_fusion,lost_attacks,Backdoor,0
DoS,2026,0.01,selective_fusion,lost_attacks,DoS,0
DoS,2026,0.01,selective_fusion,lost_attacks,Exploits,0
DoS,2026,0.01,selective_fusion,lost_attacks,Fuzzers,0
DoS,2026,0.01,selective_fusion,lost_attacks,Generic,0
DoS,2026,0.01,selective_fusion,lost_attacks,Reconnaissance,0
DoS,2026,0.01,selective_fusion,lost_attacks,Shellcode,0
DoS,2026,0.01,selective_fusion,lost_attacks,Worms,0
DoS,2026,0.01,selective_fusion,persistent_attack_misses,Analysis,81
DoS,2026,0.01,selective_fusion,persistent_attack_misses,Backdoor,49
DoS,2026,0.01,selective_fusion,persistent_attack_misses,DoS,545
DoS,2026,0.01,selective_fusion,persistent_attack_misses,Exploits,699
DoS,2026,0.01,selective_fusion,persistent_attack_misses,Fuzzers,1549
DoS,2026,0.01,selective_fusion,persistent_attack_misses,Generic,16
DoS,2026,0.01,selective_fusion,persistent_attack_misses,Reconnaissance,84
DoS,2026,0.01,selective_fusion,persistent_attack_misses,Shellcode,26
DoS,2026,0.01,selective_fusion,persistent_attack_misses,Worms,1
DoS,2026,0.01,selective_fusion,retained_attack_detections,Analysis,1346
DoS,2026,0.01,selective_fusion,retained_attack_detections,Backdoor,1255
DoS,2026,0.01,selective_fusion,retained_attack_detections,DoS,11715
DoS,2026,0.01,selective_fusion,retained_attack_detections,Exploits,15339
DoS,2026,0.01,selective_fusion,retained_attack_detections,Fuzzers,2342
DoS,2026,0.01,selective_fusion,retained_attack_detections,Generic,5960
DoS,2026,0.01,selective_fusion,retained_attack_detections,Reconnaissance,2885
DoS,2026,0.01,selective_fusion,retained_attack_detections,Shellcode,141
DoS,2026,0.01,selective_fusion,retained_attack_detections,Worms,24
DoS,2026,0.03,fusion_ae_plain_latent,recovered_attacks,Analysis,11
DoS,2026,0.03,fusion_ae_plain_latent,recovered_attacks,Backdoor,0
DoS,2026,0.03,fusion_ae_plain_latent,recovered_attacks,DoS,16
DoS,2026,0.03,fusion_ae_plain_latent,recovered_attacks,Exploits,8
DoS,2026,0.03,fusion_ae_plain_latent,recovered_attacks,Fuzzers,32
DoS,2026,0.03,fusion_ae_plain_latent,recovered_attacks,Generic,0
DoS,2026,0.03,fusion_ae_plain_latent,recovered_attacks,Reconnaissance,0
DoS,2026,0.03,fusion_ae_plain_latent,recovered_attacks,Shellcode,1
DoS,2026,0.03,fusion_ae_plain_latent,recovered_attacks,Worms,0
DoS,2026,0.03,fusion_ae_plain_latent,lost_attacks,Analysis,0
DoS,2026,0.03,fusion_ae_plain_latent,lost_attacks,Backdoor,0
DoS,2026,0.03,fusion_ae_plain_latent,lost_attacks,DoS,2
DoS,2026,0.03,fusion_ae_plain_latent,lost_attacks,Exploits,12
DoS,2026,0.03,fusion_ae_plain_latent,lost_attacks,Fuzzers,38
DoS,2026,0.03,fusion_ae_plain_latent,lost_attacks,Generic,0
DoS,2026,0.03,fusion_ae_plain_latent,lost_attacks,Reconnaissance,1
DoS,2026,0.03,fusion_ae_plain_latent,lost_attacks,Shellcode,1
DoS,2026,0.03,fusion_ae_plain_latent,lost_attacks,Worms,0
DoS,2026,0.03,fusion_ae_plain_latent,persistent_attack_misses,Analysis,35
DoS,2026,0.03,fusion_ae_plain_latent,persistent_attack_misses,Backdoor,28
DoS,2026,0.03,fusion_ae_plain_latent,persistent_attack_misses,DoS,233
DoS,2026,0.03,fusion_ae_plain_latent,persistent_attack_misses,Exploits,375
DoS,2026,0.03,fusion_ae_plain_latent,persistent_attack_misses,Fuzzers,955
DoS,2026,0.03,fusion_ae_plain_latent,persistent_attack_misses,Generic,5
DoS,2026,0.03,fusion_ae_plain_latent,persistent_attack_misses,Reconnaissance,41
DoS,2026,0.03,fusion_ae_plain_latent,persistent_attack_misses,Shellcode,8
DoS,2026,0.03,fusion_ae_plain_latent,persistent_attack_misses,Worms,0
DoS,2026,0.03,fusion_ae_plain_latent,retained_attack_detections,Analysis,1381
DoS,2026,0.03,fusion_ae_plain_latent,retained_attack_detections,Backdoor,1276
DoS,2026,0.03,fusion_ae_plain_latent,retained_attack_detections,DoS,12013
DoS,2026,0.03,fusion_ae_plain_latent,retained_attack_detections,Exploits,15647
DoS,2026,0.03,fusion_ae_plain_latent,retained_attack_detections,Fuzzers,2866
DoS,2026,0.03,fusion_ae_plain_latent,retained_attack_detections,Generic,5972
DoS,2026,0.03,fusion_ae_plain_latent,retained_attack_detections,Reconnaissance,2927
DoS,2026,0.03,fusion_ae_plain_latent,retained_attack_detections,Shellcode,157
DoS,2026,0.03,fusion_ae_plain_latent,retained_attack_detections,Worms,25
DoS,2026,0.03,selective_fusion,recovered_attacks,Analysis,0
DoS,2026,0.03,selective_fusion,recovered_attacks,Backdoor,0
DoS,2026,0.03,selective_fusion,recovered_attacks,DoS,1
DoS,2026,0.03,selective_fusion,recovered_attacks,Exploits,2
DoS,2026,0.03,selective_fusion,recovered_attacks,Fuzzers,2
DoS,2026,0.03,selective_fusion,recovered_attacks,Generic,0
DoS,2026,0.03,selective_fusion,recovered_attacks,Reconnaissance,0
DoS,2026,0.03,selective_fusion,recovered_attacks,Shellcode,0
DoS,2026,0.03,selective_fusion,recovered_attacks,Worms,0
DoS,2026,0.03,selective_fusion,lost_attacks,Analysis,0
DoS,2026,0.03,selective_fusion,lost_attacks,Backdoor,0
DoS,2026,0.03,selective_fusion,lost_attacks,DoS,0
DoS,2026,0.03,selective_fusion,lost_attacks,Exploits,0
DoS,2026,0.03,selective_fusion,lost_attacks,Fuzzers,0
DoS,2026,0.03,selective_fusion,lost_attacks,Generic,0
DoS,2026,0.03,selective_fusion,lost_attacks,Reconnaissance,0
DoS,2026,0.03,selective_fusion,lost_attacks,Shellcode,0
DoS,2026,0.03,selective_fusion,lost_attacks,Worms,0
DoS,2026,0.03,selective_fusion,persistent_attack_misses,Analysis,46
DoS,2026,0.03,selective_fusion,persistent_attack_misses,Backdoor,28
DoS,2026,0.03,selective_fusion,persistent_attack_misses,DoS,248
DoS,2026,0.03,selective_fusion,persistent_attack_misses,Exploits,381
DoS,2026,0.03,selective_fusion,persistent_attack_misses,Fuzzers,985
DoS,2026,0.03,selective_fusion,persistent_attack_misses,Generic,5
DoS,2026,0.03,selective_fusion,persistent_attack_misses,Reconnaissance,41
DoS,2026,0.03,selective_fusion,persistent_attack_misses,Shellcode,9
DoS,2026,0.03,selective_fusion,persistent_attack_misses,Worms,0
DoS,2026,0.03,selective_fusion,retained_attack_detections,Analysis,1381
DoS,2026,0.03,selective_fusion,retained_attack_detections,Backdoor,1276
DoS,2026,0.03,selective_fusion,retained_attack_detections,DoS,12015
DoS,2026,0.03,selective_fusion,retained_attack_detections,Exploits,15659
DoS,2026,0.03,selective_fusion,retained_attack_detections,Fuzzers,2904
DoS,2026,0.03,selective_fusion,retained_attack_detections,Generic,5972
DoS,2026,0.03,selective_fusion,retained_attack_detections,Reconnaissance,2928
DoS,2026,0.03,selective_fusion,retained_attack_detections,Shellcode,158
DoS,2026,0.03,selective_fusion,retained_attack_detections,Worms,25
DoS,2026,0.05,fusion_ae_plain_latent,recovered_attacks,Analysis,11
DoS,2026,0.05,fusion_ae_plain_latent,recovered_attacks,Backdoor,2
DoS,2026,0.05,fusion_ae_plain_latent,recovered_attacks,DoS,21
DoS,2026,0.05,fusion_ae_plain_latent,recovered_attacks,Exploits,21
DoS,2026,0.05,fusion_ae_plain_latent,recovered_attacks,Fuzzers,25
DoS,2026,0.05,fusion_ae_plain_latent,recovered_attacks,Generic,0
DoS,2026,0.05,fusion_ae_plain_latent,recovered_attacks,Reconnaissance,2
DoS,2026,0.05,fusion_ae_plain_latent,recovered_attacks,Shellcode,0
DoS,2026,0.05,fusion_ae_plain_latent,recovered_attacks,Worms,0
DoS,2026,0.05,fusion_ae_plain_latent,lost_attacks,Analysis,0
DoS,2026,0.05,fusion_ae_plain_latent,lost_attacks,Backdoor,0
DoS,2026,0.05,fusion_ae_plain_latent,lost_attacks,DoS,3
DoS,2026,0.05,fusion_ae_plain_latent,lost_attacks,Exploits,2
DoS,2026,0.05,fusion_ae_plain_latent,lost_attacks,Fuzzers,30
DoS,2026,0.05,fusion_ae_plain_latent,lost_attacks,Generic,0
DoS,2026,0.05,fusion_ae_plain_latent,lost_attacks,Reconnaissance,0
DoS,2026,0.05,fusion_ae_plain_latent,lost_attacks,Shellcode,0
DoS,2026,0.05,fusion_ae_plain_latent,lost_attacks,Worms,0
DoS,2026,0.05,fusion_ae_plain_latent,persistent_attack_misses,Analysis,23
DoS,2026,0.05,fusion_ae_plain_latent,persistent_attack_misses,Backdoor,23
DoS,2026,0.05,fusion_ae_plain_latent,persistent_attack_misses,DoS,160
DoS,2026,0.05,fusion_ae_plain_latent,persistent_attack_misses,Exploits,288
DoS,2026,0.05,fusion_ae_plain_latent,persistent_attack_misses,Fuzzers,635
DoS,2026,0.05,fusion_ae_plain_latent,persistent_attack_misses,Generic,5
DoS,2026,0.05,fusion_ae_plain_latent,persistent_attack_misses,Reconnaissance,33
DoS,2026,0.05,fusion_ae_plain_latent,persistent_attack_misses,Shellcode,6
DoS,2026,0.05,fusion_ae_plain_latent,persistent_attack_misses,Worms,0
DoS,2026,0.05,fusion_ae_plain_latent,retained_attack_detections,Analysis,1393
DoS,2026,0.05,fusion_ae_plain_latent,retained_attack_detections,Backdoor,1279
DoS,2026,0.05,fusion_ae_plain_latent,retained_attack_detections,DoS,12080
DoS,2026,0.05,fusion_ae_plain_latent,retained_attack_detections,Exploits,15731
DoS,2026,0.05,fusion_ae_plain_latent,retained_attack_detections,Fuzzers,3201
DoS,2026,0.05,fusion_ae_plain_latent,retained_attack_detections,Generic,5972
DoS,2026,0.05,fusion_ae_plain_latent,retained_attack_detections,Reconnaissance,2934
DoS,2026,0.05,fusion_ae_plain_latent,retained_attack_detections,Shellcode,161
DoS,2026,0.05,fusion_ae_plain_latent,retained_attack_detections,Worms,25
DoS,2026,0.05,selective_fusion,recovered_attacks,Analysis,3
DoS,2026,0.05,selective_fusion,recovered_attacks,Backdoor,0
DoS,2026,0.05,selective_fusion,recovered_attacks,DoS,0
DoS,2026,0.05,selective_fusion,recovered_attacks,Exploits,2
DoS,2026,0.05,selective_fusion,recovered_attacks,Fuzzers,3
DoS,2026,0.05,selective_fusion,recovered_attacks,Generic,0
DoS,2026,0.05,selective_fusion,recovered_attacks,Reconnaissance,0
DoS,2026,0.05,selective_fusion,recovered_attacks,Shellcode,0
DoS,2026,0.05,selective_fusion,recovered_attacks,Worms,0
DoS,2026,0.05,selective_fusion,lost_attacks,Analysis,0
DoS,2026,0.05,selective_fusion,lost_attacks,Backdoor,0
DoS,2026,0.05,selective_fusion,lost_attacks,DoS,0
DoS,2026,0.05,selective_fusion,lost_attacks,Exploits,0
DoS,2026,0.05,selective_fusion,lost_attacks,Fuzzers,0
DoS,2026,0.05,selective_fusion,lost_attacks,Generic,0
DoS,2026,0.05,selective_fusion,lost_attacks,Reconnaissance,0
DoS,2026,0.05,selective_fusion,lost_attacks,Shellcode,0
DoS,2026,0.05,selective_fusion,lost_attacks,Worms,0
DoS,2026,0.05,selective_fusion,persistent_attack_misses,Analysis,31
DoS,2026,0.05,selective_fusion,persistent_attack_misses,Backdoor,25
DoS,2026,0.05,selective_fusion,persistent_attack_misses,DoS,181
DoS,2026,0.05,selective_fusion,persistent_attack_misses,Exploits,307
DoS,2026,0.05,selective_fusion,persistent_attack_misses,Fuzzers,657
DoS,2026,0.05,selective_fusion,persistent_attack_misses,Generic,5
DoS,2026,0.05,selective_fusion,persistent_attack_misses,Reconnaissance,35
DoS,2026,0.05,selective_fusion,persistent_attack_misses,Shellcode,6
DoS,2026,0.05,selective_fusion,persistent_attack_misses,Worms,0
DoS,2026,0.05,selective_fusion,retained_attack_detections,Analysis,1393
DoS,2026,0.05,selective_fusion,retained_attack_detections,Backdoor,1279
DoS,2026,0.05,selective_fusion,retained_attack_detections,DoS,12083
DoS,2026,0.05,selective_fusion,retained_attack_detections,Exploits,15733
DoS,2026,0.05,selective_fusion,retained_attack_detections,Fuzzers,3231
DoS,2026,0.05,selective_fusion,retained_attack_detections,Generic,5972
DoS,2026,0.05,selective_fusion,retained_attack_detections,Reconnaissance,2934
DoS,2026,0.05,selective_fusion,retained_attack_detections,Shellcode,161
DoS,2026,0.05,selective_fusion,retained_attack_detections,Worms,25
none,42,0.01,fusion_ae_plain_latent,recovered_attacks,Analysis,2
none,42,0.01,fusion_ae_plain_latent,recovered_attacks,Backdoor,2
none,42,0.01,fusion_ae_plain_latent,recovered_attacks,DoS,8
none,42,0.01,fusion_ae_plain_latent,recovered_attacks,Exploits,20
none,42,0.01,fusion_ae_plain_latent,recovered_attacks,Fuzzers,32
none,42,0.01,fusion_ae_plain_latent,recovered_attacks,Generic,1
none,42,0.01,fusion_ae_plain_latent,recovered_attacks,Reconnaissance,2
none,42,0.01,fusion_ae_plain_latent,recovered_attacks,Shellcode,0
none,42,0.01,fusion_ae_plain_latent,recovered_attacks,Worms,0
none,42,0.01,fusion_ae_plain_latent,lost_attacks,Analysis,0
none,42,0.01,fusion_ae_plain_latent,lost_attacks,Backdoor,0
none,42,0.01,fusion_ae_plain_latent,lost_attacks,DoS,3
none,42,0.01,fusion_ae_plain_latent,lost_attacks,Exploits,17
none,42,0.01,fusion_ae_plain_latent,lost_attacks,Fuzzers,85
none,42,0.01,fusion_ae_plain_latent,lost_attacks,Generic,1
none,42,0.01,fusion_ae_plain_latent,lost_attacks,Reconnaissance,1
none,42,0.01,fusion_ae_plain_latent,lost_attacks,Shellcode,2
none,42,0.01,fusion_ae_plain_latent,lost_attacks,Worms,0
none,42,0.01,fusion_ae_plain_latent,persistent_attack_misses,Analysis,79
none,42,0.01,fusion_ae_plain_latent,persistent_attack_misses,Backdoor,2
none,42,0.01,fusion_ae_plain_latent,persistent_attack_misses,DoS,27
none,42,0.01,fusion_ae_plain_latent,persistent_attack_misses,Exploits,156
none,42,0.01,fusion_ae_plain_latent,persistent_attack_misses,Fuzzers,1671
none,42,0.01,fusion_ae_plain_latent,persistent_attack_misses,Generic,3
none,42,0.01,fusion_ae_plain_latent,persistent_attack_misses,Reconnaissance,17
none,42,0.01,fusion_ae_plain_latent,persistent_attack_misses,Shellcode,26
none,42,0.01,fusion_ae_plain_latent,persistent_attack_misses,Worms,0
none,42,0.01,fusion_ae_plain_latent,retained_attack_detections,Analysis,213
none,42,0.01,fusion_ae_plain_latent,retained_attack_detections,Backdoor,255
none,42,0.01,fusion_ae_plain_latent,retained_attack_detections,DoS,1772
none,42,0.01,fusion_ae_plain_latent,retained_attack_detections,Exploits,4801
none,42,0.01,fusion_ae_plain_latent,retained_attack_detections,Fuzzers,890
none,42,0.01,fusion_ae_plain_latent,retained_attack_detections,Generic,6609
none,42,0.01,fusion_ae_plain_latent,retained_attack_detections,Reconnaissance,1441
none,42,0.01,fusion_ae_plain_latent,retained_attack_detections,Shellcode,124
none,42,0.01,fusion_ae_plain_latent,retained_attack_detections,Worms,23
none,42,0.01,selective_fusion,recovered_attacks,Analysis,0
none,42,0.01,selective_fusion,recovered_attacks,Backdoor,0
none,42,0.01,selective_fusion,recovered_attacks,DoS,1
none,42,0.01,selective_fusion,recovered_attacks,Exploits,4
none,42,0.01,selective_fusion,recovered_attacks,Fuzzers,1
none,42,0.01,selective_fusion,recovered_attacks,Generic,0
none,42,0.01,selective_fusion,recovered_attacks,Reconnaissance,0
none,42,0.01,selective_fusion,recovered_attacks,Shellcode,0
none,42,0.01,selective_fusion,recovered_attacks,Worms,0
none,42,0.01,selective_fusion,lost_attacks,Analysis,0
none,42,0.01,selective_fusion,lost_attacks,Backdoor,0
none,42,0.01,selective_fusion,lost_attacks,DoS,0
none,42,0.01,selective_fusion,lost_attacks,Exploits,0
none,42,0.01,selective_fusion,lost_attacks,Fuzzers,0
none,42,0.01,selective_fusion,lost_attacks,Generic,0
none,42,0.01,selective_fusion,lost_attacks,Reconnaissance,0
none,42,0.01,selective_fusion,lost_attacks,Shellcode,0
none,42,0.01,selective_fusion,lost_attacks,Worms,0
none,42,0.01,selective_fusion,persistent_attack_misses,Analysis,81
none,42,0.01,selective_fusion,persistent_attack_misses,Backdoor,4
none,42,0.01,selective_fusion,persistent_attack_misses,DoS,34
none,42,0.01,selective_fusion,persistent_attack_misses,Exploits,172
none,42,0.01,selective_fusion,persistent_attack_misses,Fuzzers,1702
none,42,0.01,selective_fusion,persistent_attack_misses,Generic,4
none,42,0.01,selective_fusion,persistent_attack_misses,Reconnaissance,19
none,42,0.01,selective_fusion,persistent_attack_misses,Shellcode,26
none,42,0.01,selective_fusion,persistent_attack_misses,Worms,0
none,42,0.01,selective_fusion,retained_attack_detections,Analysis,213
none,42,0.01,selective_fusion,retained_attack_detections,Backdoor,255
none,42,0.01,selective_fusion,retained_attack_detections,DoS,1775
none,42,0.01,selective_fusion,retained_attack_detections,Exploits,4818
none,42,0.01,selective_fusion,retained_attack_detections,Fuzzers,975
none,42,0.01,selective_fusion,retained_attack_detections,Generic,6610
none,42,0.01,selective_fusion,retained_attack_detections,Reconnaissance,1442
none,42,0.01,selective_fusion,retained_attack_detections,Shellcode,126
none,42,0.01,selective_fusion,retained_attack_detections,Worms,23
none,42,0.03,fusion_ae_plain_latent,recovered_attacks,Analysis,4
none,42,0.03,fusion_ae_plain_latent,recovered_attacks,Backdoor,0
none,42,0.03,fusion_ae_plain_latent,recovered_attacks,DoS,1
none,42,0.03,fusion_ae_plain_latent,recovered_attacks,Exploits,4
none,42,0.03,fusion_ae_plain_latent,recovered_attacks,Fuzzers,22
none,42,0.03,fusion_ae_plain_latent,recovered_attacks,Generic,1
none,42,0.03,fusion_ae_plain_latent,recovered_attacks,Reconnaissance,0
none,42,0.03,fusion_ae_plain_latent,recovered_attacks,Shellcode,0
none,42,0.03,fusion_ae_plain_latent,recovered_attacks,Worms,0
none,42,0.03,fusion_ae_plain_latent,lost_attacks,Analysis,0
none,42,0.03,fusion_ae_plain_latent,lost_attacks,Backdoor,0
none,42,0.03,fusion_ae_plain_latent,lost_attacks,DoS,1
none,42,0.03,fusion_ae_plain_latent,lost_attacks,Exploits,2
none,42,0.03,fusion_ae_plain_latent,lost_attacks,Fuzzers,41
none,42,0.03,fusion_ae_plain_latent,lost_attacks,Generic,0
none,42,0.03,fusion_ae_plain_latent,lost_attacks,Reconnaissance,1
none,42,0.03,fusion_ae_plain_latent,lost_attacks,Shellcode,0
none,42,0.03,fusion_ae_plain_latent,lost_attacks,Worms,0
none,42,0.03,fusion_ae_plain_latent,persistent_attack_misses,Analysis,64
none,42,0.03,fusion_ae_plain_latent,persistent_attack_misses,Backdoor,1
none,42,0.03,fusion_ae_plain_latent,persistent_attack_misses,DoS,14
none,42,0.03,fusion_ae_plain_latent,persistent_attack_misses,Exploits,72
none,42,0.03,fusion_ae_plain_latent,persistent_attack_misses,Fuzzers,1142
none,42,0.03,fusion_ae_plain_latent,persistent_attack_misses,Generic,1
none,42,0.03,fusion_ae_plain_latent,persistent_attack_misses,Reconnaissance,8
none,42,0.03,fusion_ae_plain_latent,persistent_attack_misses,Shellcode,8
none,42,0.03,fusion_ae_plain_latent,persistent_attack_misses,Worms,0
none,42,0.03,fusion_ae_plain_latent,retained_attack_detections,Analysis,226
none,42,0.03,fusion_ae_plain_latent,retained_attack_detections,Backdoor,258
none,42,0.03,fusion_ae_plain_latent,retained_attack_detections,DoS,1794
none,42,0.03,fusion_ae_plain_latent,retained_attack_detections,Exploits,4916
none,42,0.03,fusion_ae_plain_latent,retained_attack_detections,Fuzzers,1473
none,42,0.03,fusion_ae_plain_latent,retained_attack_detections,Generic,6612
none,42,0.03,fusion_ae_plain_latent,retained_attack_detections,Reconnaissance,1452
none,42,0.03,fusion_ae_plain_latent,retained_attack_detections,Shellcode,144
none,42,0.03,fusion_ae_plain_latent,retained_attack_detections,Worms,23
none,42,0.03,selective_fusion,recovered_attacks,Analysis,0
none,42,0.03,selective_fusion,recovered_attacks,Backdoor,0
none,42,0.03,selective_fusion,recovered_attacks,DoS,0
none,42,0.03,selective_fusion,recovered_attacks,Exploits,0
none,42,0.03,selective_fusion,recovered_attacks,Fuzzers,0
none,42,0.03,selective_fusion,recovered_attacks,Generic,0
none,42,0.03,selective_fusion,recovered_attacks,Reconnaissance,0
none,42,0.03,selective_fusion,recovered_attacks,Shellcode,0
none,42,0.03,selective_fusion,recovered_attacks,Worms,0
none,42,0.03,selective_fusion,lost_attacks,Analysis,0
none,42,0.03,selective_fusion,lost_attacks,Backdoor,0
none,42,0.03,selective_fusion,lost_attacks,DoS,0
none,42,0.03,selective_fusion,lost_attacks,Exploits,0
none,42,0.03,selective_fusion,lost_attacks,Fuzzers,0
none,42,0.03,selective_fusion,lost_attacks,Generic,0
none,42,0.03,selective_fusion,lost_attacks,Reconnaissance,0
none,42,0.03,selective_fusion,lost_attacks,Shellcode,0
none,42,0.03,selective_fusion,lost_attacks,Worms,0
none,42,0.03,selective_fusion,persistent_attack_misses,Analysis,68
none,42,0.03,selective_fusion,persistent_attack_misses,Backdoor,1
none,42,0.03,selective_fusion,persistent_attack_misses,DoS,15
none,42,0.03,selective_fusion,persistent_attack_misses,Exploits,76
none,42,0.03,selective_fusion,persistent_attack_misses,Fuzzers,1164
none,42,0.03,selective_fusion,persistent_attack_misses,Generic,2
none,42,0.03,selective_fusion,persistent_attack_misses,Reconnaissance,8
none,42,0.03,selective_fusion,persistent_attack_misses,Shellcode,8
none,42,0.03,selective_fusion,persistent_attack_misses,Worms,0
none,42,0.03,selective_fusion,retained_attack_detections,Analysis,226
none,42,0.03,selective_fusion,retained_attack_detections,Backdoor,258
none,42,0.03,selective_fusion,retained_attack_detections,DoS,1795
none,42,0.03,selective_fusion,retained_attack_detections,Exploits,4918
none,42,0.03,selective_fusion,retained_attack_detections,Fuzzers,1514
none,42,0.03,selective_fusion,retained_attack_detections,Generic,6612
none,42,0.03,selective_fusion,retained_attack_detections,Reconnaissance,1453
none,42,0.03,selective_fusion,retained_attack_detections,Shellcode,144
none,42,0.03,selective_fusion,retained_attack_detections,Worms,23
none,42,0.05,fusion_ae_plain_latent,recovered_attacks,Analysis,6
none,42,0.05,fusion_ae_plain_latent,recovered_attacks,Backdoor,0
none,42,0.05,fusion_ae_plain_latent,recovered_attacks,DoS,1
none,42,0.05,fusion_ae_plain_latent,recovered_attacks,Exploits,5
none,42,0.05,fusion_ae_plain_latent,recovered_attacks,Fuzzers,52
none,42,0.05,fusion_ae_plain_latent,recovered_attacks,Generic,0
none,42,0.05,fusion_ae_plain_latent,recovered_attacks,Reconnaissance,0
none,42,0.05,fusion_ae_plain_latent,recovered_attacks,Shellcode,0
none,42,0.05,fusion_ae_plain_latent,recovered_attacks,Worms,0
none,42,0.05,fusion_ae_plain_latent,lost_attacks,Analysis,0
none,42,0.05,fusion_ae_plain_latent,lost_attacks,Backdoor,0
none,42,0.05,fusion_ae_plain_latent,lost_attacks,DoS,0
none,42,0.05,fusion_ae_plain_latent,lost_attacks,Exploits,1
none,42,0.05,fusion_ae_plain_latent,lost_attacks,Fuzzers,7
none,42,0.05,fusion_ae_plain_latent,lost_attacks,Generic,0
none,42,0.05,fusion_ae_plain_latent,lost_attacks,Reconnaissance,0
none,42,0.05,fusion_ae_plain_latent,lost_attacks,Shellcode,0
none,42,0.05,fusion_ae_plain_latent,lost_attacks,Worms,0
none,42,0.05,fusion_ae_plain_latent,persistent_attack_misses,Analysis,46
none,42,0.05,fusion_ae_plain_latent,persistent_attack_misses,Backdoor,0
none,42,0.05,fusion_ae_plain_latent,persistent_attack_misses,DoS,10
none,42,0.05,fusion_ae_plain_latent,persistent_attack_misses,Exploits,40
none,42,0.05,fusion_ae_plain_latent,persistent_attack_misses,Fuzzers,736
none,42,0.05,fusion_ae_plain_latent,persistent_attack_misses,Generic,0
none,42,0.05,fusion_ae_plain_latent,persistent_attack_misses,Reconnaissance,6
none,42,0.05,fusion_ae_plain_latent,persistent_attack_misses,Shellcode,4
none,42,0.05,fusion_ae_plain_latent,persistent_attack_misses,Worms,0
none,42,0.05,fusion_ae_plain_latent,retained_attack_detections,Analysis,242
none,42,0.05,fusion_ae_plain_latent,retained_attack_detections,Backdoor,259
none,42,0.05,fusion_ae_plain_latent,retained_attack_detections,DoS,1799
none,42,0.05,fusion_ae_plain_latent,retained_attack_detections,Exploits,4948
none,42,0.05,fusion_ae_plain_latent,retained_attack_detections,Fuzzers,1883
none,42,0.05,fusion_ae_plain_latent,retained_attack_detections,Generic,6614
none,42,0.05,fusion_ae_plain_latent,retained_attack_detections,Reconnaissance,1455
none,42,0.05,fusion_ae_plain_latent,retained_attack_detections,Shellcode,148
none,42,0.05,fusion_ae_plain_latent,retained_attack_detections,Worms,23
none,42,0.05,selective_fusion,recovered_attacks,Analysis,0
none,42,0.05,selective_fusion,recovered_attacks,Backdoor,0
none,42,0.05,selective_fusion,recovered_attacks,DoS,0
none,42,0.05,selective_fusion,recovered_attacks,Exploits,0
none,42,0.05,selective_fusion,recovered_attacks,Fuzzers,0
none,42,0.05,selective_fusion,recovered_attacks,Generic,0
none,42,0.05,selective_fusion,recovered_attacks,Reconnaissance,0
none,42,0.05,selective_fusion,recovered_attacks,Shellcode,0
none,42,0.05,selective_fusion,recovered_attacks,Worms,0
none,42,0.05,selective_fusion,lost_attacks,Analysis,0
none,42,0.05,selective_fusion,lost_attacks,Backdoor,0
none,42,0.05,selective_fusion,lost_attacks,DoS,0
none,42,0.05,selective_fusion,lost_attacks,Exploits,0
none,42,0.05,selective_fusion,lost_attacks,Fuzzers,0
none,42,0.05,selective_fusion,lost_attacks,Generic,0
none,42,0.05,selective_fusion,lost_attacks,Reconnaissance,0
none,42,0.05,selective_fusion,lost_attacks,Shellcode,0
none,42,0.05,selective_fusion,lost_attacks,Worms,0
none,42,0.05,selective_fusion,persistent_attack_misses,Analysis,52
none,42,0.05,selective_fusion,persistent_attack_misses,Backdoor,0
none,42,0.05,selective_fusion,persistent_attack_misses,DoS,11
none,42,0.05,selective_fusion,persistent_attack_misses,Exploits,45
none,42,0.05,selective_fusion,persistent_attack_misses,Fuzzers,788
none,42,0.05,selective_fusion,persistent_attack_misses,Generic,0
none,42,0.05,selective_fusion,persistent_attack_misses,Reconnaissance,6
none,42,0.05,selective_fusion,persistent_attack_misses,Shellcode,4
none,42,0.05,selective_fusion,persistent_attack_misses,Worms,0
none,42,0.05,selective_fusion,retained_attack_detections,Analysis,242
none,42,0.05,selective_fusion,retained_attack_detections,Backdoor,259
none,42,0.05,selective_fusion,retained_attack_detections,DoS,1799
none,42,0.05,selective_fusion,retained_attack_detections,Exploits,4949
none,42,0.05,selective_fusion,retained_attack_detections,Fuzzers,1890
none,42,0.05,selective_fusion,retained_attack_detections,Generic,6614
none,42,0.05,selective_fusion,retained_attack_detections,Reconnaissance,1455
none,42,0.05,selective_fusion,retained_attack_detections,Shellcode,148
none,42,0.05,selective_fusion,retained_attack_detections,Worms,23
none,123,0.01,fusion_ae_plain_latent,recovered_attacks,Analysis,20
none,123,0.01,fusion_ae_plain_latent,recovered_attacks,Backdoor,0
none,123,0.01,fusion_ae_plain_latent,recovered_attacks,DoS,8
none,123,0.01,fusion_ae_plain_latent,recovered_attacks,Exploits,29
none,123,0.01,fusion_ae_plain_latent,recovered_attacks,Fuzzers,26
none,123,0.01,fusion_ae_plain_latent,recovered_attacks,Generic,0
none,123,0.01,fusion_ae_plain_latent,recovered_attacks,Reconnaissance,1
none,123,0.01,fusion_ae_plain_latent,recovered_attacks,Shellcode,0
none,123,0.01,fusion_ae_plain_latent,recovered_attacks,Worms,0
none,123,0.01,fusion_ae_plain_latent,lost_attacks,Analysis,0
none,123,0.01,fusion_ae_plain_latent,lost_attacks,Backdoor,1
none,123,0.01,fusion_ae_plain_latent,lost_attacks,DoS,6
none,123,0.01,fusion_ae_plain_latent,lost_attacks,Exploits,40
none,123,0.01,fusion_ae_plain_latent,lost_attacks,Fuzzers,137
none,123,0.01,fusion_ae_plain_latent,lost_attacks,Generic,2
none,123,0.01,fusion_ae_plain_latent,lost_attacks,Reconnaissance,8
none,123,0.01,fusion_ae_plain_latent,lost_attacks,Shellcode,10
none,123,0.01,fusion_ae_plain_latent,lost_attacks,Worms,0
none,123,0.01,fusion_ae_plain_latent,persistent_attack_misses,Analysis,71
none,123,0.01,fusion_ae_plain_latent,persistent_attack_misses,Backdoor,5
none,123,0.01,fusion_ae_plain_latent,persistent_attack_misses,DoS,25
none,123,0.01,fusion_ae_plain_latent,persistent_attack_misses,Exploits,172
none,123,0.01,fusion_ae_plain_latent,persistent_attack_misses,Fuzzers,1677
none,123,0.01,fusion_ae_plain_latent,persistent_attack_misses,Generic,8
none,123,0.01,fusion_ae_plain_latent,persistent_attack_misses,Reconnaissance,18
none,123,0.01,fusion_ae_plain_latent,persistent_attack_misses,Shellcode,27
none,123,0.01,fusion_ae_plain_latent,persistent_attack_misses,Worms,4
none,123,0.01,fusion_ae_plain_latent,retained_attack_detections,Analysis,227
none,123,0.01,fusion_ae_plain_latent,retained_attack_detections,Backdoor,267
none,123,0.01,fusion_ae_plain_latent,retained_attack_detections,DoS,1829
none,123,0.01,fusion_ae_plain_latent,retained_attack_detections,Exploits,4941
none,123,0.01,fusion_ae_plain_latent,retained_attack_detections,Fuzzers,939
none,123,0.01,fusion_ae_plain_latent,retained_attack_detections,Generic,5665
none,123,0.01,fusion_ae_plain_latent,retained_attack_detections,Reconnaissance,1910
none,123,0.01,fusion_ae_plain_latent,retained_attack_detections,Shellcode,129
none,123,0.01,fusion_ae_plain_latent,retained_attack_detections,Worms,19
none,123,0.01,selective_fusion,recovered_attacks,Analysis,0
none,123,0.01,selective_fusion,recovered_attacks,Backdoor,0
none,123,0.01,selective_fusion,recovered_attacks,DoS,0
none,123,0.01,selective_fusion,recovered_attacks,Exploits,0
none,123,0.01,selective_fusion,recovered_attacks,Fuzzers,0
none,123,0.01,selective_fusion,recovered_attacks,Generic,0
none,123,0.01,selective_fusion,recovered_attacks,Reconnaissance,0
none,123,0.01,selective_fusion,recovered_attacks,Shellcode,0
none,123,0.01,selective_fusion,recovered_attacks,Worms,0
none,123,0.01,selective_fusion,lost_attacks,Analysis,0
none,123,0.01,selective_fusion,lost_attacks,Backdoor,0
none,123,0.01,selective_fusion,lost_attacks,DoS,0
none,123,0.01,selective_fusion,lost_attacks,Exploits,0
none,123,0.01,selective_fusion,lost_attacks,Fuzzers,0
none,123,0.01,selective_fusion,lost_attacks,Generic,0
none,123,0.01,selective_fusion,lost_attacks,Reconnaissance,0
none,123,0.01,selective_fusion,lost_attacks,Shellcode,0
none,123,0.01,selective_fusion,lost_attacks,Worms,0
none,123,0.01,selective_fusion,persistent_attack_misses,Analysis,91
none,123,0.01,selective_fusion,persistent_attack_misses,Backdoor,5
none,123,0.01,selective_fusion,persistent_attack_misses,DoS,33
none,123,0.01,selective_fusion,persistent_attack_misses,Exploits,201
none,123,0.01,selective_fusion,persistent_attack_misses,Fuzzers,1703
none,123,0.01,selective_fusion,persistent_attack_misses,Generic,8
none,123,0.01,selective_fusion,persistent_attack_misses,Reconnaissance,19
none,123,0.01,selective_fusion,persistent_attack_misses,Shellcode,27
none,123,0.01,selective_fusion,persistent_attack_misses,Worms,4
none,123,0.01,selective_fusion,retained_attack_detections,Analysis,227
none,123,0.01,selective_fusion,retained_attack_detections,Backdoor,268
none,123,0.01,selective_fusion,retained_attack_detections,DoS,1835
none,123,0.01,selective_fusion,retained_attack_detections,Exploits,4981
none,123,0.01,selective_fusion,retained_attack_detections,Fuzzers,1076
none,123,0.01,selective_fusion,retained_attack_detections,Generic,5667
none,123,0.01,selective_fusion,retained_attack_detections,Reconnaissance,1918
none,123,0.01,selective_fusion,retained_attack_detections,Shellcode,139
none,123,0.01,selective_fusion,retained_attack_detections,Worms,19
none,123,0.03,fusion_ae_plain_latent,recovered_attacks,Analysis,16
none,123,0.03,fusion_ae_plain_latent,recovered_attacks,Backdoor,0
none,123,0.03,fusion_ae_plain_latent,recovered_attacks,DoS,3
none,123,0.03,fusion_ae_plain_latent,recovered_attacks,Exploits,10
none,123,0.03,fusion_ae_plain_latent,recovered_attacks,Fuzzers,9
none,123,0.03,fusion_ae_plain_latent,recovered_attacks,Generic,0
none,123,0.03,fusion_ae_plain_latent,recovered_attacks,Reconnaissance,0
none,123,0.03,fusion_ae_plain_latent,recovered_attacks,Shellcode,0
none,123,0.03,fusion_ae_plain_latent,recovered_attacks,Worms,0
none,123,0.03,fusion_ae_plain_latent,lost_attacks,Analysis,0
none,123,0.03,fusion_ae_plain_latent,lost_attacks,Backdoor,0
none,123,0.03,fusion_ae_plain_latent,lost_attacks,DoS,0
none,123,0.03,fusion_ae_plain_latent,lost_attacks,Exploits,13
none,123,0.03,fusion_ae_plain_latent,lost_attacks,Fuzzers,56
none,123,0.03,fusion_ae_plain_latent,lost_attacks,Generic,0
none,123,0.03,fusion_ae_plain_latent,lost_attacks,Reconnaissance,1
none,123,0.03,fusion_ae_plain_latent,lost_attacks,Shellcode,1
none,123,0.03,fusion_ae_plain_latent,lost_attacks,Worms,0
none,123,0.03,fusion_ae_plain_latent,persistent_attack_misses,Analysis,55
none,123,0.03,fusion_ae_plain_latent,persistent_attack_misses,Backdoor,1
none,123,0.03,fusion_ae_plain_latent,persistent_attack_misses,DoS,8
none,123,0.03,fusion_ae_plain_latent,persistent_attack_misses,Exploits,88
none,123,0.03,fusion_ae_plain_latent,persistent_attack_misses,Fuzzers,1132
none,123,0.03,fusion_ae_plain_latent,persistent_attack_misses,Generic,4
none,123,0.03,fusion_ae_plain_latent,persistent_attack_misses,Reconnaissance,8
none,123,0.03,fusion_ae_plain_latent,persistent_attack_misses,Shellcode,9
none,123,0.03,fusion_ae_plain_latent,persistent_attack_misses,Worms,1
none,123,0.03,fusion_ae_plain_latent,retained_attack_detections,Analysis,247
none,123,0.03,fusion_ae_plain_latent,retained_attack_detections,Backdoor,272
none,123,0.03,fusion_ae_plain_latent,retained_attack_detections,DoS,1857
none,123,0.03,fusion_ae_plain_latent,retained_attack_detections,Exploits,5071
none,123,0.03,fusion_ae_plain_latent,retained_attack_detections,Fuzzers,1582
none,123,0.03,fusion_ae_plain_latent,retained_attack_detections,Generic,5671
none,123,0.03,fusion_ae_plain_latent,retained_attack_detections,Reconnaissance,1928
none,123,0.03,fusion_ae_plain_latent,retained_attack_detections,Shellcode,156
none,123,0.03,fusion_ae_plain_latent,retained_attack_detections,Worms,22
none,123,0.03,selective_fusion,recovered_attacks,Analysis,0
none,123,0.03,selective_fusion,recovered_attacks,Backdoor,0
none,123,0.03,selective_fusion,recovered_attacks,DoS,0
none,123,0.03,selective_fusion,recovered_attacks,Exploits,2
none,123,0.03,selective_fusion,recovered_attacks,Fuzzers,0
none,123,0.03,selective_fusion,recovered_attacks,Generic,0
none,123,0.03,selective_fusion,recovered_attacks,Reconnaissance,0
none,123,0.03,selective_fusion,recovered_attacks,Shellcode,0
none,123,0.03,selective_fusion,recovered_attacks,Worms,0
none,123,0.03,selective_fusion,lost_attacks,Analysis,0
none,123,0.03,selective_fusion,lost_attacks,Backdoor,0
none,123,0.03,selective_fusion,lost_attacks,DoS,0
none,123,0.03,selective_fusion,lost_attacks,Exploits,0
none,123,0.03,selective_fusion,lost_attacks,Fuzzers,0
none,123,0.03,selective_fusion,lost_attacks,Generic,0
none,123,0.03,selective_fusion,lost_attacks,Reconnaissance,0
none,123,0.03,selective_fusion,lost_attacks,Shellcode,0
none,123,0.03,selective_fusion,lost_attacks,Worms,0
none,123,0.03,selective_fusion,persistent_attack_misses,Analysis,71
none,123,0.03,selective_fusion,persistent_attack_misses,Backdoor,1
none,123,0.03,selective_fusion,persistent_attack_misses,DoS,11
none,123,0.03,selective_fusion,persistent_attack_misses,Exploits,96
none,123,0.03,selective_fusion,persistent_attack_misses,Fuzzers,1141
none,123,0.03,selective_fusion,persistent_attack_misses,Generic,4
none,123,0.03,selective_fusion,persistent_attack_misses,Reconnaissance,8
none,123,0.03,selective_fusion,persistent_attack_misses,Shellcode,9
none,123,0.03,selective_fusion,persistent_attack_misses,Worms,1
none,123,0.03,selective_fusion,retained_attack_detections,Analysis,247
none,123,0.03,selective_fusion,retained_attack_detections,Backdoor,272
none,123,0.03,selective_fusion,retained_attack_detections,DoS,1857
none,123,0.03,selective_fusion,retained_attack_detections,Exploits,5084
none,123,0.03,selective_fusion,retained_attack_detections,Fuzzers,1638
none,123,0.03,selective_fusion,retained_attack_detections,Generic,5671
none,123,0.03,selective_fusion,retained_attack_detections,Reconnaissance,1929
none,123,0.03,selective_fusion,retained_attack_detections,Shellcode,157
none,123,0.03,selective_fusion,retained_attack_detections,Worms,22
none,123,0.05,fusion_ae_plain_latent,recovered_attacks,Analysis,10
none,123,0.05,fusion_ae_plain_latent,recovered_attacks,Backdoor,0
none,123,0.05,fusion_ae_plain_latent,recovered_attacks,DoS,2
none,123,0.05,fusion_ae_plain_latent,recovered_attacks,Exploits,2
none,123,0.05,fusion_ae_plain_latent,recovered_attacks,Fuzzers,18
none,123,0.05,fusion_ae_plain_latent,recovered_attacks,Generic,0
none,123,0.05,fusion_ae_plain_latent,recovered_attacks,Reconnaissance,0
none,123,0.05,fusion_ae_plain_latent,recovered_attacks,Shellcode,1
none,123,0.05,fusion_ae_plain_latent,recovered_attacks,Worms,0
none,123,0.05,fusion_ae_plain_latent,lost_attacks,Analysis,0
none,123,0.05,fusion_ae_plain_latent,lost_attacks,Backdoor,0
none,123,0.05,fusion_ae_plain_latent,lost_attacks,DoS,0
none,123,0.05,fusion_ae_plain_latent,lost_attacks,Exploits,5
none,123,0.05,fusion_ae_plain_latent,lost_attacks,Fuzzers,49
none,123,0.05,fusion_ae_plain_latent,lost_attacks,Generic,0
none,123,0.05,fusion_ae_plain_latent,lost_attacks,Reconnaissance,0
none,123,0.05,fusion_ae_plain_latent,lost_attacks,Shellcode,0
none,123,0.05,fusion_ae_plain_latent,lost_attacks,Worms,0
none,123,0.05,fusion_ae_plain_latent,persistent_attack_misses,Analysis,41
none,123,0.05,fusion_ae_plain_latent,persistent_attack_misses,Backdoor,0
none,123,0.05,fusion_ae_plain_latent,persistent_attack_misses,DoS,3
none,123,0.05,fusion_ae_plain_latent,persistent_attack_misses,Exploits,59
none,123,0.05,fusion_ae_plain_latent,persistent_attack_misses,Fuzzers,709
none,123,0.05,fusion_ae_plain_latent,persistent_attack_misses,Generic,2
none,123,0.05,fusion_ae_plain_latent,persistent_attack_misses,Reconnaissance,5
none,123,0.05,fusion_ae_plain_latent,persistent_attack_misses,Shellcode,4
none,123,0.05,fusion_ae_plain_latent,persistent_attack_misses,Worms,0
none,123,0.05,fusion_ae_plain_latent,retained_attack_detections,Analysis,267
none,123,0.05,fusion_ae_plain_latent,retained_attack_detections,Backdoor,273
none,123,0.05,fusion_ae_plain_latent,retained_attack_detections,DoS,1863
none,123,0.05,fusion_ae_plain_latent,retained_attack_detections,Exploits,5116
none,123,0.05,fusion_ae_plain_latent,retained_attack_detections,Fuzzers,2003
none,123,0.05,fusion_ae_plain_latent,retained_attack_detections,Generic,5673
none,123,0.05,fusion_ae_plain_latent,retained_attack_detections,Reconnaissance,1932
none,123,0.05,fusion_ae_plain_latent,retained_attack_detections,Shellcode,161
none,123,0.05,fusion_ae_plain_latent,retained_attack_detections,Worms,23
none,123,0.05,selective_fusion,recovered_attacks,Analysis,0
none,123,0.05,selective_fusion,recovered_attacks,Backdoor,0
none,123,0.05,selective_fusion,recovered_attacks,DoS,0
none,123,0.05,selective_fusion,recovered_attacks,Exploits,0
none,123,0.05,selective_fusion,recovered_attacks,Fuzzers,0
none,123,0.05,selective_fusion,recovered_attacks,Generic,0
none,123,0.05,selective_fusion,recovered_attacks,Reconnaissance,0
none,123,0.05,selective_fusion,recovered_attacks,Shellcode,0
none,123,0.05,selective_fusion,recovered_attacks,Worms,0
none,123,0.05,selective_fusion,lost_attacks,Analysis,0
none,123,0.05,selective_fusion,lost_attacks,Backdoor,0
none,123,0.05,selective_fusion,lost_attacks,DoS,0
none,123,0.05,selective_fusion,lost_attacks,Exploits,0
none,123,0.05,selective_fusion,lost_attacks,Fuzzers,0
none,123,0.05,selective_fusion,lost_attacks,Generic,0
none,123,0.05,selective_fusion,lost_attacks,Reconnaissance,0
none,123,0.05,selective_fusion,lost_attacks,Shellcode,0
none,123,0.05,selective_fusion,lost_attacks,Worms,0
none,123,0.05,selective_fusion,persistent_attack_misses,Analysis,51
none,123,0.05,selective_fusion,persistent_attack_misses,Backdoor,0
none,123,0.05,selective_fusion,persistent_attack_misses,DoS,5
none,123,0.05,selective_fusion,persistent_attack_misses,Exploits,61
none,123,0.05,selective_fusion,persistent_attack_misses,Fuzzers,727
none,123,0.05,selective_fusion,persistent_attack_misses,Generic,2
none,123,0.05,selective_fusion,persistent_attack_misses,Reconnaissance,5
none,123,0.05,selective_fusion,persistent_attack_misses,Shellcode,5
none,123,0.05,selective_fusion,persistent_attack_misses,Worms,0
none,123,0.05,selective_fusion,retained_attack_detections,Analysis,267
none,123,0.05,selective_fusion,retained_attack_detections,Backdoor,273
none,123,0.05,selective_fusion,retained_attack_detections,DoS,1863
none,123,0.05,selective_fusion,retained_attack_detections,Exploits,5121
none,123,0.05,selective_fusion,retained_attack_detections,Fuzzers,2052
none,123,0.05,selective_fusion,retained_attack_detections,Generic,5673
none,123,0.05,selective_fusion,retained_attack_detections,Reconnaissance,1932
none,123,0.05,selective_fusion,retained_attack_detections,Shellcode,161
none,123,0.05,selective_fusion,retained_attack_detections,Worms,23
none,2026,0.01,fusion_ae_plain_latent,recovered_attacks,Analysis,8
none,2026,0.01,fusion_ae_plain_latent,recovered_attacks,Backdoor,1
none,2026,0.01,fusion_ae_plain_latent,recovered_attacks,DoS,2
none,2026,0.01,fusion_ae_plain_latent,recovered_attacks,Exploits,9
none,2026,0.01,fusion_ae_plain_latent,recovered_attacks,Fuzzers,27
none,2026,0.01,fusion_ae_plain_latent,recovered_attacks,Generic,1
none,2026,0.01,fusion_ae_plain_latent,recovered_attacks,Reconnaissance,0
none,2026,0.01,fusion_ae_plain_latent,recovered_attacks,Shellcode,0
none,2026,0.01,fusion_ae_plain_latent,recovered_attacks,Worms,0
none,2026,0.01,fusion_ae_plain_latent,lost_attacks,Analysis,0
none,2026,0.01,fusion_ae_plain_latent,lost_attacks,Backdoor,1
none,2026,0.01,fusion_ae_plain_latent,lost_attacks,DoS,10
none,2026,0.01,fusion_ae_plain_latent,lost_attacks,Exploits,24
none,2026,0.01,fusion_ae_plain_latent,lost_attacks,Fuzzers,133
none,2026,0.01,fusion_ae_plain_latent,lost_attacks,Generic,3
none,2026,0.01,fusion_ae_plain_latent,lost_attacks,Reconnaissance,2
none,2026,0.01,fusion_ae_plain_latent,lost_attacks,Shellcode,6
none,2026,0.01,fusion_ae_plain_latent,lost_attacks,Worms,0
none,2026,0.01,fusion_ae_plain_latent,persistent_attack_misses,Analysis,46
none,2026,0.01,fusion_ae_plain_latent,persistent_attack_misses,Backdoor,3
none,2026,0.01,fusion_ae_plain_latent,persistent_attack_misses,DoS,30
none,2026,0.01,fusion_ae_plain_latent,persistent_attack_misses,Exploits,144
none,2026,0.01,fusion_ae_plain_latent,persistent_attack_misses,Fuzzers,1589
none,2026,0.01,fusion_ae_plain_latent,persistent_attack_misses,Generic,6
none,2026,0.01,fusion_ae_plain_latent,persistent_attack_misses,Reconnaissance,14
none,2026,0.01,fusion_ae_plain_latent,persistent_attack_misses,Shellcode,24
none,2026,0.01,fusion_ae_plain_latent,persistent_attack_misses,Worms,0
none,2026,0.01,fusion_ae_plain_latent,retained_attack_detections,Analysis,211
none,2026,0.01,fusion_ae_plain_latent,retained_attack_detections,Backdoor,240
none,2026,0.01,fusion_ae_plain_latent,retained_attack_detections,DoS,1774
none,2026,0.01,fusion_ae_plain_latent,retained_attack_detections,Exploits,4714
none,2026,0.01,fusion_ae_plain_latent,retained_attack_detections,Fuzzers,988
none,2026,0.01,fusion_ae_plain_latent,retained_attack_detections,Generic,6133
none,2026,0.01,fusion_ae_plain_latent,retained_attack_detections,Reconnaissance,1796
none,2026,0.01,fusion_ae_plain_latent,retained_attack_detections,Shellcode,112
none,2026,0.01,fusion_ae_plain_latent,retained_attack_detections,Worms,17
none,2026,0.01,selective_fusion,recovered_attacks,Analysis,4
none,2026,0.01,selective_fusion,recovered_attacks,Backdoor,0
none,2026,0.01,selective_fusion,recovered_attacks,DoS,2
none,2026,0.01,selective_fusion,recovered_attacks,Exploits,1
none,2026,0.01,selective_fusion,recovered_attacks,Fuzzers,0
none,2026,0.01,selective_fusion,recovered_attacks,Generic,0
none,2026,0.01,selective_fusion,recovered_attacks,Reconnaissance,0
none,2026,0.01,selective_fusion,recovered_attacks,Shellcode,0
none,2026,0.01,selective_fusion,recovered_attacks,Worms,0
none,2026,0.01,selective_fusion,lost_attacks,Analysis,0
none,2026,0.01,selective_fusion,lost_attacks,Backdoor,0
none,2026,0.01,selective_fusion,lost_attacks,DoS,0
none,2026,0.01,selective_fusion,lost_attacks,Exploits,0
none,2026,0.01,selective_fusion,lost_attacks,Fuzzers,0
none,2026,0.01,selective_fusion,lost_attacks,Generic,0
none,2026,0.01,selective_fusion,lost_attacks,Reconnaissance,0
none,2026,0.01,selective_fusion,lost_attacks,Shellcode,0
none,2026,0.01,selective_fusion,lost_attacks,Worms,0
none,2026,0.01,selective_fusion,persistent_attack_misses,Analysis,50
none,2026,0.01,selective_fusion,persistent_attack_misses,Backdoor,4
none,2026,0.01,selective_fusion,persistent_attack_misses,DoS,30
none,2026,0.01,selective_fusion,persistent_attack_misses,Exploits,152
none,2026,0.01,selective_fusion,persistent_attack_misses,Fuzzers,1616
none,2026,0.01,selective_fusion,persistent_attack_misses,Generic,7
none,2026,0.01,selective_fusion,persistent_attack_misses,Reconnaissance,14
none,2026,0.01,selective_fusion,persistent_attack_misses,Shellcode,24
none,2026,0.01,selective_fusion,persistent_attack_misses,Worms,0
none,2026,0.01,selective_fusion,retained_attack_detections,Analysis,211
none,2026,0.01,selective_fusion,retained_attack_detections,Backdoor,241
none,2026,0.01,selective_fusion,retained_attack_detections,DoS,1784
none,2026,0.01,selective_fusion,retained_attack_detections,Exploits,4738
none,2026,0.01,selective_fusion,retained_attack_detections,Fuzzers,1121
none,2026,0.01,selective_fusion,retained_attack_detections,Generic,6136
none,2026,0.01,selective_fusion,retained_attack_detections,Reconnaissance,1798
none,2026,0.01,selective_fusion,retained_attack_detections,Shellcode,118
none,2026,0.01,selective_fusion,retained_attack_detections,Worms,17
none,2026,0.03,fusion_ae_plain_latent,recovered_attacks,Analysis,1
none,2026,0.03,fusion_ae_plain_latent,recovered_attacks,Backdoor,0
none,2026,0.03,fusion_ae_plain_latent,recovered_attacks,DoS,1
none,2026,0.03,fusion_ae_plain_latent,recovered_attacks,Exploits,2
none,2026,0.03,fusion_ae_plain_latent,recovered_attacks,Fuzzers,14
none,2026,0.03,fusion_ae_plain_latent,recovered_attacks,Generic,0
none,2026,0.03,fusion_ae_plain_latent,recovered_attacks,Reconnaissance,0
none,2026,0.03,fusion_ae_plain_latent,recovered_attacks,Shellcode,0
none,2026,0.03,fusion_ae_plain_latent,recovered_attacks,Worms,0
none,2026,0.03,fusion_ae_plain_latent,lost_attacks,Analysis,0
none,2026,0.03,fusion_ae_plain_latent,lost_attacks,Backdoor,0
none,2026,0.03,fusion_ae_plain_latent,lost_attacks,DoS,1
none,2026,0.03,fusion_ae_plain_latent,lost_attacks,Exploits,6
none,2026,0.03,fusion_ae_plain_latent,lost_attacks,Fuzzers,70
none,2026,0.03,fusion_ae_plain_latent,lost_attacks,Generic,1
none,2026,0.03,fusion_ae_plain_latent,lost_attacks,Reconnaissance,0
none,2026,0.03,fusion_ae_plain_latent,lost_attacks,Shellcode,1
none,2026,0.03,fusion_ae_plain_latent,lost_attacks,Worms,0
none,2026,0.03,fusion_ae_plain_latent,persistent_attack_misses,Analysis,30
none,2026,0.03,fusion_ae_plain_latent,persistent_attack_misses,Backdoor,1
none,2026,0.03,fusion_ae_plain_latent,persistent_attack_misses,DoS,9
none,2026,0.03,fusion_ae_plain_latent,persistent_attack_misses,Exploits,63
none,2026,0.03,fusion_ae_plain_latent,persistent_attack_misses,Fuzzers,1016
none,2026,0.03,fusion_ae_plain_latent,persistent_attack_misses,Generic,1
none,2026,0.03,fusion_ae_plain_latent,persistent_attack_misses,Reconnaissance,4
none,2026,0.03,fusion_ae_plain_latent,persistent_attack_misses,Shellcode,6
none,2026,0.03,fusion_ae_plain_latent,persistent_attack_misses,Worms,0
none,2026,0.03,fusion_ae_plain_latent,retained_attack_detections,Analysis,234
none,2026,0.03,fusion_ae_plain_latent,retained_attack_detections,Backdoor,244
none,2026,0.03,fusion_ae_plain_latent,retained_attack_detections,DoS,1805
none,2026,0.03,fusion_ae_plain_latent,retained_attack_detections,Exploits,4820
none,2026,0.03,fusion_ae_plain_latent,retained_attack_detections,Fuzzers,1637
none,2026,0.03,fusion_ae_plain_latent,retained_attack_detections,Generic,6141
none,2026,0.03,fusion_ae_plain_latent,retained_attack_detections,Reconnaissance,1808
none,2026,0.03,fusion_ae_plain_latent,retained_attack_detections,Shellcode,135
none,2026,0.03,fusion_ae_plain_latent,retained_attack_detections,Worms,17
none,2026,0.03,selective_fusion,recovered_attacks,Analysis,1
none,2026,0.03,selective_fusion,recovered_attacks,Backdoor,0
none,2026,0.03,selective_fusion,recovered_attacks,DoS,1
none,2026,0.03,selective_fusion,recovered_attacks,Exploits,1
none,2026,0.03,selective_fusion,recovered_attacks,Fuzzers,1
none,2026,0.03,selective_fusion,recovered_attacks,Generic,0
none,2026,0.03,selective_fusion,recovered_attacks,Reconnaissance,0
none,2026,0.03,selective_fusion,recovered_attacks,Shellcode,0
none,2026,0.03,selective_fusion,recovered_attacks,Worms,0
none,2026,0.03,selective_fusion,lost_attacks,Analysis,0
none,2026,0.03,selective_fusion,lost_attacks,Backdoor,0
none,2026,0.03,selective_fusion,lost_attacks,DoS,0
none,2026,0.03,selective_fusion,lost_attacks,Exploits,0
none,2026,0.03,selective_fusion,lost_attacks,Fuzzers,0
none,2026,0.03,selective_fusion,lost_attacks,Generic,0
none,2026,0.03,selective_fusion,lost_attacks,Reconnaissance,0
none,2026,0.03,selective_fusion,lost_attacks,Shellcode,0
none,2026,0.03,selective_fusion,lost_attacks,Worms,0
none,2026,0.03,selective_fusion,persistent_attack_misses,Analysis,30
none,2026,0.03,selective_fusion,persistent_attack_misses,Backdoor,1
none,2026,0.03,selective_fusion,persistent_attack_misses,DoS,9
none,2026,0.03,selective_fusion,persistent_attack_misses,Exploits,64
none,2026,0.03,selective_fusion,persistent_attack_misses,Fuzzers,1029
none,2026,0.03,selective_fusion,persistent_attack_misses,Generic,1
none,2026,0.03,selective_fusion,persistent_attack_misses,Reconnaissance,4
none,2026,0.03,selective_fusion,persistent_attack_misses,Shellcode,6
none,2026,0.03,selective_fusion,persistent_attack_misses,Worms,0
none,2026,0.03,selective_fusion,retained_attack_detections,Analysis,234
none,2026,0.03,selective_fusion,retained_attack_detections,Backdoor,244
none,2026,0.03,selective_fusion,retained_attack_detections,DoS,1806
none,2026,0.03,selective_fusion,retained_attack_detections,Exploits,4826
none,2026,0.03,selective_fusion,retained_attack_detections,Fuzzers,1707
none,2026,0.03,selective_fusion,retained_attack_detections,Generic,6142
none,2026,0.03,selective_fusion,retained_attack_detections,Reconnaissance,1808
none,2026,0.03,selective_fusion,retained_attack_detections,Shellcode,136
none,2026,0.03,selective_fusion,retained_attack_detections,Worms,17
none,2026,0.05,fusion_ae_plain_latent,recovered_attacks,Analysis,2
none,2026,0.05,fusion_ae_plain_latent,recovered_attacks,Backdoor,0
none,2026,0.05,fusion_ae_plain_latent,recovered_attacks,DoS,1
none,2026,0.05,fusion_ae_plain_latent,recovered_attacks,Exploits,4
none,2026,0.05,fusion_ae_plain_latent,recovered_attacks,Fuzzers,13
none,2026,0.05,fusion_ae_plain_latent,recovered_attacks,Generic,0
none,2026,0.05,fusion_ae_plain_latent,recovered_attacks,Reconnaissance,0
none,2026,0.05,fusion_ae_plain_latent,recovered_attacks,Shellcode,0
none,2026,0.05,fusion_ae_plain_latent,recovered_attacks,Worms,0
none,2026,0.05,fusion_ae_plain_latent,lost_attacks,Analysis,0
none,2026,0.05,fusion_ae_plain_latent,lost_attacks,Backdoor,0
none,2026,0.05,fusion_ae_plain_latent,lost_attacks,DoS,0
none,2026,0.05,fusion_ae_plain_latent,lost_attacks,Exploits,4
none,2026,0.05,fusion_ae_plain_latent,lost_attacks,Fuzzers,39
none,2026,0.05,fusion_ae_plain_latent,lost_attacks,Generic,0
none,2026,0.05,fusion_ae_plain_latent,lost_attacks,Reconnaissance,0
none,2026,0.05,fusion_ae_plain_latent,lost_attacks,Shellcode,0
none,2026,0.05,fusion_ae_plain_latent,lost_attacks,Worms,0
none,2026,0.05,fusion_ae_plain_latent,persistent_attack_misses,Analysis,25
none,2026,0.05,fusion_ae_plain_latent,persistent_attack_misses,Backdoor,0
none,2026,0.05,fusion_ae_plain_latent,persistent_attack_misses,DoS,6
none,2026,0.05,fusion_ae_plain_latent,persistent_attack_misses,Exploits,44
none,2026,0.05,fusion_ae_plain_latent,persistent_attack_misses,Fuzzers,740
none,2026,0.05,fusion_ae_plain_latent,persistent_attack_misses,Generic,1
none,2026,0.05,fusion_ae_plain_latent,persistent_attack_misses,Reconnaissance,2
none,2026,0.05,fusion_ae_plain_latent,persistent_attack_misses,Shellcode,3
none,2026,0.05,fusion_ae_plain_latent,persistent_attack_misses,Worms,0
none,2026,0.05,fusion_ae_plain_latent,retained_attack_detections,Analysis,238
none,2026,0.05,fusion_ae_plain_latent,retained_attack_detections,Backdoor,245
none,2026,0.05,fusion_ae_plain_latent,retained_attack_detections,DoS,1809
none,2026,0.05,fusion_ae_plain_latent,retained_attack_detections,Exploits,4839
none,2026,0.05,fusion_ae_plain_latent,retained_attack_detections,Fuzzers,1945
none,2026,0.05,fusion_ae_plain_latent,retained_attack_detections,Generic,6142
none,2026,0.05,fusion_ae_plain_latent,retained_attack_detections,Reconnaissance,1810
none,2026,0.05,fusion_ae_plain_latent,retained_attack_detections,Shellcode,139
none,2026,0.05,fusion_ae_plain_latent,retained_attack_detections,Worms,17
none,2026,0.05,selective_fusion,recovered_attacks,Analysis,0
none,2026,0.05,selective_fusion,recovered_attacks,Backdoor,0
none,2026,0.05,selective_fusion,recovered_attacks,DoS,0
none,2026,0.05,selective_fusion,recovered_attacks,Exploits,1
none,2026,0.05,selective_fusion,recovered_attacks,Fuzzers,0
none,2026,0.05,selective_fusion,recovered_attacks,Generic,0
none,2026,0.05,selective_fusion,recovered_attacks,Reconnaissance,0
none,2026,0.05,selective_fusion,recovered_attacks,Shellcode,0
none,2026,0.05,selective_fusion,recovered_attacks,Worms,0
none,2026,0.05,selective_fusion,lost_attacks,Analysis,0
none,2026,0.05,selective_fusion,lost_attacks,Backdoor,0
none,2026,0.05,selective_fusion,lost_attacks,DoS,0
none,2026,0.05,selective_fusion,lost_attacks,Exploits,0
none,2026,0.05,selective_fusion,lost_attacks,Fuzzers,0
none,2026,0.05,selective_fusion,lost_attacks,Generic,0
none,2026,0.05,selective_fusion,lost_attacks,Reconnaissance,0
none,2026,0.05,selective_fusion,lost_attacks,Shellcode,0
none,2026,0.05,selective_fusion,lost_attacks,Worms,0
none,2026,0.05,selective_fusion,persistent_attack_misses,Analysis,27
none,2026,0.05,selective_fusion,persistent_attack_misses,Backdoor,0
none,2026,0.05,selective_fusion,persistent_attack_misses,DoS,7
none,2026,0.05,selective_fusion,persistent_attack_misses,Exploits,47
none,2026,0.05,selective_fusion,persistent_attack_misses,Fuzzers,753
none,2026,0.05,selective_fusion,persistent_attack_misses,Generic,1
none,2026,0.05,selective_fusion,persistent_attack_misses,Reconnaissance,2
none,2026,0.05,selective_fusion,persistent_attack_misses,Shellcode,3
none,2026,0.05,selective_fusion,persistent_attack_misses,Worms,0
none,2026,0.05,selective_fusion,retained_attack_detections,Analysis,238
none,2026,0.05,selective_fusion,retained_attack_detections,Backdoor,245
none,2026,0.05,selective_fusion,retained_attack_detections,DoS,1809
none,2026,0.05,selective_fusion,retained_attack_detections,Exploits,4843
none,2026,0.05,selective_fusion,retained_attack_detections,Fuzzers,1984
none,2026,0.05,selective_fusion,retained_attack_detections,Generic,6142
none,2026,0.05,selective_fusion,retained_attack_detections,Reconnaissance,1810
none,2026,0.05,selective_fusion,retained_attack_detections,Shellcode,139
none,2026,0.05,selective_fusion,retained_attack_detections,Worms,17
