scenario,seed,budget,method,cohort,tree_ratio_low,tree_ratio_high,count
Exploits,42,0.01,fusion_ae_plain_latent,recovered_attacks,0.0,0.25,1
Exploits,42,0.01,fusion_ae_plain_latent,recovered_attacks,0.25,0.5,3
Exploits,42,0.01,fusion_ae_plain_latent,recovered_attacks,0.5,0.75,22
Exploits,42,0.01,fusion_ae_plain_latent,recovered_attacks,0.75,1.0,1468
Exploits,42,0.01,fusion_ae_plain_latent,recovered_attacks,1.0,1.25,0
Exploits,42,0.01,fusion_ae_plain_latent,recovered_attacks,1.25,inf,0
Exploits,42,0.01,fusion_ae_plain_latent,lost_attacks,0.0,0.25,0
Exploits,42,0.01,fusion_ae_plain_latent,lost_attacks,0.25,0.5,0
Exploits,42,0.01,fusion_ae_plain_latent,lost_attacks,0.5,0.75,0
Exploits,42,0.01,fusion_ae_plain_latent,lost_attacks,0.75,1.0,0
Exploits,42,0.01,fusion_ae_plain_latent,lost_attacks,1.0,1.25,329
Exploits,42,0.01,fusion_ae_plain_latent,lost_attacks,1.25,inf,0
Exploits,42,0.01,fusion_ae_plain_latent,removed_false_alarms,0.0,0.25,0
Exploits,42,0.01,fusion_ae_plain_latent,removed_false_alarms,0.25,0.5,0
Exploits,42,0.01,fusion_ae_plain_latent,removed_false_alarms,0.5,0.75,0
Exploits,42,0.01,fusion_ae_plain_latent,removed_false_alarms,0.75,1.0,0
Exploits,42,0.01,fusion_ae_plain_latent,removed_false_alarms,1.0,1.25,16
Exploits,42,0.01,fusion_ae_plain_latent,removed_false_alarms,1.25,inf,0
Exploits,42,0.01,fusion_ae_plain_latent,added_false_alarms,0.0,0.25,0
Exploits,42,0.01,fusion_ae_plain_latent,added_false_alarms,0.25,0.5,0
Exploits,42,0.01,fusion_ae_plain_latent,added_false_alarms,0.5,0.75,0
Exploits,42,0.01,fusion_ae_plain_latent,added_false_alarms,0.75,1.0,22
Exploits,42,0.01,fusion_ae_plain_latent,added_false_alarms,1.0,1.25,0
Exploits,42,0.01,fusion_ae_plain_latent,added_false_alarms,1.25,inf,0
Exploits,42,0.01,fusion_ae_plain_latent,persistent_attack_misses,0.0,0.25,778
Exploits,42,0.01,fusion_ae_plain_latent,persistent_attack_misses,0.25,0.5,601
Exploits,42,0.01,fusion_ae_plain_latent,persistent_attack_misses,0.5,0.75,1308
Exploits,42,0.01,fusion_ae_plain_latent,persistent_attack_misses,0.75,1.0,2979
Exploits,42,0.01,fusion_ae_plain_latent,persistent_attack_misses,1.0,1.25,0
Exploits,42,0.01,fusion_ae_plain_latent,persistent_attack_misses,1.25,inf,0
Exploits,42,0.01,fusion_ae_plain_latent,retained_attack_detections,0.0,0.25,0
Exploits,42,0.01,fusion_ae_plain_latent,retained_attack_detections,0.25,0.5,0
Exploits,42,0.01,fusion_ae_plain_latent,retained_attack_detections,0.5,0.75,0
Exploits,42,0.01,fusion_ae_plain_latent,retained_attack_detections,0.75,1.0,0
Exploits,42,0.01,fusion_ae_plain_latent,retained_attack_detections,1.0,1.25,52895
Exploits,42,0.01,fusion_ae_plain_latent,retained_attack_detections,1.25,inf,0
Exploits,42,0.01,fusion_ae_plain_latent,persistent_false_alarms,0.0,0.25,0
Exploits,42,0.01,fusion_ae_plain_latent,persistent_false_alarms,0.25,0.5,0
Exploits,42,0.01,fusion_ae_plain_latent,persistent_false_alarms,0.5,0.75,0
Exploits,42,0.01,fusion_ae_plain_latent,persistent_false_alarms,0.75,1.0,0
Exploits,42,0.01,fusion_ae_plain_latent,persistent_false_alarms,1.0,1.25,52
Exploits,42,0.01,fusion_ae_plain_latent,persistent_false_alarms,1.25,inf,0
Exploits,42,0.01,fusion_ae_plain_latent,retained_benign_negatives,0.0,0.25,7050
Exploits,42,0.01,fusion_ae_plain_latent,retained_benign_negatives,0.25,0.5,478
Exploits,42,0.01,fusion_ae_plain_latent,retained_benign_negatives,0.5,0.75,381
Exploits,42,0.01,fusion_ae_plain_latent,retained_benign_negatives,0.75,1.0,260
Exploits,42,0.01,fusion_ae_plain_latent,retained_benign_negatives,1.0,1.25,0
Exploits,42,0.01,fusion_ae_plain_latent,retained_benign_negatives,1.25,inf,0
Exploits,42,0.01,selective_fusion,recovered_attacks,0.0,0.25,0
Exploits,42,0.01,selective_fusion,recovered_attacks,0.25,0.5,0
Exploits,42,0.01,selective_fusion,recovered_attacks,0.5,0.75,0
Exploits,42,0.01,selective_fusion,recovered_attacks,0.75,1.0,84
Exploits,42,0.01,selective_fusion,recovered_attacks,1.0,1.25,0
Exploits,42,0.01,selective_fusion,recovered_attacks,1.25,inf,0
Exploits,42,0.01,selective_fusion,lost_attacks,0.0,0.25,0
Exploits,42,0.01,selective_fusion,lost_attacks,0.25,0.5,0
Exploits,42,0.01,selective_fusion,lost_attacks,0.5,0.75,0
Exploits,42,0.01,selective_fusion,lost_attacks,0.75,1.0,0
Exploits,42,0.01,selective_fusion,lost_attacks,1.0,1.25,0
Exploits,42,0.01,selective_fusion,lost_attacks,1.25,inf,0
Exploits,42,0.01,selective_fusion,removed_false_alarms,0.0,0.25,0
Exploits,42,0.01,selective_fusion,removed_false_alarms,0.25,0.5,0
Exploits,42,0.01,selective_fusion,removed_false_alarms,0.5,0.75,0
Exploits,42,0.01,selective_fusion,removed_false_alarms,0.75,1.0,0
Exploits,42,0.01,selective_fusion,removed_false_alarms,1.0,1.25,0
Exploits,42,0.01,selective_fusion,removed_false_alarms,1.25,inf,0
Exploits,42,0.01,selective_fusion,added_false_alarms,0.0,0.25,0
Exploits,42,0.01,selective_fusion,added_false_alarms,0.25,0.5,0
Exploits,42,0.01,selective_fusion,added_false_alarms,0.5,0.75,0
Exploits,42,0.01,selective_fusion,added_false_alarms,0.75,1.0,1
Exploits,42,0.01,selective_fusion,added_false_alarms,1.0,1.25,0
Exploits,42,0.01,selective_fusion,added_false_alarms,1.25,inf,0
Exploits,42,0.01,selective_fusion,persistent_attack_misses,0.0,0.25,779
Exploits,42,0.01,selective_fusion,persistent_attack_misses,0.25,0.5,604
Exploits,42,0.01,selective_fusion,persistent_attack_misses,0.5,0.75,1330
Exploits,42,0.01,selective_fusion,persistent_attack_misses,0.75,1.0,4363
Exploits,42,0.01,selective_fusion,persistent_attack_misses,1.0,1.25,0
Exploits,42,0.01,selective_fusion,persistent_attack_misses,1.25,inf,0
Exploits,42,0.01,selective_fusion,retained_attack_detections,0.0,0.25,0
Exploits,42,0.01,selective_fusion,retained_attack_detections,0.25,0.5,0
Exploits,42,0.01,selective_fusion,retained_attack_detections,0.5,0.75,0
Exploits,42,0.01,selective_fusion,retained_attack_detections,0.75,1.0,0
Exploits,42,0.01,selective_fusion,retained_attack_detections,1.0,1.25,53224
Exploits,42,0.01,selective_fusion,retained_attack_detections,1.25,inf,0
Exploits,42,0.01,selective_fusion,persistent_false_alarms,0.0,0.25,0
Exploits,42,0.01,selective_fusion,persistent_false_alarms,0.25,0.5,0
Exploits,42,0.01,selective_fusion,persistent_false_alarms,0.5,0.75,0
Exploits,42,0.01,selective_fusion,persistent_false_alarms,0.75,1.0,0
Exploits,42,0.01,selective_fusion,persistent_false_alarms,1.0,1.25,68
Exploits,42,0.01,selective_fusion,persistent_false_alarms,1.25,inf,0
Exploits,42,0.01,selective_fusion,retained_benign_negatives,0.0,0.25,7050
Exploits,42,0.01,selective_fusion,retained_benign_negatives,0.25,0.5,478
Exploits,42,0.01,selective_fusion,retained_benign_negatives,0.5,0.75,381
Exploits,42,0.01,selective_fusion,retained_benign_negatives,0.75,1.0,281
Exploits,42,0.01,selective_fusion,retained_benign_negatives,1.0,1.25,0
Exploits,42,0.01,selective_fusion,retained_benign_negatives,1.25,inf,0
Exploits,42,0.03,fusion_ae_plain_latent,recovered_attacks,0.0,0.25,1
Exploits,42,0.03,fusion_ae_plain_latent,recovered_attacks,0.25,0.5,3
Exploits,42,0.03,fusion_ae_plain_latent,recovered_attacks,0.5,0.75,18
Exploits,42,0.03,fusion_ae_plain_latent,recovered_attacks,0.75,1.0,432
Exploits,42,0.03,fusion_ae_plain_latent,recovered_attacks,1.0,1.25,0
Exploits,42,0.03,fusion_ae_plain_latent,recovered_attacks,1.25,inf,0
Exploits,42,0.03,fusion_ae_plain_latent,lost_attacks,0.0,0.25,0
Exploits,42,0.03,fusion_ae_plain_latent,lost_attacks,0.25,0.5,0
Exploits,42,0.03,fusion_ae_plain_latent,lost_attacks,0.5,0.75,0
Exploits,42,0.03,fusion_ae_plain_latent,lost_attacks,0.75,1.0,0
Exploits,42,0.03,fusion_ae_plain_latent,lost_attacks,1.0,1.25,94
Exploits,42,0.03,fusion_ae_plain_latent,lost_attacks,1.25,inf,0
Exploits,42,0.03,fusion_ae_plain_latent,removed_false_alarms,0.0,0.25,0
Exploits,42,0.03,fusion_ae_plain_latent,removed_false_alarms,0.25,0.5,0
Exploits,42,0.03,fusion_ae_plain_latent,removed_false_alarms,0.5,0.75,0
Exploits,42,0.03,fusion_ae_plain_latent,removed_false_alarms,0.75,1.0,0
Exploits,42,0.03,fusion_ae_plain_latent,removed_false_alarms,1.0,1.25,16
Exploits,42,0.03,fusion_ae_plain_latent,removed_false_alarms,1.25,inf,0
Exploits,42,0.03,fusion_ae_plain_latent,added_false_alarms,0.0,0.25,0
Exploits,42,0.03,fusion_ae_plain_latent,added_false_alarms,0.25,0.5,0
Exploits,42,0.03,fusion_ae_plain_latent,added_false_alarms,0.5,0.75,0
Exploits,42,0.03,fusion_ae_plain_latent,added_false_alarms,0.75,1.0,20
Exploits,42,0.03,fusion_ae_plain_latent,added_false_alarms,1.0,1.25,0
Exploits,42,0.03,fusion_ae_plain_latent,added_false_alarms,1.25,inf,0
Exploits,42,0.03,fusion_ae_plain_latent,persistent_attack_misses,0.0,0.25,706
Exploits,42,0.03,fusion_ae_plain_latent,persistent_attack_misses,0.25,0.5,397
Exploits,42,0.03,fusion_ae_plain_latent,persistent_attack_misses,0.5,0.75,919
Exploits,42,0.03,fusion_ae_plain_latent,persistent_attack_misses,0.75,1.0,1215
Exploits,42,0.03,fusion_ae_plain_latent,persistent_attack_misses,1.0,1.25,0
Exploits,42,0.03,fusion_ae_plain_latent,persistent_attack_misses,1.25,inf,0
Exploits,42,0.03,fusion_ae_plain_latent,retained_attack_detections,0.0,0.25,0
Exploits,42,0.03,fusion_ae_plain_latent,retained_attack_detections,0.25,0.5,0
Exploits,42,0.03,fusion_ae_plain_latent,retained_attack_detections,0.5,0.75,0
Exploits,42,0.03,fusion_ae_plain_latent,retained_attack_detections,0.75,1.0,0
Exploits,42,0.03,fusion_ae_plain_latent,retained_attack_detections,1.0,1.25,11581
Exploits,42,0.03,fusion_ae_plain_latent,retained_attack_detections,1.25,inf,45018
Exploits,42,0.03,fusion_ae_plain_latent,persistent_false_alarms,0.0,0.25,0
Exploits,42,0.03,fusion_ae_plain_latent,persistent_false_alarms,0.25,0.5,0
Exploits,42,0.03,fusion_ae_plain_latent,persistent_false_alarms,0.5,0.75,0
Exploits,42,0.03,fusion_ae_plain_latent,persistent_false_alarms,0.75,1.0,0
Exploits,42,0.03,fusion_ae_plain_latent,persistent_false_alarms,1.0,1.25,171
Exploits,42,0.03,fusion_ae_plain_latent,persistent_false_alarms,1.25,inf,20
Exploits,42,0.03,fusion_ae_plain_latent,retained_benign_negatives,0.0,0.25,6968
Exploits,42,0.03,fusion_ae_plain_latent,retained_benign_negatives,0.25,0.5,436
Exploits,42,0.03,fusion_ae_plain_latent,retained_benign_negatives,0.5,0.75,355
Exploits,42,0.03,fusion_ae_plain_latent,retained_benign_negatives,0.75,1.0,273
Exploits,42,0.03,fusion_ae_plain_latent,retained_benign_negatives,1.0,1.25,0
Exploits,42,0.03,fusion_ae_plain_latent,retained_benign_negatives,1.25,inf,0
Exploits,42,0.03,selective_fusion,recovered_attacks,0.0,0.25,0
Exploits,42,0.03,selective_fusion,recovered_attacks,0.25,0.5,0
Exploits,42,0.03,selective_fusion,recovered_attacks,0.5,0.75,0
Exploits,42,0.03,selective_fusion,recovered_attacks,0.75,1.0,10
Exploits,42,0.03,selective_fusion,recovered_attacks,1.0,1.25,0
Exploits,42,0.03,selective_fusion,recovered_attacks,1.25,inf,0
Exploits,42,0.03,selective_fusion,lost_attacks,0.0,0.25,0
Exploits,42,0.03,selective_fusion,lost_attacks,0.25,0.5,0
Exploits,42,0.03,selective_fusion,lost_attacks,0.5,0.75,0
Exploits,42,0.03,selective_fusion,lost_attacks,0.75,1.0,0
Exploits,42,0.03,selective_fusion,lost_attacks,1.0,1.25,0
Exploits,42,0.03,selective_fusion,lost_attacks,1.25,inf,0
Exploits,42,0.03,selective_fusion,removed_false_alarms,0.0,0.25,0
Exploits,42,0.03,selective_fusion,removed_false_alarms,0.25,0.5,0
Exploits,42,0.03,selective_fusion,removed_false_alarms,0.5,0.75,0
Exploits,42,0.03,selective_fusion,removed_false_alarms,0.75,1.0,0
Exploits,42,0.03,selective_fusion,removed_false_alarms,1.0,1.25,0
Exploits,42,0.03,selective_fusion,removed_false_alarms,1.25,inf,0
Exploits,42,0.03,selective_fusion,added_false_alarms,0.0,0.25,0
Exploits,42,0.03,selective_fusion,added_false_alarms,0.25,0.5,0
Exploits,42,0.03,selective_fusion,added_false_alarms,0.5,0.75,0
Exploits,42,0.03,selective_fusion,added_false_alarms,0.75,1.0,6
Exploits,42,0.03,selective_fusion,added_false_alarms,1.0,1.25,0
Exploits,42,0.03,selective_fusion,added_false_alarms,1.25,inf,0
Exploits,42,0.03,selective_fusion,persistent_attack_misses,0.0,0.25,707
Exploits,42,0.03,selective_fusion,persistent_attack_misses,0.25,0.5,400
Exploits,42,0.03,selective_fusion,persistent_attack_misses,0.5,0.75,937
Exploits,42,0.03,selective_fusion,persistent_attack_misses,0.75,1.0,1637
Exploits,42,0.03,selective_fusion,persistent_attack_misses,1.0,1.25,0
Exploits,42,0.03,selective_fusion,persistent_attack_misses,1.25,inf,0
Exploits,42,0.03,selective_fusion,retained_attack_detections,0.0,0.25,0
Exploits,42,0.03,selective_fusion,retained_attack_detections,0.25,0.5,0
Exploits,42,0.03,selective_fusion,retained_attack_detections,0.5,0.75,0
Exploits,42,0.03,selective_fusion,retained_attack_detections,0.75,1.0,0
Exploits,42,0.03,selective_fusion,retained_attack_detections,1.0,1.25,11675
Exploits,42,0.03,selective_fusion,retained_attack_detections,1.25,inf,45018
Exploits,42,0.03,selective_fusion,persistent_false_alarms,0.0,0.25,0
Exploits,42,0.03,selective_fusion,persistent_false_alarms,0.25,0.5,0
Exploits,42,0.03,selective_fusion,persistent_false_alarms,0.5,0.75,0
Exploits,42,0.03,selective_fusion,persistent_false_alarms,0.75,1.0,0
Exploits,42,0.03,selective_fusion,persistent_false_alarms,1.0,1.25,187
Exploits,42,0.03,selective_fusion,persistent_false_alarms,1.25,inf,20
Exploits,42,0.03,selective_fusion,retained_benign_negatives,0.0,0.25,6968
Exploits,42,0.03,selective_fusion,retained_benign_negatives,0.25,0.5,436
Exploits,42,0.03,selective_fusion,retained_benign_negatives,0.5,0.75,355
Exploits,42,0.03,selective_fusion,retained_benign_negatives,0.75,1.0,287
Exploits,42,0.03,selective_fusion,retained_benign_negatives,1.0,1.25,0
Exploits,42,0.03,selective_fusion,retained_benign_negatives,1.25,inf,0
Exploits,42,0.05,fusion_ae_plain_latent,recovered_attacks,0.0,0.25,5
Exploits,42,0.05,fusion_ae_plain_latent,recovered_attacks,0.25,0.5,3
Exploits,42,0.05,fusion_ae_plain_latent,recovered_attacks,0.5,0.75,16
Exploits,42,0.05,fusion_ae_plain_latent,recovered_attacks,0.75,1.0,245
Exploits,42,0.05,fusion_ae_plain_latent,recovered_attacks,1.0,1.25,0
Exploits,42,0.05,fusion_ae_plain_latent,recovered_attacks,1.25,inf,0
Exploits,42,0.05,fusion_ae_plain_latent,lost_attacks,0.0,0.25,0
Exploits,42,0.05,fusion_ae_plain_latent,lost_attacks,0.25,0.5,0
Exploits,42,0.05,fusion_ae_plain_latent,lost_attacks,0.5,0.75,0
Exploits,42,0.05,fusion_ae_plain_latent,lost_attacks,0.75,1.0,0
Exploits,42,0.05,fusion_ae_plain_latent,lost_attacks,1.0,1.25,77
Exploits,42,0.05,fusion_ae_plain_latent,lost_attacks,1.25,inf,0
Exploits,42,0.05,fusion_ae_plain_latent,removed_false_alarms,0.0,0.25,0
Exploits,42,0.05,fusion_ae_plain_latent,removed_false_alarms,0.25,0.5,0
Exploits,42,0.05,fusion_ae_plain_latent,removed_false_alarms,0.5,0.75,0
Exploits,42,0.05,fusion_ae_plain_latent,removed_false_alarms,0.75,1.0,0
Exploits,42,0.05,fusion_ae_plain_latent,removed_false_alarms,1.0,1.25,27
Exploits,42,0.05,fusion_ae_plain_latent,removed_false_alarms,1.25,inf,0
Exploits,42,0.05,fusion_ae_plain_latent,added_false_alarms,0.0,0.25,0
Exploits,42,0.05,fusion_ae_plain_latent,added_false_alarms,0.25,0.5,0
Exploits,42,0.05,fusion_ae_plain_latent,added_false_alarms,0.5,0.75,2
Exploits,42,0.05,fusion_ae_plain_latent,added_false_alarms,0.75,1.0,23
Exploits,42,0.05,fusion_ae_plain_latent,added_false_alarms,1.0,1.25,0
Exploits,42,0.05,fusion_ae_plain_latent,added_false_alarms,1.25,inf,0
Exploits,42,0.05,fusion_ae_plain_latent,persistent_attack_misses,0.0,0.25,671
Exploits,42,0.05,fusion_ae_plain_latent,persistent_attack_misses,0.25,0.5,303
Exploits,42,0.05,fusion_ae_plain_latent,persistent_attack_misses,0.5,0.75,520
Exploits,42,0.05,fusion_ae_plain_latent,persistent_attack_misses,0.75,1.0,801
Exploits,42,0.05,fusion_ae_plain_latent,persistent_attack_misses,1.0,1.25,0
Exploits,42,0.05,fusion_ae_plain_latent,persistent_attack_misses,1.25,inf,0
Exploits,42,0.05,fusion_ae_plain_latent,retained_attack_detections,0.0,0.25,0
Exploits,42,0.05,fusion_ae_plain_latent,retained_attack_detections,0.25,0.5,0
Exploits,42,0.05,fusion_ae_plain_latent,retained_attack_detections,0.5,0.75,0
Exploits,42,0.05,fusion_ae_plain_latent,retained_attack_detections,0.75,1.0,0
Exploits,42,0.05,fusion_ae_plain_latent,retained_attack_detections,1.0,1.25,1922
Exploits,42,0.05,fusion_ae_plain_latent,retained_attack_detections,1.25,inf,55821
Exploits,42,0.05,fusion_ae_plain_latent,persistent_false_alarms,0.0,0.25,0
Exploits,42,0.05,fusion_ae_plain_latent,persistent_false_alarms,0.25,0.5,0
Exploits,42,0.05,fusion_ae_plain_latent,persistent_false_alarms,0.5,0.75,0
Exploits,42,0.05,fusion_ae_plain_latent,persistent_false_alarms,0.75,1.0,0
Exploits,42,0.05,fusion_ae_plain_latent,persistent_false_alarms,1.0,1.25,203
Exploits,42,0.05,fusion_ae_plain_latent,persistent_false_alarms,1.25,inf,152
Exploits,42,0.05,fusion_ae_plain_latent,retained_benign_negatives,0.0,0.25,6896
Exploits,42,0.05,fusion_ae_plain_latent,retained_benign_negatives,0.25,0.5,391
Exploits,42,0.05,fusion_ae_plain_latent,retained_benign_negatives,0.5,0.75,327
Exploits,42,0.05,fusion_ae_plain_latent,retained_benign_negatives,0.75,1.0,238
Exploits,42,0.05,fusion_ae_plain_latent,retained_benign_negatives,1.0,1.25,0
Exploits,42,0.05,fusion_ae_plain_latent,retained_benign_negatives,1.25,inf,0
Exploits,42,0.05,selective_fusion,recovered_attacks,0.0,0.25,0
Exploits,42,0.05,selective_fusion,recovered_attacks,0.25,0.5,0
Exploits,42,0.05,selective_fusion,recovered_attacks,0.5,0.75,0
Exploits,42,0.05,selective_fusion,recovered_attacks,0.75,1.0,28
Exploits,42,0.05,selective_fusion,recovered_attacks,1.0,1.25,0
Exploits,42,0.05,selective_fusion,recovered_attacks,1.25,inf,0
Exploits,42,0.05,selective_fusion,lost_attacks,0.0,0.25,0
Exploits,42,0.05,selective_fusion,lost_attacks,0.25,0.5,0
Exploits,42,0.05,selective_fusion,lost_attacks,0.5,0.75,0
Exploits,42,0.05,selective_fusion,lost_attacks,0.75,1.0,0
Exploits,42,0.05,selective_fusion,lost_attacks,1.0,1.25,0
Exploits,42,0.05,selective_fusion,lost_attacks,1.25,inf,0
Exploits,42,0.05,selective_fusion,removed_false_alarms,0.0,0.25,0
Exploits,42,0.05,selective_fusion,removed_false_alarms,0.25,0.5,0
Exploits,42,0.05,selective_fusion,removed_false_alarms,0.5,0.75,0
Exploits,42,0.05,selective_fusion,removed_false_alarms,0.75,1.0,0
Exploits,42,0.05,selective_fusion,removed_false_alarms,1.0,1.25,0
Exploits,42,0.05,selective_fusion,removed_false_alarms,1.25,inf,0
Exploits,42,0.05,selective_fusion,added_false_alarms,0.0,0.25,0
Exploits,42,0.05,selective_fusion,added_false_alarms,0.25,0.5,0
Exploits,42,0.05,selective_fusion,added_false_alarms,0.5,0.75,0
Exploits,42,0.05,selective_fusion,added_false_alarms,0.75,1.0,8
Exploits,42,0.05,selective_fusion,added_false_alarms,1.0,1.25,0
Exploits,42,0.05,selective_fusion,added_false_alarms,1.25,inf,0
Exploits,42,0.05,selective_fusion,persistent_attack_misses,0.0,0.25,676
Exploits,42,0.05,selective_fusion,persistent_attack_misses,0.25,0.5,306
Exploits,42,0.05,selective_fusion,persistent_attack_misses,0.5,0.75,536
Exploits,42,0.05,selective_fusion,persistent_attack_misses,0.75,1.0,1018
Exploits,42,0.05,selective_fusion,persistent_attack_misses,1.0,1.25,0
Exploits,42,0.05,selective_fusion,persistent_attack_misses,1.25,inf,0
Exploits,42,0.05,selective_fusion,retained_attack_detections,0.0,0.25,0
Exploits,42,0.05,selective_fusion,retained_attack_detections,0.25,0.5,0
Exploits,42,0.05,selective_fusion,retained_attack_detections,0.5,0.75,0
Exploits,42,0.05,selective_fusion,retained_attack_detections,0.75,1.0,0
Exploits,42,0.05,selective_fusion,retained_attack_detections,1.0,1.25,1999
Exploits,42,0.05,selective_fusion,retained_attack_detections,1.25,inf,55821
Exploits,42,0.05,selective_fusion,persistent_false_alarms,0.0,0.25,0
Exploits,42,0.05,selective_fusion,persistent_false_alarms,0.25,0.5,0
Exploits,42,0.05,selective_fusion,persistent_false_alarms,0.5,0.75,0
Exploits,42,0.05,selective_fusion,persistent_false_alarms,0.75,1.0,0
Exploits,42,0.05,selective_fusion,persistent_false_alarms,1.0,1.25,230
Exploits,42,0.05,selective_fusion,persistent_false_alarms,1.25,inf,152
Exploits,42,0.05,selective_fusion,retained_benign_negatives,0.0,0.25,6896
Exploits,42,0.05,selective_fusion,retained_benign_negatives,0.25,0.5,391
Exploits,42,0.05,selective_fusion,retained_benign_negatives,0.5,0.75,329
Exploits,42,0.05,selective_fusion,retained_benign_negatives,0.75,1.0,253
Exploits,42,0.05,selective_fusion,retained_benign_negatives,1.0,1.25,0
Exploits,42,0.05,selective_fusion,retained_benign_negatives,1.25,inf,0
Exploits,123,0.01,fusion_ae_plain_latent,recovered_attacks,0.0,0.25,0
Exploits,123,0.01,fusion_ae_plain_latent,recovered_attacks,0.25,0.5,1
Exploits,123,0.01,fusion_ae_plain_latent,recovered_attacks,0.5,0.75,28
Exploits,123,0.01,fusion_ae_plain_latent,recovered_attacks,0.75,1.0,1573
Exploits,123,0.01,fusion_ae_plain_latent,recovered_attacks,1.0,1.25,0
Exploits,123,0.01,fusion_ae_plain_latent,recovered_attacks,1.25,inf,0
Exploits,123,0.01,fusion_ae_plain_latent,lost_attacks,0.0,0.25,0
Exploits,123,0.01,fusion_ae_plain_latent,lost_attacks,0.25,0.5,0
Exploits,123,0.01,fusion_ae_plain_latent,lost_attacks,0.5,0.75,0
Exploits,123,0.01,fusion_ae_plain_latent,lost_attacks,0.75,1.0,0
Exploits,123,0.01,fusion_ae_plain_latent,lost_attacks,1.0,1.25,439
Exploits,123,0.01,fusion_ae_plain_latent,lost_attacks,1.25,inf,0
Exploits,123,0.01,fusion_ae_plain_latent,removed_false_alarms,0.0,0.25,0
Exploits,123,0.01,fusion_ae_plain_latent,removed_false_alarms,0.25,0.5,0
Exploits,123,0.01,fusion_ae_plain_latent,removed_false_alarms,0.5,0.75,0
Exploits,123,0.01,fusion_ae_plain_latent,removed_false_alarms,0.75,1.0,0
Exploits,123,0.01,fusion_ae_plain_latent,removed_false_alarms,1.0,1.25,15
Exploits,123,0.01,fusion_ae_plain_latent,removed_false_alarms,1.25,inf,0
Exploits,123,0.01,fusion_ae_plain_latent,added_false_alarms,0.0,0.25,0
Exploits,123,0.01,fusion_ae_plain_latent,added_false_alarms,0.25,0.5,0
Exploits,123,0.01,fusion_ae_plain_latent,added_false_alarms,0.5,0.75,1
Exploits,123,0.01,fusion_ae_plain_latent,added_false_alarms,0.75,1.0,13
Exploits,123,0.01,fusion_ae_plain_latent,added_false_alarms,1.0,1.25,0
Exploits,123,0.01,fusion_ae_plain_latent,added_false_alarms,1.25,inf,0
Exploits,123,0.01,fusion_ae_plain_latent,persistent_attack_misses,0.0,0.25,734
Exploits,123,0.01,fusion_ae_plain_latent,persistent_attack_misses,0.25,0.5,727
Exploits,123,0.01,fusion_ae_plain_latent,persistent_attack_misses,0.5,0.75,1774
Exploits,123,0.01,fusion_ae_plain_latent,persistent_attack_misses,0.75,1.0,3403
Exploits,123,0.01,fusion_ae_plain_latent,persistent_attack_misses,1.0,1.25,0
Exploits,123,0.01,fusion_ae_plain_latent,persistent_attack_misses,1.25,inf,0
Exploits,123,0.01,fusion_ae_plain_latent,retained_attack_detections,0.0,0.25,0
Exploits,123,0.01,fusion_ae_plain_latent,retained_attack_detections,0.25,0.5,0
Exploits,123,0.01,fusion_ae_plain_latent,retained_attack_detections,0.5,0.75,0
Exploits,123,0.01,fusion_ae_plain_latent,retained_attack_detections,0.75,1.0,0
Exploits,123,0.01,fusion_ae_plain_latent,retained_attack_detections,1.0,1.25,50827
Exploits,123,0.01,fusion_ae_plain_latent,retained_attack_detections,1.25,inf,0
Exploits,123,0.01,fusion_ae_plain_latent,persistent_false_alarms,0.0,0.25,0
Exploits,123,0.01,fusion_ae_plain_latent,persistent_false_alarms,0.25,0.5,0
Exploits,123,0.01,fusion_ae_plain_latent,persistent_false_alarms,0.5,0.75,0
Exploits,123,0.01,fusion_ae_plain_latent,persistent_false_alarms,0.75,1.0,0
Exploits,123,0.01,fusion_ae_plain_latent,persistent_false_alarms,1.0,1.25,53
Exploits,123,0.01,fusion_ae_plain_latent,persistent_false_alarms,1.25,inf,0
Exploits,123,0.01,fusion_ae_plain_latent,retained_benign_negatives,0.0,0.25,7092
Exploits,123,0.01,fusion_ae_plain_latent,retained_benign_negatives,0.25,0.5,518
Exploits,123,0.01,fusion_ae_plain_latent,retained_benign_negatives,0.5,0.75,354
Exploits,123,0.01,fusion_ae_plain_latent,retained_benign_negatives,0.75,1.0,274
Exploits,123,0.01,fusion_ae_plain_latent,retained_benign_negatives,1.0,1.25,0
Exploits,123,0.01,fusion_ae_plain_latent,retained_benign_negatives,1.25,inf,0
Exploits,123,0.01,selective_fusion,recovered_attacks,0.0,0.25,0
Exploits,123,0.01,selective_fusion,recovered_attacks,0.25,0.5,0
Exploits,123,0.01,selective_fusion,recovered_attacks,0.5,0.75,0
Exploits,123,0.01,selective_fusion,recovered_attacks,0.75,1.0,9
Exploits,123,0.01,selective_fusion,recovered_attacks,1.0,1.25,0
Exploits,123,0.01,selective_fusion,recovered_attacks,1.25,inf,0
Exploits,123,0.01,selective_fusion,lost_attacks,0.0,0.25,0
Exploits,123,0.01,selective_fusion,lost_attacks,0.25,0.5,0
Exploits,123,0.01,selective_fusion,lost_attacks,0.5,0.75,0
Exploits,123,0.01,selective_fusion,lost_attacks,0.75,1.0,0
Exploits,123,0.01,selective_fusion,lost_attacks,1.0,1.25,0
Exploits,123,0.01,selective_fusion,lost_attacks,1.25,inf,0
Exploits,123,0.01,selective_fusion,removed_false_alarms,0.0,0.25,0
Exploits,123,0.01,selective_fusion,removed_false_alarms,0.25,0.5,0
Exploits,123,0.01,selective_fusion,removed_false_alarms,0.5,0.75,0
Exploits,123,0.01,selective_fusion,removed_false_alarms,0.75,1.0,0
Exploits,123,0.01,selective_fusion,removed_false_alarms,1.0,1.25,0
Exploits,123,0.01,selective_fusion,removed_false_alarms,1.25,inf,0
Exploits,123,0.01,selective_fusion,added_false_alarms,0.0,0.25,0
Exploits,123,0.01,selective_fusion,added_false_alarms,0.25,0.5,0
Exploits,123,0.01,selective_fusion,added_false_alarms,0.5,0.75,0
Exploits,123,0.01,selective_fusion,added_false_alarms,0.75,1.0,0
Exploits,123,0.01,selective_fusion,added_false_alarms,1.0,1.25,0
Exploits,123,0.01,selective_fusion,added_false_alarms,1.25,inf,0
Exploits,123,0.01,selective_fusion,persistent_attack_misses,0.0,0.25,734
Exploits,123,0.01,selective_fusion,persistent_attack_misses,0.25,0.5,728
Exploits,123,0.01,selective_fusion,persistent_attack_misses,0.5,0.75,1802
Exploits,123,0.01,selective_fusion,persistent_attack_misses,0.75,1.0,4967
Exploits,123,0.01,selective_fusion,persistent_attack_misses,1.0,1.25,0
Exploits,123,0.01,selective_fusion,persistent_attack_misses,1.25,inf,0
Exploits,123,0.01,selective_fusion,retained_attack_detections,0.0,0.25,0
Exploits,123,0.01,selective_fusion,retained_attack_detections,0.25,0.5,0
Exploits,123,0.01,selective_fusion,retained_attack_detections,0.5,0.75,0
Exploits,123,0.01,selective_fusion,retained_attack_detections,0.75,1.0,0
Exploits,123,0.01,selective_fusion,retained_attack_detections,1.0,1.25,51266
Exploits,123,0.01,selective_fusion,retained_attack_detections,1.25,inf,0
Exploits,123,0.01,selective_fusion,persistent_false_alarms,0.0,0.25,0
Exploits,123,0.01,selective_fusion,persistent_false_alarms,0.25,0.5,0
Exploits,123,0.01,selective_fusion,persistent_false_alarms,0.5,0.75,0
Exploits,123,0.01,selective_fusion,persistent_false_alarms,0.75,1.0,0
Exploits,123,0.01,selective_fusion,persistent_false_alarms,1.0,1.25,68
Exploits,123,0.01,selective_fusion,persistent_false_alarms,1.25,inf,0
Exploits,123,0.01,selective_fusion,retained_benign_negatives,0.0,0.25,7092
Exploits,123,0.01,selective_fusion,retained_benign_negatives,0.25,0.5,518
Exploits,123,0.01,selective_fusion,retained_benign_negatives,0.5,0.75,355
Exploits,123,0.01,selective_fusion,retained_benign_negatives,0.75,1.0,287
Exploits,123,0.01,selective_fusion,retained_benign_negatives,1.0,1.25,0
Exploits,123,0.01,selective_fusion,retained_benign_negatives,1.25,inf,0
Exploits,123,0.03,fusion_ae_plain_latent,recovered_attacks,0.0,0.25,4
Exploits,123,0.03,fusion_ae_plain_latent,recovered_attacks,0.25,0.5,1
Exploits,123,0.03,fusion_ae_plain_latent,recovered_attacks,0.5,0.75,12
Exploits,123,0.03,fusion_ae_plain_latent,recovered_attacks,0.75,1.0,609
Exploits,123,0.03,fusion_ae_plain_latent,recovered_attacks,1.0,1.25,0
Exploits,123,0.03,fusion_ae_plain_latent,recovered_attacks,1.25,inf,0
Exploits,123,0.03,fusion_ae_plain_latent,lost_attacks,0.0,0.25,0
Exploits,123,0.03,fusion_ae_plain_latent,lost_attacks,0.25,0.5,0
Exploits,123,0.03,fusion_ae_plain_latent,lost_attacks,0.5,0.75,0
Exploits,123,0.03,fusion_ae_plain_latent,lost_attacks,0.75,1.0,0
Exploits,123,0.03,fusion_ae_plain_latent,lost_attacks,1.0,1.25,150
Exploits,123,0.03,fusion_ae_plain_latent,lost_attacks,1.25,inf,0
Exploits,123,0.03,fusion_ae_plain_latent,removed_false_alarms,0.0,0.25,0
Exploits,123,0.03,fusion_ae_plain_latent,removed_false_alarms,0.25,0.5,0
Exploits,123,0.03,fusion_ae_plain_latent,removed_false_alarms,0.5,0.75,0
Exploits,123,0.03,fusion_ae_plain_latent,removed_false_alarms,0.75,1.0,0
Exploits,123,0.03,fusion_ae_plain_latent,removed_false_alarms,1.0,1.25,24
Exploits,123,0.03,fusion_ae_plain_latent,removed_false_alarms,1.25,inf,0
Exploits,123,0.03,fusion_ae_plain_latent,added_false_alarms,0.0,0.25,0
Exploits,123,0.03,fusion_ae_plain_latent,added_false_alarms,0.25,0.5,0
Exploits,123,0.03,fusion_ae_plain_latent,added_false_alarms,0.5,0.75,3
Exploits,123,0.03,fusion_ae_plain_latent,added_false_alarms,0.75,1.0,26
Exploits,123,0.03,fusion_ae_plain_latent,added_false_alarms,1.0,1.25,0
Exploits,123,0.03,fusion_ae_plain_latent,added_false_alarms,1.25,inf,0
Exploits,123,0.03,fusion_ae_plain_latent,persistent_attack_misses,0.0,0.25,659
Exploits,123,0.03,fusion_ae_plain_latent,persistent_attack_misses,0.25,0.5,428
Exploits,123,0.03,fusion_ae_plain_latent,persistent_attack_misses,0.5,0.75,1197
Exploits,123,0.03,fusion_ae_plain_latent,persistent_attack_misses,0.75,1.0,1263
Exploits,123,0.03,fusion_ae_plain_latent,persistent_attack_misses,1.0,1.25,0
Exploits,123,0.03,fusion_ae_plain_latent,persistent_attack_misses,1.25,inf,0
Exploits,123,0.03,fusion_ae_plain_latent,retained_attack_detections,0.0,0.25,0
Exploits,123,0.03,fusion_ae_plain_latent,retained_attack_detections,0.25,0.5,0
Exploits,123,0.03,fusion_ae_plain_latent,retained_attack_detections,0.5,0.75,0
Exploits,123,0.03,fusion_ae_plain_latent,retained_attack_detections,0.75,1.0,0
Exploits,123,0.03,fusion_ae_plain_latent,retained_attack_detections,1.0,1.25,8067
Exploits,123,0.03,fusion_ae_plain_latent,retained_attack_detections,1.25,inf,47116
Exploits,123,0.03,fusion_ae_plain_latent,persistent_false_alarms,0.0,0.25,0
Exploits,123,0.03,fusion_ae_plain_latent,persistent_false_alarms,0.25,0.5,0
Exploits,123,0.03,fusion_ae_plain_latent,persistent_false_alarms,0.5,0.75,0
Exploits,123,0.03,fusion_ae_plain_latent,persistent_false_alarms,0.75,1.0,0
Exploits,123,0.03,fusion_ae_plain_latent,persistent_false_alarms,1.0,1.25,168
Exploits,123,0.03,fusion_ae_plain_latent,persistent_false_alarms,1.25,inf,33
Exploits,123,0.03,fusion_ae_plain_latent,retained_benign_negatives,0.0,0.25,7002
Exploits,123,0.03,fusion_ae_plain_latent,retained_benign_negatives,0.25,0.5,461
Exploits,123,0.03,fusion_ae_plain_latent,retained_benign_negatives,0.5,0.75,336
Exploits,123,0.03,fusion_ae_plain_latent,retained_benign_negatives,0.75,1.0,267
Exploits,123,0.03,fusion_ae_plain_latent,retained_benign_negatives,1.0,1.25,0
Exploits,123,0.03,fusion_ae_plain_latent,retained_benign_negatives,1.25,inf,0
Exploits,123,0.03,selective_fusion,recovered_attacks,0.0,0.25,0
Exploits,123,0.03,selective_fusion,recovered_attacks,0.25,0.5,0
Exploits,123,0.03,selective_fusion,recovered_attacks,0.5,0.75,0
Exploits,123,0.03,selective_fusion,recovered_attacks,0.75,1.0,1
Exploits,123,0.03,selective_fusion,recovered_attacks,1.0,1.25,0
Exploits,123,0.03,selective_fusion,recovered_attacks,1.25,inf,0
Exploits,123,0.03,selective_fusion,lost_attacks,0.0,0.25,0
Exploits,123,0.03,selective_fusion,lost_attacks,0.25,0.5,0
Exploits,123,0.03,selective_fusion,lost_attacks,0.5,0.75,0
Exploits,123,0.03,selective_fusion,lost_attacks,0.75,1.0,0
Exploits,123,0.03,selective_fusion,lost_attacks,1.0,1.25,0
Exploits,123,0.03,selective_fusion,lost_attacks,1.25,inf,0
Exploits,123,0.03,selective_fusion,removed_false_alarms,0.0,0.25,0
Exploits,123,0.03,selective_fusion,removed_false_alarms,0.25,0.5,0
Exploits,123,0.03,selective_fusion,removed_false_alarms,0.5,0.75,0
Exploits,123,0.03,selective_fusion,removed_false_alarms,0.75,1.0,0
Exploits,123,0.03,selective_fusion,removed_false_alarms,1.0,1.25,0
Exploits,123,0.03,selective_fusion,removed_false_alarms,1.25,inf,0
Exploits,123,0.03,selective_fusion,added_false_alarms,0.0,0.25,0
Exploits,123,0.03,selective_fusion,added_false_alarms,0.25,0.5,0
Exploits,123,0.03,selective_fusion,added_false_alarms,0.5,0.75,0
Exploits,123,0.03,selective_fusion,added_false_alarms,0.75,1.0,0
Exploits,123,0.03,selective_fusion,added_false_alarms,1.0,1.25,0
Exploits,123,0.03,selective_fusion,added_false_alarms,1.25,inf,0
Exploits,123,0.03,selective_fusion,persistent_attack_misses,0.0,0.25,663
Exploits,123,0.03,selective_fusion,persistent_attack_misses,0.25,0.5,429
Exploits,123,0.03,selective_fusion,persistent_attack_misses,0.5,0.75,1209
Exploits,123,0.03,selective_fusion,persistent_attack_misses,0.75,1.0,1871
Exploits,123,0.03,selective_fusion,persistent_attack_misses,1.0,1.25,0
Exploits,123,0.03,selective_fusion,persistent_attack_misses,1.25,inf,0
Exploits,123,0.03,selective_fusion,retained_attack_detections,0.0,0.25,0
Exploits,123,0.03,selective_fusion,retained_attack_detections,0.25,0.5,0
Exploits,123,0.03,selective_fusion,retained_attack_detections,0.5,0.75,0
Exploits,123,0.03,selective_fusion,retained_attack_detections,0.75,1.0,0
Exploits,123,0.03,selective_fusion,retained_attack_detections,1.0,1.25,8217
Exploits,123,0.03,selective_fusion,retained_attack_detections,1.25,inf,47116
Exploits,123,0.03,selective_fusion,persistent_false_alarms,0.0,0.25,0
Exploits,123,0.03,selective_fusion,persistent_false_alarms,0.25,0.5,0
Exploits,123,0.03,selective_fusion,persistent_false_alarms,0.5,0.75,0
Exploits,123,0.03,selective_fusion,persistent_false_alarms,0.75,1.0,0
Exploits,123,0.03,selective_fusion,persistent_false_alarms,1.0,1.25,192
Exploits,123,0.03,selective_fusion,persistent_false_alarms,1.25,inf,33
Exploits,123,0.03,selective_fusion,retained_benign_negatives,0.0,0.25,7002
Exploits,123,0.03,selective_fusion,retained_benign_negatives,0.25,0.5,461
Exploits,123,0.03,selective_fusion,retained_benign_negatives,0.5,0.75,339
Exploits,123,0.03,selective_fusion,retained_benign_negatives,0.75,1.0,293
Exploits,123,0.03,selective_fusion,retained_benign_negatives,1.0,1.25,0
Exploits,123,0.03,selective_fusion,retained_benign_negatives,1.25,inf,0
Exploits,123,0.05,fusion_ae_plain_latent,recovered_attacks,0.0,0.25,8
Exploits,123,0.05,fusion_ae_plain_latent,recovered_attacks,0.25,0.5,0
Exploits,123,0.05,fusion_ae_plain_latent,recovered_attacks,0.5,0.75,18
Exploits,123,0.05,fusion_ae_plain_latent,recovered_attacks,0.75,1.0,439
Exploits,123,0.05,fusion_ae_plain_latent,recovered_attacks,1.0,1.25,0
Exploits,123,0.05,fusion_ae_plain_latent,recovered_attacks,1.25,inf,0
Exploits,123,0.05,fusion_ae_plain_latent,lost_attacks,0.0,0.25,0
Exploits,123,0.05,fusion_ae_plain_latent,lost_attacks,0.25,0.5,0
Exploits,123,0.05,fusion_ae_plain_latent,lost_attacks,0.5,0.75,0
Exploits,123,0.05,fusion_ae_plain_latent,lost_attacks,0.75,1.0,0
Exploits,123,0.05,fusion_ae_plain_latent,lost_attacks,1.0,1.25,55
Exploits,123,0.05,fusion_ae_plain_latent,lost_attacks,1.25,inf,0
Exploits,123,0.05,fusion_ae_plain_latent,removed_false_alarms,0.0,0.25,0
Exploits,123,0.05,fusion_ae_plain_latent,removed_false_alarms,0.25,0.5,0
Exploits,123,0.05,fusion_ae_plain_latent,removed_false_alarms,0.5,0.75,0
Exploits,123,0.05,fusion_ae_plain_latent,removed_false_alarms,0.75,1.0,0
Exploits,123,0.05,fusion_ae_plain_latent,removed_false_alarms,1.0,1.25,26
Exploits,123,0.05,fusion_ae_plain_latent,removed_false_alarms,1.25,inf,0
Exploits,123,0.05,fusion_ae_plain_latent,added_false_alarms,0.0,0.25,1
Exploits,123,0.05,fusion_ae_plain_latent,added_false_alarms,0.25,0.5,0
Exploits,123,0.05,fusion_ae_plain_latent,added_false_alarms,0.5,0.75,0
Exploits,123,0.05,fusion_ae_plain_latent,added_false_alarms,0.75,1.0,27
Exploits,123,0.05,fusion_ae_plain_latent,added_false_alarms,1.0,1.25,0
Exploits,123,0.05,fusion_ae_plain_latent,added_false_alarms,1.25,inf,0
Exploits,123,0.05,fusion_ae_plain_latent,persistent_attack_misses,0.0,0.25,613
Exploits,123,0.05,fusion_ae_plain_latent,persistent_attack_misses,0.25,0.5,308
Exploits,123,0.05,fusion_ae_plain_latent,persistent_attack_misses,0.5,0.75,754
Exploits,123,0.05,fusion_ae_plain_latent,persistent_attack_misses,0.75,1.0,738
Exploits,123,0.05,fusion_ae_plain_latent,persistent_attack_misses,1.0,1.25,0
Exploits,123,0.05,fusion_ae_plain_latent,persistent_attack_misses,1.25,inf,0
Exploits,123,0.05,fusion_ae_plain_latent,retained_attack_detections,0.0,0.25,0
Exploits,123,0.05,fusion_ae_plain_latent,retained_attack_detections,0.25,0.5,0
Exploits,123,0.05,fusion_ae_plain_latent,retained_attack_detections,0.5,0.75,0
Exploits,123,0.05,fusion_ae_plain_latent,retained_attack_detections,0.75,1.0,0
Exploits,123,0.05,fusion_ae_plain_latent,retained_attack_detections,1.0,1.25,2009
Exploits,123,0.05,fusion_ae_plain_latent,retained_attack_detections,1.25,inf,54564
Exploits,123,0.05,fusion_ae_plain_latent,persistent_false_alarms,0.0,0.25,0
Exploits,123,0.05,fusion_ae_plain_latent,persistent_false_alarms,0.25,0.5,0
Exploits,123,0.05,fusion_ae_plain_latent,persistent_false_alarms,0.5,0.75,0
Exploits,123,0.05,fusion_ae_plain_latent,persistent_false_alarms,0.75,1.0,0
Exploits,123,0.05,fusion_ae_plain_latent,persistent_false_alarms,1.0,1.25,215
Exploits,123,0.05,fusion_ae_plain_latent,persistent_false_alarms,1.25,inf,169
Exploits,123,0.05,fusion_ae_plain_latent,retained_benign_negatives,0.0,0.25,6931
Exploits,123,0.05,fusion_ae_plain_latent,retained_benign_negatives,0.25,0.5,398
Exploits,123,0.05,fusion_ae_plain_latent,retained_benign_negatives,0.5,0.75,332
Exploits,123,0.05,fusion_ae_plain_latent,retained_benign_negatives,0.75,1.0,221
Exploits,123,0.05,fusion_ae_plain_latent,retained_benign_negatives,1.0,1.25,0
Exploits,123,0.05,fusion_ae_plain_latent,retained_benign_negatives,1.25,inf,0
Exploits,123,0.05,selective_fusion,recovered_attacks,0.0,0.25,0
Exploits,123,0.05,selective_fusion,recovered_attacks,0.25,0.5,0
Exploits,123,0.05,selective_fusion,recovered_attacks,0.5,0.75,0
Exploits,123,0.05,selective_fusion,recovered_attacks,0.75,1.0,271
Exploits,123,0.05,selective_fusion,recovered_attacks,1.0,1.25,0
Exploits,123,0.05,selective_fusion,recovered_attacks,1.25,inf,0
Exploits,123,0.05,selective_fusion,lost_attacks,0.0,0.25,0
Exploits,123,0.05,selective_fusion,lost_attacks,0.25,0.5,0
Exploits,123,0.05,selective_fusion,lost_attacks,0.5,0.75,0
Exploits,123,0.05,selective_fusion,lost_attacks,0.75,1.0,0
Exploits,123,0.05,selective_fusion,lost_attacks,1.0,1.25,0
Exploits,123,0.05,selective_fusion,lost_attacks,1.25,inf,0
Exploits,123,0.05,selective_fusion,removed_false_alarms,0.0,0.25,0
Exploits,123,0.05,selective_fusion,removed_false_alarms,0.25,0.5,0
Exploits,123,0.05,selective_fusion,removed_false_alarms,0.5,0.75,0
Exploits,123,0.05,selective_fusion,removed_false_alarms,0.75,1.0,0
Exploits,123,0.05,selective_fusion,removed_false_alarms,1.0,1.25,0
Exploits,123,0.05,selective_fusion,removed_false_alarms,1.25,inf,0
Exploits,123,0.05,selective_fusion,added_false_alarms,0.0,0.25,0
Exploits,123,0.05,selective_fusion,added_false_alarms,0.25,0.5,0
Exploits,123,0.05,selective_fusion,added_false_alarms,0.5,0.75,0
Exploits,123,0.05,selective_fusion,added_false_alarms,0.75,1.0,2
Exploits,123,0.05,selective_fusion,added_false_alarms,1.0,1.25,0
Exploits,123,0.05,selective_fusion,added_false_alarms,1.25,inf,0
Exploits,123,0.05,selective_fusion,persistent_attack_misses,0.0,0.25,621
Exploits,123,0.05,selective_fusion,persistent_attack_misses,0.25,0.5,308
Exploits,123,0.05,selective_fusion,persistent_attack_misses,0.5,0.75,772
Exploits,123,0.05,selective_fusion,persistent_attack_misses,0.75,1.0,906
Exploits,123,0.05,selective_fusion,persistent_attack_misses,1.0,1.25,0
Exploits,123,0.05,selective_fusion,persistent_attack_misses,1.25,inf,0
Exploits,123,0.05,selective_fusion,retained_attack_detections,0.0,0.25,0
Exploits,123,0.05,selective_fusion,retained_attack_detections,0.25,0.5,0
Exploits,123,0.05,selective_fusion,retained_attack_detections,0.5,0.75,0
Exploits,123,0.05,selective_fusion,retained_attack_detections,0.75,1.0,0
Exploits,123,0.05,selective_fusion,retained_attack_detections,1.0,1.25,2064
Exploits,123,0.05,selective_fusion,retained_attack_detections,1.25,inf,54564
Exploits,123,0.05,selective_fusion,persistent_false_alarms,0.0,0.25,0
Exploits,123,0.05,selective_fusion,persistent_false_alarms,0.25,0.5,0
Exploits,123,0.05,selective_fusion,persistent_false_alarms,0.5,0.75,0
Exploits,123,0.05,selective_fusion,persistent_false_alarms,0.75,1.0,0
Exploits,123,0.05,selective_fusion,persistent_false_alarms,1.0,1.25,241
Exploits,123,0.05,selective_fusion,persistent_false_alarms,1.25,inf,169
Exploits,123,0.05,selective_fusion,retained_benign_negatives,0.0,0.25,6932
Exploits,123,0.05,selective_fusion,retained_benign_negatives,0.25,0.5,398
Exploits,123,0.05,selective_fusion,retained_benign_negatives,0.5,0.75,332
Exploits,123,0.05,selective_fusion,retained_benign_negatives,0.75,1.0,246
Exploits,123,0.05,selective_fusion,retained_benign_negatives,1.0,1.25,0
Exploits,123,0.05,selective_fusion,retained_benign_negatives,1.25,inf,0
Exploits,2026,0.01,fusion_ae_plain_latent,recovered_attacks,0.0,0.25,0
Exploits,2026,0.01,fusion_ae_plain_latent,recovered_attacks,0.25,0.5,22
Exploits,2026,0.01,fusion_ae_plain_latent,recovered_attacks,0.5,0.75,8
Exploits,2026,0.01,fusion_ae_plain_latent,recovered_attacks,0.75,1.0,3051
Exploits,2026,0.01,fusion_ae_plain_latent,recovered_attacks,1.0,1.25,0
Exploits,2026,0.01,fusion_ae_plain_latent,recovered_attacks,1.25,inf,0
Exploits,2026,0.01,fusion_ae_plain_latent,lost_attacks,0.0,0.25,0
Exploits,2026,0.01,fusion_ae_plain_latent,lost_attacks,0.25,0.5,0
Exploits,2026,0.01,fusion_ae_plain_latent,lost_attacks,0.5,0.75,0
Exploits,2026,0.01,fusion_ae_plain_latent,lost_attacks,0.75,1.0,0
Exploits,2026,0.01,fusion_ae_plain_latent,lost_attacks,1.0,1.25,489
Exploits,2026,0.01,fusion_ae_plain_latent,lost_attacks,1.25,inf,0
Exploits,2026,0.01,fusion_ae_plain_latent,removed_false_alarms,0.0,0.25,0
Exploits,2026,0.01,fusion_ae_plain_latent,removed_false_alarms,0.25,0.5,0
Exploits,2026,0.01,fusion_ae_plain_latent,removed_false_alarms,0.5,0.75,0
Exploits,2026,0.01,fusion_ae_plain_latent,removed_false_alarms,0.75,1.0,0
Exploits,2026,0.01,fusion_ae_plain_latent,removed_false_alarms,1.0,1.25,21
Exploits,2026,0.01,fusion_ae_plain_latent,removed_false_alarms,1.25,inf,0
Exploits,2026,0.01,fusion_ae_plain_latent,added_false_alarms,0.0,0.25,0
Exploits,2026,0.01,fusion_ae_plain_latent,added_false_alarms,0.25,0.5,0
Exploits,2026,0.01,fusion_ae_plain_latent,added_false_alarms,0.5,0.75,0
Exploits,2026,0.01,fusion_ae_plain_latent,added_false_alarms,0.75,1.0,21
Exploits,2026,0.01,fusion_ae_plain_latent,added_false_alarms,1.0,1.25,0
Exploits,2026,0.01,fusion_ae_plain_latent,added_false_alarms,1.25,inf,0
Exploits,2026,0.01,fusion_ae_plain_latent,persistent_attack_misses,0.0,0.25,834
Exploits,2026,0.01,fusion_ae_plain_latent,persistent_attack_misses,0.25,0.5,925
Exploits,2026,0.01,fusion_ae_plain_latent,persistent_attack_misses,0.5,0.75,1592
Exploits,2026,0.01,fusion_ae_plain_latent,persistent_attack_misses,0.75,1.0,3378
Exploits,2026,0.01,fusion_ae_plain_latent,persistent_attack_misses,1.0,1.25,0
Exploits,2026,0.01,fusion_ae_plain_latent,persistent_attack_misses,1.25,inf,0
Exploits,2026,0.01,fusion_ae_plain_latent,retained_attack_detections,0.0,0.25,0
Exploits,2026,0.01,fusion_ae_plain_latent,retained_attack_detections,0.25,0.5,0
Exploits,2026,0.01,fusion_ae_plain_latent,retained_attack_detections,0.5,0.75,0
Exploits,2026,0.01,fusion_ae_plain_latent,retained_attack_detections,0.75,1.0,0
Exploits,2026,0.01,fusion_ae_plain_latent,retained_attack_detections,1.0,1.25,49277
Exploits,2026,0.01,fusion_ae_plain_latent,retained_attack_detections,1.25,inf,0
Exploits,2026,0.01,fusion_ae_plain_latent,persistent_false_alarms,0.0,0.25,0
Exploits,2026,0.01,fusion_ae_plain_latent,persistent_false_alarms,0.25,0.5,0
Exploits,2026,0.01,fusion_ae_plain_latent,persistent_false_alarms,0.5,0.75,0
Exploits,2026,0.01,fusion_ae_plain_latent,persistent_false_alarms,0.75,1.0,0
Exploits,2026,0.01,fusion_ae_plain_latent,persistent_false_alarms,1.0,1.25,47
Exploits,2026,0.01,fusion_ae_plain_latent,persistent_false_alarms,1.25,inf,0
Exploits,2026,0.01,fusion_ae_plain_latent,retained_benign_negatives,0.0,0.25,7264
Exploits,2026,0.01,fusion_ae_plain_latent,retained_benign_negatives,0.25,0.5,443
Exploits,2026,0.01,fusion_ae_plain_latent,retained_benign_negatives,0.5,0.75,341
Exploits,2026,0.01,fusion_ae_plain_latent,retained_benign_negatives,0.75,1.0,250
Exploits,2026,0.01,fusion_ae_plain_latent,retained_benign_negatives,1.0,1.25,0
Exploits,2026,0.01,fusion_ae_plain_latent,retained_benign_negatives,1.25,inf,0
Exploits,2026,0.01,selective_fusion,recovered_attacks,0.0,0.25,0
Exploits,2026,0.01,selective_fusion,recovered_attacks,0.25,0.5,24
Exploits,2026,0.01,selective_fusion,recovered_attacks,0.5,0.75,9
Exploits,2026,0.01,selective_fusion,recovered_attacks,0.75,1.0,1554
Exploits,2026,0.01,selective_fusion,recovered_attacks,1.0,1.25,0
Exploits,2026,0.01,selective_fusion,recovered_attacks,1.25,inf,0
Exploits,2026,0.01,selective_fusion,lost_attacks,0.0,0.25,0
Exploits,2026,0.01,selective_fusion,lost_attacks,0.25,0.5,0
Exploits,2026,0.01,selective_fusion,lost_attacks,0.5,0.75,0
Exploits,2026,0.01,selective_fusion,lost_attacks,0.75,1.0,0
Exploits,2026,0.01,selective_fusion,lost_attacks,1.0,1.25,0
Exploits,2026,0.01,selective_fusion,lost_attacks,1.25,inf,0
Exploits,2026,0.01,selective_fusion,removed_false_alarms,0.0,0.25,0
Exploits,2026,0.01,selective_fusion,removed_false_alarms,0.25,0.5,0
Exploits,2026,0.01,selective_fusion,removed_false_alarms,0.5,0.75,0
Exploits,2026,0.01,selective_fusion,removed_false_alarms,0.75,1.0,0
Exploits,2026,0.01,selective_fusion,removed_false_alarms,1.0,1.25,0
Exploits,2026,0.01,selective_fusion,removed_false_alarms,1.25,inf,0
Exploits,2026,0.01,selective_fusion,added_false_alarms,0.0,0.25,0
Exploits,2026,0.01,selective_fusion,added_false_alarms,0.25,0.5,0
Exploits,2026,0.01,selective_fusion,added_false_alarms,0.5,0.75,0
Exploits,2026,0.01,selective_fusion,added_false_alarms,0.75,1.0,9
Exploits,2026,0.01,selective_fusion,added_false_alarms,1.0,1.25,0
Exploits,2026,0.01,selective_fusion,added_false_alarms,1.25,inf,0
Exploits,2026,0.01,selective_fusion,persistent_attack_misses,0.0,0.25,834
Exploits,2026,0.01,selective_fusion,persistent_attack_misses,0.25,0.5,923
Exploits,2026,0.01,selective_fusion,persistent_attack_misses,0.5,0.75,1591
Exploits,2026,0.01,selective_fusion,persistent_attack_misses,0.75,1.0,4875
Exploits,2026,0.01,selective_fusion,persistent_attack_misses,1.0,1.25,0
Exploits,2026,0.01,selective_fusion,persistent_attack_misses,1.25,inf,0
Exploits,2026,0.01,selective_fusion,retained_attack_detections,0.0,0.25,0
Exploits,2026,0.01,selective_fusion,retained_attack_detections,0.25,0.5,0
Exploits,2026,0.01,selective_fusion,retained_attack_detections,0.5,0.75,0
Exploits,2026,0.01,selective_fusion,retained_attack_detections,0.75,1.0,0
Exploits,2026,0.01,selective_fusion,retained_attack_detections,1.0,1.25,49766
Exploits,2026,0.01,selective_fusion,retained_attack_detections,1.25,inf,0
Exploits,2026,0.01,selective_fusion,persistent_false_alarms,0.0,0.25,0
Exploits,2026,0.01,selective_fusion,persistent_false_alarms,0.25,0.5,0
Exploits,2026,0.01,selective_fusion,persistent_false_alarms,0.5,0.75,0
Exploits,2026,0.01,selective_fusion,persistent_false_alarms,0.75,1.0,0
Exploits,2026,0.01,selective_fusion,persistent_false_alarms,1.0,1.25,68
Exploits,2026,0.01,selective_fusion,persistent_false_alarms,1.25,inf,0
Exploits,2026,0.01,selective_fusion,retained_benign_negatives,0.0,0.25,7264
Exploits,2026,0.01,selective_fusion,retained_benign_negatives,0.25,0.5,443
Exploits,2026,0.01,selective_fusion,retained_benign_negatives,0.5,0.75,341
Exploits,2026,0.01,selective_fusion,retained_benign_negatives,0.75,1.0,262
Exploits,2026,0.01,selective_fusion,retained_benign_negatives,1.0,1.25,0
Exploits,2026,0.01,selective_fusion,retained_benign_negatives,1.25,inf,0
Exploits,2026,0.03,fusion_ae_plain_latent,recovered_attacks,0.0,0.25,8
Exploits,2026,0.03,fusion_ae_plain_latent,recovered_attacks,0.25,0.5,18
Exploits,2026,0.03,fusion_ae_plain_latent,recovered_attacks,0.5,0.75,14
Exploits,2026,0.03,fusion_ae_plain_latent,recovered_attacks,0.75,1.0,700
Exploits,2026,0.03,fusion_ae_plain_latent,recovered_attacks,1.0,1.25,0
Exploits,2026,0.03,fusion_ae_plain_latent,recovered_attacks,1.25,inf,0
Exploits,2026,0.03,fusion_ae_plain_latent,lost_attacks,0.0,0.25,0
Exploits,2026,0.03,fusion_ae_plain_latent,lost_attacks,0.25,0.5,0
Exploits,2026,0.03,fusion_ae_plain_latent,lost_attacks,0.5,0.75,0
Exploits,2026,0.03,fusion_ae_plain_latent,lost_attacks,0.75,1.0,0
Exploits,2026,0.03,fusion_ae_plain_latent,lost_attacks,1.0,1.25,96
Exploits,2026,0.03,fusion_ae_plain_latent,lost_attacks,1.25,inf,0
Exploits,2026,0.03,fusion_ae_plain_latent,removed_false_alarms,0.0,0.25,0
Exploits,2026,0.03,fusion_ae_plain_latent,removed_false_alarms,0.25,0.5,0
Exploits,2026,0.03,fusion_ae_plain_latent,removed_false_alarms,0.5,0.75,0
Exploits,2026,0.03,fusion_ae_plain_latent,removed_false_alarms,0.75,1.0,0
Exploits,2026,0.03,fusion_ae_plain_latent,removed_false_alarms,1.0,1.25,15
Exploits,2026,0.03,fusion_ae_plain_latent,removed_false_alarms,1.25,inf,0
Exploits,2026,0.03,fusion_ae_plain_latent,added_false_alarms,0.0,0.25,0
Exploits,2026,0.03,fusion_ae_plain_latent,added_false_alarms,0.25,0.5,0
Exploits,2026,0.03,fusion_ae_plain_latent,added_false_alarms,0.5,0.75,1
Exploits,2026,0.03,fusion_ae_plain_latent,added_false_alarms,0.75,1.0,17
Exploits,2026,0.03,fusion_ae_plain_latent,added_false_alarms,1.0,1.25,0
Exploits,2026,0.03,fusion_ae_plain_latent,added_false_alarms,1.25,inf,0
Exploits,2026,0.03,fusion_ae_plain_latent,persistent_attack_misses,0.0,0.25,747
Exploits,2026,0.03,fusion_ae_plain_latent,persistent_attack_misses,0.25,0.5,647
Exploits,2026,0.03,fusion_ae_plain_latent,persistent_attack_misses,0.5,0.75,1090
Exploits,2026,0.03,fusion_ae_plain_latent,persistent_attack_misses,0.75,1.0,971
Exploits,2026,0.03,fusion_ae_plain_latent,persistent_attack_misses,1.0,1.25,0
Exploits,2026,0.03,fusion_ae_plain_latent,persistent_attack_misses,1.25,inf,0
Exploits,2026,0.03,fusion_ae_plain_latent,retained_attack_detections,0.0,0.25,0
Exploits,2026,0.03,fusion_ae_plain_latent,retained_attack_detections,0.25,0.5,0
Exploits,2026,0.03,fusion_ae_plain_latent,retained_attack_detections,0.5,0.75,0
Exploits,2026,0.03,fusion_ae_plain_latent,retained_attack_detections,0.75,1.0,0
Exploits,2026,0.03,fusion_ae_plain_latent,retained_attack_detections,1.0,1.25,10867
Exploits,2026,0.03,fusion_ae_plain_latent,retained_attack_detections,1.25,inf,44418
Exploits,2026,0.03,fusion_ae_plain_latent,persistent_false_alarms,0.0,0.25,0
Exploits,2026,0.03,fusion_ae_plain_latent,persistent_false_alarms,0.25,0.5,0
Exploits,2026,0.03,fusion_ae_plain_latent,persistent_false_alarms,0.5,0.75,0
Exploits,2026,0.03,fusion_ae_plain_latent,persistent_false_alarms,0.75,1.0,0
Exploits,2026,0.03,fusion_ae_plain_latent,persistent_false_alarms,1.0,1.25,187
Exploits,2026,0.03,fusion_ae_plain_latent,persistent_false_alarms,1.25,inf,40
Exploits,2026,0.03,fusion_ae_plain_latent,retained_benign_negatives,0.0,0.25,7162
Exploits,2026,0.03,fusion_ae_plain_latent,retained_benign_negatives,0.25,0.5,407
Exploits,2026,0.03,fusion_ae_plain_latent,retained_benign_negatives,0.5,0.75,316
Exploits,2026,0.03,fusion_ae_plain_latent,retained_benign_negatives,0.75,1.0,242
Exploits,2026,0.03,fusion_ae_plain_latent,retained_benign_negatives,1.0,1.25,0
Exploits,2026,0.03,fusion_ae_plain_latent,retained_benign_negatives,1.25,inf,0
Exploits,2026,0.03,selective_fusion,recovered_attacks,0.0,0.25,0
Exploits,2026,0.03,selective_fusion,recovered_attacks,0.25,0.5,20
Exploits,2026,0.03,selective_fusion,recovered_attacks,0.5,0.75,43
Exploits,2026,0.03,selective_fusion,recovered_attacks,0.75,1.0,509
Exploits,2026,0.03,selective_fusion,recovered_attacks,1.0,1.25,0
Exploits,2026,0.03,selective_fusion,recovered_attacks,1.25,inf,0
Exploits,2026,0.03,selective_fusion,lost_attacks,0.0,0.25,0
Exploits,2026,0.03,selective_fusion,lost_attacks,0.25,0.5,0
Exploits,2026,0.03,selective_fusion,lost_attacks,0.5,0.75,0
Exploits,2026,0.03,selective_fusion,lost_attacks,0.75,1.0,0
Exploits,2026,0.03,selective_fusion,lost_attacks,1.0,1.25,0
Exploits,2026,0.03,selective_fusion,lost_attacks,1.25,inf,0
Exploits,2026,0.03,selective_fusion,removed_false_alarms,0.0,0.25,0
Exploits,2026,0.03,selective_fusion,removed_false_alarms,0.25,0.5,0
Exploits,2026,0.03,selective_fusion,removed_false_alarms,0.5,0.75,0
Exploits,2026,0.03,selective_fusion,removed_false_alarms,0.75,1.0,0
Exploits,2026,0.03,selective_fusion,removed_false_alarms,1.0,1.25,0
Exploits,2026,0.03,selective_fusion,removed_false_alarms,1.25,inf,0
Exploits,2026,0.03,selective_fusion,added_false_alarms,0.0,0.25,0
Exploits,2026,0.03,selective_fusion,added_false_alarms,0.25,0.5,0
Exploits,2026,0.03,selective_fusion,added_false_alarms,0.5,0.75,0
Exploits,2026,0.03,selective_fusion,added_false_alarms,0.75,1.0,2
Exploits,2026,0.03,selective_fusion,added_false_alarms,1.0,1.25,0
Exploits,2026,0.03,selective_fusion,added_false_alarms,1.25,inf,0
Exploits,2026,0.03,selective_fusion,persistent_attack_misses,0.0,0.25,755
Exploits,2026,0.03,selective_fusion,persistent_attack_misses,0.25,0.5,645
Exploits,2026,0.03,selective_fusion,persistent_attack_misses,0.5,0.75,1061
Exploits,2026,0.03,selective_fusion,persistent_attack_misses,0.75,1.0,1162
Exploits,2026,0.03,selective_fusion,persistent_attack_misses,1.0,1.25,0
Exploits,2026,0.03,selective_fusion,persistent_attack_misses,1.25,inf,0
Exploits,2026,0.03,selective_fusion,retained_attack_detections,0.0,0.25,0
Exploits,2026,0.03,selective_fusion,retained_attack_detections,0.25,0.5,0
Exploits,2026,0.03,selective_fusion,retained_attack_detections,0.5,0.75,0
Exploits,2026,0.03,selective_fusion,retained_attack_detections,0.75,1.0,0
Exploits,2026,0.03,selective_fusion,retained_attack_detections,1.0,1.25,10963
Exploits,2026,0.03,selective_fusion,retained_attack_detections,1.25,inf,44418
Exploits,2026,0.03,selective_fusion,persistent_false_alarms,0.0,0.25,0
Exploits,2026,0.03,selective_fusion,persistent_false_alarms,0.25,0.5,0
Exploits,2026,0.03,selective_fusion,persistent_false_alarms,0.5,0.75,0
Exploits,2026,0.03,selective_fusion,persistent_false_alarms,0.75,1.0,0
Exploits,2026,0.03,selective_fusion,persistent_false_alarms,1.0,1.25,202
Exploits,2026,0.03,selective_fusion,persistent_false_alarms,1.25,inf,40
Exploits,2026,0.03,selective_fusion,retained_benign_negatives,0.0,0.25,7162
Exploits,2026,0.03,selective_fusion,retained_benign_negatives,0.25,0.5,407
Exploits,2026,0.03,selective_fusion,retained_benign_negatives,0.5,0.75,317
Exploits,2026,0.03,selective_fusion,retained_benign_negatives,0.75,1.0,257
Exploits,2026,0.03,selective_fusion,retained_benign_negatives,1.0,1.25,0
Exploits,2026,0.03,selective_fusion,retained_benign_negatives,1.25,inf,0
Exploits,2026,0.05,fusion_ae_plain_latent,recovered_attacks,0.0,0.25,8
Exploits,2026,0.05,fusion_ae_plain_latent,recovered_attacks,0.25,0.5,12
Exploits,2026,0.05,fusion_ae_plain_latent,recovered_attacks,0.5,0.75,18
Exploits,2026,0.05,fusion_ae_plain_latent,recovered_attacks,0.75,1.0,408
Exploits,2026,0.05,fusion_ae_plain_latent,recovered_attacks,1.0,1.25,0
Exploits,2026,0.05,fusion_ae_plain_latent,recovered_attacks,1.25,inf,0
Exploits,2026,0.05,fusion_ae_plain_latent,lost_attacks,0.0,0.25,0
Exploits,2026,0.05,fusion_ae_plain_latent,lost_attacks,0.25,0.5,0
Exploits,2026,0.05,fusion_ae_plain_latent,lost_attacks,0.5,0.75,0
Exploits,2026,0.05,fusion_ae_plain_latent,lost_attacks,0.75,1.0,0
Exploits,2026,0.05,fusion_ae_plain_latent,lost_attacks,1.0,1.25,75
Exploits,2026,0.05,fusion_ae_plain_latent,lost_attacks,1.25,inf,0
Exploits,2026,0.05,fusion_ae_plain_latent,removed_false_alarms,0.0,0.25,0
Exploits,2026,0.05,fusion_ae_plain_latent,removed_false_alarms,0.25,0.5,0
Exploits,2026,0.05,fusion_ae_plain_latent,removed_false_alarms,0.5,0.75,0
Exploits,2026,0.05,fusion_ae_plain_latent,removed_false_alarms,0.75,1.0,0
Exploits,2026,0.05,fusion_ae_plain_latent,removed_false_alarms,1.0,1.25,14
Exploits,2026,0.05,fusion_ae_plain_latent,removed_false_alarms,1.25,inf,0
Exploits,2026,0.05,fusion_ae_plain_latent,added_false_alarms,0.0,0.25,0
Exploits,2026,0.05,fusion_ae_plain_latent,added_false_alarms,0.25,0.5,0
Exploits,2026,0.05,fusion_ae_plain_latent,added_false_alarms,0.5,0.75,1
Exploits,2026,0.05,fusion_ae_plain_latent,added_false_alarms,0.75,1.0,19
Exploits,2026,0.05,fusion_ae_plain_latent,added_false_alarms,1.0,1.25,0
Exploits,2026,0.05,fusion_ae_plain_latent,added_false_alarms,1.25,inf,0
Exploits,2026,0.05,fusion_ae_plain_latent,persistent_attack_misses,0.0,0.25,691
Exploits,2026,0.05,fusion_ae_plain_latent,persistent_attack_misses,0.25,0.5,379
Exploits,2026,0.05,fusion_ae_plain_latent,persistent_attack_misses,0.5,0.75,834
Exploits,2026,0.05,fusion_ae_plain_latent,persistent_attack_misses,0.75,1.0,705
Exploits,2026,0.05,fusion_ae_plain_latent,persistent_attack_misses,1.0,1.25,0
Exploits,2026,0.05,fusion_ae_plain_latent,persistent_attack_misses,1.25,inf,0
Exploits,2026,0.05,fusion_ae_plain_latent,retained_attack_detections,0.0,0.25,0
Exploits,2026,0.05,fusion_ae_plain_latent,retained_attack_detections,0.25,0.5,0
Exploits,2026,0.05,fusion_ae_plain_latent,retained_attack_detections,0.5,0.75,0
Exploits,2026,0.05,fusion_ae_plain_latent,retained_attack_detections,0.75,1.0,0
Exploits,2026,0.05,fusion_ae_plain_latent,retained_attack_detections,1.0,1.25,1939
Exploits,2026,0.05,fusion_ae_plain_latent,retained_attack_detections,1.25,inf,54507
Exploits,2026,0.05,fusion_ae_plain_latent,persistent_false_alarms,0.0,0.25,0
Exploits,2026,0.05,fusion_ae_plain_latent,persistent_false_alarms,0.25,0.5,0
Exploits,2026,0.05,fusion_ae_plain_latent,persistent_false_alarms,0.5,0.75,0
Exploits,2026,0.05,fusion_ae_plain_latent,persistent_false_alarms,0.75,1.0,0
Exploits,2026,0.05,fusion_ae_plain_latent,persistent_false_alarms,1.0,1.25,193
Exploits,2026,0.05,fusion_ae_plain_latent,persistent_false_alarms,1.25,inf,175
Exploits,2026,0.05,fusion_ae_plain_latent,retained_benign_negatives,0.0,0.25,7095
Exploits,2026,0.05,fusion_ae_plain_latent,retained_benign_negatives,0.25,0.5,379
Exploits,2026,0.05,fusion_ae_plain_latent,retained_benign_negatives,0.5,0.75,285
Exploits,2026,0.05,fusion_ae_plain_latent,retained_benign_negatives,0.75,1.0,226
Exploits,2026,0.05,fusion_ae_plain_latent,retained_benign_negatives,1.0,1.25,0
Exploits,2026,0.05,fusion_ae_plain_latent,retained_benign_negatives,1.25,inf,0
Exploits,2026,0.05,selective_fusion,recovered_attacks,0.0,0.25,0
Exploits,2026,0.05,selective_fusion,recovered_attacks,0.25,0.5,10
Exploits,2026,0.05,selective_fusion,recovered_attacks,0.5,0.75,16
Exploits,2026,0.05,selective_fusion,recovered_attacks,0.75,1.0,161
Exploits,2026,0.05,selective_fusion,recovered_attacks,1.0,1.25,0
Exploits,2026,0.05,selective_fusion,recovered_attacks,1.25,inf,0
Exploits,2026,0.05,selective_fusion,lost_attacks,0.0,0.25,0
Exploits,2026,0.05,selective_fusion,lost_attacks,0.25,0.5,0
Exploits,2026,0.05,selective_fusion,lost_attacks,0.5,0.75,0
Exploits,2026,0.05,selective_fusion,lost_attacks,0.75,1.0,0
Exploits,2026,0.05,selective_fusion,lost_attacks,1.0,1.25,0
Exploits,2026,0.05,selective_fusion,lost_attacks,1.25,inf,0
Exploits,2026,0.05,selective_fusion,removed_false_alarms,0.0,0.25,0
Exploits,2026,0.05,selective_fusion,removed_false_alarms,0.25,0.5,0
Exploits,2026,0.05,selective_fusion,removed_false_alarms,0.5,0.75,0
Exploits,2026,0.05,selective_fusion,removed_false_alarms,0.75,1.0,0
Exploits,2026,0.05,selective_fusion,removed_false_alarms,1.0,1.25,0
Exploits,2026,0.05,selective_fusion,removed_false_alarms,1.25,inf,0
Exploits,2026,0.05,selective_fusion,added_false_alarms,0.0,0.25,0
Exploits,2026,0.05,selective_fusion,added_false_alarms,0.25,0.5,0
Exploits,2026,0.05,selective_fusion,added_false_alarms,0.5,0.75,0
Exploits,2026,0.05,selective_fusion,added_false_alarms,0.75,1.0,0
Exploits,2026,0.05,selective_fusion,added_false_alarms,1.0,1.25,0
Exploits,2026,0.05,selective_fusion,added_false_alarms,1.25,inf,0
Exploits,2026,0.05,selective_fusion,persistent_attack_misses,0.0,0.25,699
Exploits,2026,0.05,selective_fusion,persistent_attack_misses,0.25,0.5,381
Exploits,2026,0.05,selective_fusion,persistent_attack_misses,0.5,0.75,836
Exploits,2026,0.05,selective_fusion,persistent_attack_misses,0.75,1.0,952
Exploits,2026,0.05,selective_fusion,persistent_attack_misses,1.0,1.25,0
Exploits,2026,0.05,selective_fusion,persistent_attack_misses,1.25,inf,0
Exploits,2026,0.05,selective_fusion,retained_attack_detections,0.0,0.25,0
Exploits,2026,0.05,selective_fusion,retained_attack_detections,0.25,0.5,0
Exploits,2026,0.05,selective_fusion,retained_attack_detections,0.5,0.75,0
Exploits,2026,0.05,selective_fusion,retained_attack_detections,0.75,1.0,0
Exploits,2026,0.05,selective_fusion,retained_attack_detections,1.0,1.25,2014
Exploits,2026,0.05,selective_fusion,retained_attack_detections,1.25,inf,54507
Exploits,2026,0.05,selective_fusion,persistent_false_alarms,0.0,0.25,0
Exploits,2026,0.05,selective_fusion,persistent_false_alarms,0.25,0.5,0
Exploits,2026,0.05,selective_fusion,persistent_false_alarms,0.5,0.75,0
Exploits,2026,0.05,selective_fusion,persistent_false_alarms,0.75,1.0,0
Exploits,2026,0.05,selective_fusion,persistent_false_alarms,1.0,1.25,207
Exploits,2026,0.05,selective_fusion,persistent_false_alarms,1.25,inf,175
Exploits,2026,0.05,selective_fusion,retained_benign_negatives,0.0,0.25,7095
Exploits,2026,0.05,selective_fusion,retained_benign_negatives,0.25,0.5,379
Exploits,2026,0.05,selective_fusion,retained_benign_negatives,0.5,0.75,286
Exploits,2026,0.05,selective_fusion,retained_benign_negatives,0.75,1.0,245
Exploits,2026,0.05,selective_fusion,retained_benign_negatives,1.0,1.25,0
Exploits,2026,0.05,selective_fusion,retained_benign_negatives,1.25,inf,0
Reconnaissance,42,0.01,fusion_ae_plain_latent,recovered_attacks,0.0,0.25,0
Reconnaissance,42,0.01,fusion_ae_plain_latent,recovered_attacks,0.25,0.5,0
Reconnaissance,42,0.01,fusion_ae_plain_latent,recovered_attacks,0.5,0.75,0
Reconnaissance,42,0.01,fusion_ae_plain_latent,recovered_attacks,0.75,1.0,1877
Reconnaissance,42,0.01,fusion_ae_plain_latent,recovered_attacks,1.0,1.25,0
Reconnaissance,42,0.01,fusion_ae_plain_latent,recovered_attacks,1.25,inf,0
Reconnaissance,42,0.01,fusion_ae_plain_latent,lost_attacks,0.0,0.25,0
Reconnaissance,42,0.01,fusion_ae_plain_latent,lost_attacks,0.25,0.5,0
Reconnaissance,42,0.01,fusion_ae_plain_latent,lost_attacks,0.5,0.75,0
Reconnaissance,42,0.01,fusion_ae_plain_latent,lost_attacks,0.75,1.0,0
Reconnaissance,42,0.01,fusion_ae_plain_latent,lost_attacks,1.0,1.25,201
Reconnaissance,42,0.01,fusion_ae_plain_latent,lost_attacks,1.25,inf,0
Reconnaissance,42,0.01,fusion_ae_plain_latent,removed_false_alarms,0.0,0.25,0
Reconnaissance,42,0.01,fusion_ae_plain_latent,removed_false_alarms,0.25,0.5,0
Reconnaissance,42,0.01,fusion_ae_plain_latent,removed_false_alarms,0.5,0.75,0
Reconnaissance,42,0.01,fusion_ae_plain_latent,removed_false_alarms,0.75,1.0,0
Reconnaissance,42,0.01,fusion_ae_plain_latent,removed_false_alarms,1.0,1.25,16
Reconnaissance,42,0.01,fusion_ae_plain_latent,removed_false_alarms,1.25,inf,0
Reconnaissance,42,0.01,fusion_ae_plain_latent,added_false_alarms,0.0,0.25,0
Reconnaissance,42,0.01,fusion_ae_plain_latent,added_false_alarms,0.25,0.5,0
Reconnaissance,42,0.01,fusion_ae_plain_latent,added_false_alarms,0.5,0.75,0
Reconnaissance,42,0.01,fusion_ae_plain_latent,added_false_alarms,0.75,1.0,20
Reconnaissance,42,0.01,fusion_ae_plain_latent,added_false_alarms,1.0,1.25,0
Reconnaissance,42,0.01,fusion_ae_plain_latent,added_false_alarms,1.25,inf,0
Reconnaissance,42,0.01,fusion_ae_plain_latent,persistent_attack_misses,0.0,0.25,462
Reconnaissance,42,0.01,fusion_ae_plain_latent,persistent_attack_misses,0.25,0.5,521
Reconnaissance,42,0.01,fusion_ae_plain_latent,persistent_attack_misses,0.5,0.75,1760
Reconnaissance,42,0.01,fusion_ae_plain_latent,persistent_attack_misses,0.75,1.0,8801
Reconnaissance,42,0.01,fusion_ae_plain_latent,persistent_attack_misses,1.0,1.25,0
Reconnaissance,42,0.01,fusion_ae_plain_latent,persistent_attack_misses,1.25,inf,0
Reconnaissance,42,0.01,fusion_ae_plain_latent,retained_attack_detections,0.0,0.25,0
Reconnaissance,42,0.01,fusion_ae_plain_latent,retained_attack_detections,0.25,0.5,0
Reconnaissance,42,0.01,fusion_ae_plain_latent,retained_attack_detections,0.5,0.75,0
Reconnaissance,42,0.01,fusion_ae_plain_latent,retained_attack_detections,0.75,1.0,0
Reconnaissance,42,0.01,fusion_ae_plain_latent,retained_attack_detections,1.0,1.25,36070
Reconnaissance,42,0.01,fusion_ae_plain_latent,retained_attack_detections,1.25,inf,0
Reconnaissance,42,0.01,fusion_ae_plain_latent,persistent_false_alarms,0.0,0.25,0
Reconnaissance,42,0.01,fusion_ae_plain_latent,persistent_false_alarms,0.25,0.5,0
Reconnaissance,42,0.01,fusion_ae_plain_latent,persistent_false_alarms,0.5,0.75,0
Reconnaissance,42,0.01,fusion_ae_plain_latent,persistent_false_alarms,0.75,1.0,0
Reconnaissance,42,0.01,fusion_ae_plain_latent,persistent_false_alarms,1.0,1.25,49
Reconnaissance,42,0.01,fusion_ae_plain_latent,persistent_false_alarms,1.25,inf,0
Reconnaissance,42,0.01,fusion_ae_plain_latent,retained_benign_negatives,0.0,0.25,7050
Reconnaissance,42,0.01,fusion_ae_plain_latent,retained_benign_negatives,0.25,0.5,539
Reconnaissance,42,0.01,fusion_ae_plain_latent,retained_benign_negatives,0.5,0.75,382
Reconnaissance,42,0.01,fusion_ae_plain_latent,retained_benign_negatives,0.75,1.0,206
Reconnaissance,42,0.01,fusion_ae_plain_latent,retained_benign_negatives,1.0,1.25,0
Reconnaissance,42,0.01,fusion_ae_plain_latent,retained_benign_negatives,1.25,inf,0
Reconnaissance,42,0.01,selective_fusion,recovered_attacks,0.0,0.25,0
Reconnaissance,42,0.01,selective_fusion,recovered_attacks,0.25,0.5,0
Reconnaissance,42,0.01,selective_fusion,recovered_attacks,0.5,0.75,2
Reconnaissance,42,0.01,selective_fusion,recovered_attacks,0.75,1.0,170
Reconnaissance,42,0.01,selective_fusion,recovered_attacks,1.0,1.25,0
Reconnaissance,42,0.01,selective_fusion,recovered_attacks,1.25,inf,0
Reconnaissance,42,0.01,selective_fusion,lost_attacks,0.0,0.25,0
Reconnaissance,42,0.01,selective_fusion,lost_attacks,0.25,0.5,0
Reconnaissance,42,0.01,selective_fusion,lost_attacks,0.5,0.75,0
Reconnaissance,42,0.01,selective_fusion,lost_attacks,0.75,1.0,0
Reconnaissance,42,0.01,selective_fusion,lost_attacks,1.0,1.25,0
Reconnaissance,42,0.01,selective_fusion,lost_attacks,1.25,inf,0
Reconnaissance,42,0.01,selective_fusion,removed_false_alarms,0.0,0.25,0
Reconnaissance,42,0.01,selective_fusion,removed_false_alarms,0.25,0.5,0
Reconnaissance,42,0.01,selective_fusion,removed_false_alarms,0.5,0.75,0
Reconnaissance,42,0.01,selective_fusion,removed_false_alarms,0.75,1.0,0
Reconnaissance,42,0.01,selective_fusion,removed_false_alarms,1.0,1.25,0
Reconnaissance,42,0.01,selective_fusion,removed_false_alarms,1.25,inf,0
Reconnaissance,42,0.01,selective_fusion,added_false_alarms,0.0,0.25,0
Reconnaissance,42,0.01,selective_fusion,added_false_alarms,0.25,0.5,0
Reconnaissance,42,0.01,selective_fusion,added_false_alarms,0.5,0.75,0
Reconnaissance,42,0.01,selective_fusion,added_false_alarms,0.75,1.0,3
Reconnaissance,42,0.01,selective_fusion,added_false_alarms,1.0,1.25,0
Reconnaissance,42,0.01,selective_fusion,added_false_alarms,1.25,inf,0
Reconnaissance,42,0.01,selective_fusion,persistent_attack_misses,0.0,0.25,462
Reconnaissance,42,0.01,selective_fusion,persistent_attack_misses,0.25,0.5,521
Reconnaissance,42,0.01,selective_fusion,persistent_attack_misses,0.5,0.75,1758
Reconnaissance,42,0.01,selective_fusion,persistent_attack_misses,0.75,1.0,10508
Reconnaissance,42,0.01,selective_fusion,persistent_attack_misses,1.0,1.25,0
Reconnaissance,42,0.01,selective_fusion,persistent_attack_misses,1.25,inf,0
Reconnaissance,42,0.01,selective_fusion,retained_attack_detections,0.0,0.25,0
Reconnaissance,42,0.01,selective_fusion,retained_attack_detections,0.25,0.5,0
Reconnaissance,42,0.01,selective_fusion,retained_attack_detections,0.5,0.75,0
Reconnaissance,42,0.01,selective_fusion,retained_attack_detections,0.75,1.0,0
Reconnaissance,42,0.01,selective_fusion,retained_attack_detections,1.0,1.25,36271
Reconnaissance,42,0.01,selective_fusion,retained_attack_detections,1.25,inf,0
Reconnaissance,42,0.01,selective_fusion,persistent_false_alarms,0.0,0.25,0
Reconnaissance,42,0.01,selective_fusion,persistent_false_alarms,0.25,0.5,0
Reconnaissance,42,0.01,selective_fusion,persistent_false_alarms,0.5,0.75,0
Reconnaissance,42,0.01,selective_fusion,persistent_false_alarms,0.75,1.0,0
Reconnaissance,42,0.01,selective_fusion,persistent_false_alarms,1.0,1.25,65
Reconnaissance,42,0.01,selective_fusion,persistent_false_alarms,1.25,inf,0
Reconnaissance,42,0.01,selective_fusion,retained_benign_negatives,0.0,0.25,7050
Reconnaissance,42,0.01,selective_fusion,retained_benign_negatives,0.25,0.5,539
Reconnaissance,42,0.01,selective_fusion,retained_benign_negatives,0.5,0.75,382
Reconnaissance,42,0.01,selective_fusion,retained_benign_negatives,0.75,1.0,223
Reconnaissance,42,0.01,selective_fusion,retained_benign_negatives,1.0,1.25,0
Reconnaissance,42,0.01,selective_fusion,retained_benign_negatives,1.25,inf,0
Reconnaissance,42,0.03,fusion_ae_plain_latent,recovered_attacks,0.0,0.25,0
Reconnaissance,42,0.03,fusion_ae_plain_latent,recovered_attacks,0.25,0.5,0
Reconnaissance,42,0.03,fusion_ae_plain_latent,recovered_attacks,0.5,0.75,0
Reconnaissance,42,0.03,fusion_ae_plain_latent,recovered_attacks,0.75,1.0,273
Reconnaissance,42,0.03,fusion_ae_plain_latent,recovered_attacks,1.0,1.25,0
Reconnaissance,42,0.03,fusion_ae_plain_latent,recovered_attacks,1.25,inf,0
Reconnaissance,42,0.03,fusion_ae_plain_latent,lost_attacks,0.0,0.25,0
Reconnaissance,42,0.03,fusion_ae_plain_latent,lost_attacks,0.25,0.5,0
Reconnaissance,42,0.03,fusion_ae_plain_latent,lost_attacks,0.5,0.75,0
Reconnaissance,42,0.03,fusion_ae_plain_latent,lost_attacks,0.75,1.0,0
Reconnaissance,42,0.03,fusion_ae_plain_latent,lost_attacks,1.0,1.25,429
Reconnaissance,42,0.03,fusion_ae_plain_latent,lost_attacks,1.25,inf,0
Reconnaissance,42,0.03,fusion_ae_plain_latent,removed_false_alarms,0.0,0.25,0
Reconnaissance,42,0.03,fusion_ae_plain_latent,removed_false_alarms,0.25,0.5,0
Reconnaissance,42,0.03,fusion_ae_plain_latent,removed_false_alarms,0.5,0.75,0
Reconnaissance,42,0.03,fusion_ae_plain_latent,removed_false_alarms,0.75,1.0,0
Reconnaissance,42,0.03,fusion_ae_plain_latent,removed_false_alarms,1.0,1.25,17
Reconnaissance,42,0.03,fusion_ae_plain_latent,removed_false_alarms,1.25,inf,0
Reconnaissance,42,0.03,fusion_ae_plain_latent,added_false_alarms,0.0,0.25,0
Reconnaissance,42,0.03,fusion_ae_plain_latent,added_false_alarms,0.25,0.5,0
Reconnaissance,42,0.03,fusion_ae_plain_latent,added_false_alarms,0.5,0.75,0
Reconnaissance,42,0.03,fusion_ae_plain_latent,added_false_alarms,0.75,1.0,14
Reconnaissance,42,0.03,fusion_ae_plain_latent,added_false_alarms,1.0,1.25,0
Reconnaissance,42,0.03,fusion_ae_plain_latent,added_false_alarms,1.25,inf,0
Reconnaissance,42,0.03,fusion_ae_plain_latent,persistent_attack_misses,0.0,0.25,404
Reconnaissance,42,0.03,fusion_ae_plain_latent,persistent_attack_misses,0.25,0.5,306
Reconnaissance,42,0.03,fusion_ae_plain_latent,persistent_attack_misses,0.5,0.75,746
Reconnaissance,42,0.03,fusion_ae_plain_latent,persistent_attack_misses,0.75,1.0,1998
Reconnaissance,42,0.03,fusion_ae_plain_latent,persistent_attack_misses,1.0,1.25,0
Reconnaissance,42,0.03,fusion_ae_plain_latent,persistent_attack_misses,1.25,inf,0
Reconnaissance,42,0.03,fusion_ae_plain_latent,retained_attack_detections,0.0,0.25,0
Reconnaissance,42,0.03,fusion_ae_plain_latent,retained_attack_detections,0.25,0.5,0
Reconnaissance,42,0.03,fusion_ae_plain_latent,retained_attack_detections,0.5,0.75,0
Reconnaissance,42,0.03,fusion_ae_plain_latent,retained_attack_detections,0.75,1.0,0
Reconnaissance,42,0.03,fusion_ae_plain_latent,retained_attack_detections,1.0,1.25,11227
Reconnaissance,42,0.03,fusion_ae_plain_latent,retained_attack_detections,1.25,inf,34309
Reconnaissance,42,0.03,fusion_ae_plain_latent,persistent_false_alarms,0.0,0.25,0
Reconnaissance,42,0.03,fusion_ae_plain_latent,persistent_false_alarms,0.25,0.5,0
Reconnaissance,42,0.03,fusion_ae_plain_latent,persistent_false_alarms,0.5,0.75,0
Reconnaissance,42,0.03,fusion_ae_plain_latent,persistent_false_alarms,0.75,1.0,0
Reconnaissance,42,0.03,fusion_ae_plain_latent,persistent_false_alarms,1.0,1.25,150
Reconnaissance,42,0.03,fusion_ae_plain_latent,persistent_false_alarms,1.25,inf,56
Reconnaissance,42,0.03,fusion_ae_plain_latent,retained_benign_negatives,0.0,0.25,6939
Reconnaissance,42,0.03,fusion_ae_plain_latent,retained_benign_negatives,0.25,0.5,493
Reconnaissance,42,0.03,fusion_ae_plain_latent,retained_benign_negatives,0.5,0.75,320
Reconnaissance,42,0.03,fusion_ae_plain_latent,retained_benign_negatives,0.75,1.0,273
Reconnaissance,42,0.03,fusion_ae_plain_latent,retained_benign_negatives,1.0,1.25,0
Reconnaissance,42,0.03,fusion_ae_plain_latent,retained_benign_negatives,1.25,inf,0
Reconnaissance,42,0.03,selective_fusion,recovered_attacks,0.0,0.25,0
Reconnaissance,42,0.03,selective_fusion,recovered_attacks,0.25,0.5,0
Reconnaissance,42,0.03,selective_fusion,recovered_attacks,0.5,0.75,0
Reconnaissance,42,0.03,selective_fusion,recovered_attacks,0.75,1.0,6
Reconnaissance,42,0.03,selective_fusion,recovered_attacks,1.0,1.25,0
Reconnaissance,42,0.03,selective_fusion,recovered_attacks,1.25,inf,0
Reconnaissance,42,0.03,selective_fusion,lost_attacks,0.0,0.25,0
Reconnaissance,42,0.03,selective_fusion,lost_attacks,0.25,0.5,0
Reconnaissance,42,0.03,selective_fusion,lost_attacks,0.5,0.75,0
Reconnaissance,42,0.03,selective_fusion,lost_attacks,0.75,1.0,0
Reconnaissance,42,0.03,selective_fusion,lost_attacks,1.0,1.25,0
Reconnaissance,42,0.03,selective_fusion,lost_attacks,1.25,inf,0
Reconnaissance,42,0.03,selective_fusion,removed_false_alarms,0.0,0.25,0
Reconnaissance,42,0.03,selective_fusion,removed_false_alarms,0.25,0.5,0
Reconnaissance,42,0.03,selective_fusion,removed_false_alarms,0.5,0.75,0
Reconnaissance,42,0.03,selective_fusion,removed_false_alarms,0.75,1.0,0
Reconnaissance,42,0.03,selective_fusion,removed_false_alarms,1.0,1.25,0
Reconnaissance,42,0.03,selective_fusion,removed_false_alarms,1.25,inf,0
Reconnaissance,42,0.03,selective_fusion,added_false_alarms,0.0,0.25,0
Reconnaissance,42,0.03,selective_fusion,added_false_alarms,0.25,0.5,0
Reconnaissance,42,0.03,selective_fusion,added_false_alarms,0.5,0.75,0
Reconnaissance,42,0.03,selective_fusion,added_false_alarms,0.75,1.0,1
Reconnaissance,42,0.03,selective_fusion,added_false_alarms,1.0,1.25,0
Reconnaissance,42,0.03,selective_fusion,added_false_alarms,1.25,inf,0
Reconnaissance,42,0.03,selective_fusion,persistent_attack_misses,0.0,0.25,404
Reconnaissance,42,0.03,selective_fusion,persistent_attack_misses,0.25,0.5,306
Reconnaissance,42,0.03,selective_fusion,persistent_attack_misses,0.5,0.75,746
Reconnaissance,42,0.03,selective_fusion,persistent_attack_misses,0.75,1.0,2265
Reconnaissance,42,0.03,selective_fusion,persistent_attack_misses,1.0,1.25,0
Reconnaissance,42,0.03,selective_fusion,persistent_attack_misses,1.25,inf,0
Reconnaissance,42,0.03,selective_fusion,retained_attack_detections,0.0,0.25,0
Reconnaissance,42,0.03,selective_fusion,retained_attack_detections,0.25,0.5,0
Reconnaissance,42,0.03,selective_fusion,retained_attack_detections,0.5,0.75,0
Reconnaissance,42,0.03,selective_fusion,retained_attack_detections,0.75,1.0,0
Reconnaissance,42,0.03,selective_fusion,retained_attack_detections,1.0,1.25,11656
Reconnaissance,42,0.03,selective_fusion,retained_attack_detections,1.25,inf,34309
Reconnaissance,42,0.03,selective_fusion,persistent_false_alarms,0.0,0.25,0
Reconnaissance,42,0.03,selective_fusion,persistent_false_alarms,0.25,0.5,0
Reconnaissance,42,0.03,selective_fusion,persistent_false_alarms,0.5,0.75,0
Reconnaissance,42,0.03,selective_fusion,persistent_false_alarms,0.75,1.0,0
Reconnaissance,42,0.03,selective_fusion,persistent_false_alarms,1.0,1.25,167
Reconnaissance,42,0.03,selective_fusion,persistent_false_alarms,1.25,inf,56
Reconnaissance,42,0.03,selective_fusion,retained_benign_negatives,0.0,0.25,6939
Reconnaissance,42,0.03,selective_fusion,retained_benign_negatives,0.25,0.5,493
Reconnaissance,42,0.03,selective_fusion,retained_benign_negatives,0.5,0.75,320
Reconnaissance,42,0.03,selective_fusion,retained_benign_negatives,0.75,1.0,286
Reconnaissance,42,0.03,selective_fusion,retained_benign_negatives,1.0,1.25,0
Reconnaissance,42,0.03,selective_fusion,retained_benign_negatives,1.25,inf,0
Reconnaissance,42,0.05,fusion_ae_plain_latent,recovered_attacks,0.0,0.25,0
Reconnaissance,42,0.05,fusion_ae_plain_latent,recovered_attacks,0.25,0.5,0
Reconnaissance,42,0.05,fusion_ae_plain_latent,recovered_attacks,0.5,0.75,1
Reconnaissance,42,0.05,fusion_ae_plain_latent,recovered_attacks,0.75,1.0,59
Reconnaissance,42,0.05,fusion_ae_plain_latent,recovered_attacks,1.0,1.25,0
Reconnaissance,42,0.05,fusion_ae_plain_latent,recovered_attacks,1.25,inf,0
Reconnaissance,42,0.05,fusion_ae_plain_latent,lost_attacks,0.0,0.25,0
Reconnaissance,42,0.05,fusion_ae_plain_latent,lost_attacks,0.25,0.5,0
Reconnaissance,42,0.05,fusion_ae_plain_latent,lost_attacks,0.5,0.75,0
Reconnaissance,42,0.05,fusion_ae_plain_latent,lost_attacks,0.75,1.0,0
Reconnaissance,42,0.05,fusion_ae_plain_latent,lost_attacks,1.0,1.25,219
Reconnaissance,42,0.05,fusion_ae_plain_latent,lost_attacks,1.25,inf,0
Reconnaissance,42,0.05,fusion_ae_plain_latent,removed_false_alarms,0.0,0.25,0
Reconnaissance,42,0.05,fusion_ae_plain_latent,removed_false_alarms,0.25,0.5,0
Reconnaissance,42,0.05,fusion_ae_plain_latent,removed_false_alarms,0.5,0.75,0
Reconnaissance,42,0.05,fusion_ae_plain_latent,removed_false_alarms,0.75,1.0,0
Reconnaissance,42,0.05,fusion_ae_plain_latent,removed_false_alarms,1.0,1.25,32
Reconnaissance,42,0.05,fusion_ae_plain_latent,removed_false_alarms,1.25,inf,0
Reconnaissance,42,0.05,fusion_ae_plain_latent,added_false_alarms,0.0,0.25,0
Reconnaissance,42,0.05,fusion_ae_plain_latent,added_false_alarms,0.25,0.5,0
Reconnaissance,42,0.05,fusion_ae_plain_latent,added_false_alarms,0.5,0.75,1
Reconnaissance,42,0.05,fusion_ae_plain_latent,added_false_alarms,0.75,1.0,27
Reconnaissance,42,0.05,fusion_ae_plain_latent,added_false_alarms,1.0,1.25,0
Reconnaissance,42,0.05,fusion_ae_plain_latent,added_false_alarms,1.25,inf,0
Reconnaissance,42,0.05,fusion_ae_plain_latent,persistent_attack_misses,0.0,0.25,369
Reconnaissance,42,0.05,fusion_ae_plain_latent,persistent_attack_misses,0.25,0.5,204
Reconnaissance,42,0.05,fusion_ae_plain_latent,persistent_attack_misses,0.5,0.75,454
Reconnaissance,42,0.05,fusion_ae_plain_latent,persistent_attack_misses,0.75,1.0,916
Reconnaissance,42,0.05,fusion_ae_plain_latent,persistent_attack_misses,1.0,1.25,0
Reconnaissance,42,0.05,fusion_ae_plain_latent,persistent_attack_misses,1.25,inf,0
Reconnaissance,42,0.05,fusion_ae_plain_latent,retained_attack_detections,0.0,0.25,0
Reconnaissance,42,0.05,fusion_ae_plain_latent,retained_attack_detections,0.25,0.5,0
Reconnaissance,42,0.05,fusion_ae_plain_latent,retained_attack_detections,0.5,0.75,0
Reconnaissance,42,0.05,fusion_ae_plain_latent,retained_attack_detections,0.75,1.0,0
Reconnaissance,42,0.05,fusion_ae_plain_latent,retained_attack_detections,1.0,1.25,2145
Reconnaissance,42,0.05,fusion_ae_plain_latent,retained_attack_detections,1.25,inf,45325
Reconnaissance,42,0.05,fusion_ae_plain_latent,persistent_false_alarms,0.0,0.25,0
Reconnaissance,42,0.05,fusion_ae_plain_latent,persistent_false_alarms,0.25,0.5,0
Reconnaissance,42,0.05,fusion_ae_plain_latent,persistent_false_alarms,0.5,0.75,0
Reconnaissance,42,0.05,fusion_ae_plain_latent,persistent_false_alarms,0.75,1.0,0
Reconnaissance,42,0.05,fusion_ae_plain_latent,persistent_false_alarms,1.0,1.25,172
Reconnaissance,42,0.05,fusion_ae_plain_latent,persistent_false_alarms,1.25,inf,188
Reconnaissance,42,0.05,fusion_ae_plain_latent,retained_benign_negatives,0.0,0.25,6830
Reconnaissance,42,0.05,fusion_ae_plain_latent,retained_benign_negatives,0.25,0.5,449
Reconnaissance,42,0.05,fusion_ae_plain_latent,retained_benign_negatives,0.5,0.75,328
Reconnaissance,42,0.05,fusion_ae_plain_latent,retained_benign_negatives,0.75,1.0,235
Reconnaissance,42,0.05,fusion_ae_plain_latent,retained_benign_negatives,1.0,1.25,0
Reconnaissance,42,0.05,fusion_ae_plain_latent,retained_benign_negatives,1.25,inf,0
Reconnaissance,42,0.05,selective_fusion,recovered_attacks,0.0,0.25,0
Reconnaissance,42,0.05,selective_fusion,recovered_attacks,0.25,0.5,0
Reconnaissance,42,0.05,selective_fusion,recovered_attacks,0.5,0.75,0
Reconnaissance,42,0.05,selective_fusion,recovered_attacks,0.75,1.0,2
Reconnaissance,42,0.05,selective_fusion,recovered_attacks,1.0,1.25,0
Reconnaissance,42,0.05,selective_fusion,recovered_attacks,1.25,inf,0
Reconnaissance,42,0.05,selective_fusion,lost_attacks,0.0,0.25,0
Reconnaissance,42,0.05,selective_fusion,lost_attacks,0.25,0.5,0
Reconnaissance,42,0.05,selective_fusion,lost_attacks,0.5,0.75,0
Reconnaissance,42,0.05,selective_fusion,lost_attacks,0.75,1.0,0
Reconnaissance,42,0.05,selective_fusion,lost_attacks,1.0,1.25,0
Reconnaissance,42,0.05,selective_fusion,lost_attacks,1.25,inf,0
Reconnaissance,42,0.05,selective_fusion,removed_false_alarms,0.0,0.25,0
Reconnaissance,42,0.05,selective_fusion,removed_false_alarms,0.25,0.5,0
Reconnaissance,42,0.05,selective_fusion,removed_false_alarms,0.5,0.75,0
Reconnaissance,42,0.05,selective_fusion,removed_false_alarms,0.75,1.0,0
Reconnaissance,42,0.05,selective_fusion,removed_false_alarms,1.0,1.25,0
Reconnaissance,42,0.05,selective_fusion,removed_false_alarms,1.25,inf,0
Reconnaissance,42,0.05,selective_fusion,added_false_alarms,0.0,0.25,0
Reconnaissance,42,0.05,selective_fusion,added_false_alarms,0.25,0.5,0
Reconnaissance,42,0.05,selective_fusion,added_false_alarms,0.5,0.75,0
Reconnaissance,42,0.05,selective_fusion,added_false_alarms,0.75,1.0,0
Reconnaissance,42,0.05,selective_fusion,added_false_alarms,1.0,1.25,0
Reconnaissance,42,0.05,selective_fusion,added_false_alarms,1.25,inf,0
Reconnaissance,42,0.05,selective_fusion,persistent_attack_misses,0.0,0.25,369
Reconnaissance,42,0.05,selective_fusion,persistent_attack_misses,0.25,0.5,204
Reconnaissance,42,0.05,selective_fusion,persistent_attack_misses,0.5,0.75,455
Reconnaissance,42,0.05,selective_fusion,persistent_attack_misses,0.75,1.0,973
Reconnaissance,42,0.05,selective_fusion,persistent_attack_misses,1.0,1.25,0
Reconnaissance,42,0.05,selective_fusion,persistent_attack_misses,1.25,inf,0
Reconnaissance,42,0.05,selective_fusion,retained_attack_detections,0.0,0.25,0
Reconnaissance,42,0.05,selective_fusion,retained_attack_detections,0.25,0.5,0
Reconnaissance,42,0.05,selective_fusion,retained_attack_detections,0.5,0.75,0
Reconnaissance,42,0.05,selective_fusion,retained_attack_detections,0.75,1.0,0
Reconnaissance,42,0.05,selective_fusion,retained_attack_detections,1.0,1.25,2364
Reconnaissance,42,0.05,selective_fusion,retained_attack_detections,1.25,inf,45325
Reconnaissance,42,0.05,selective_fusion,persistent_false_alarms,0.0,0.25,0
Reconnaissance,42,0.05,selective_fusion,persistent_false_alarms,0.25,0.5,0
Reconnaissance,42,0.05,selective_fusion,persistent_false_alarms,0.5,0.75,0
Reconnaissance,42,0.05,selective_fusion,persistent_false_alarms,0.75,1.0,0
Reconnaissance,42,0.05,selective_fusion,persistent_false_alarms,1.0,1.25,204
Reconnaissance,42,0.05,selective_fusion,persistent_false_alarms,1.25,inf,188
Reconnaissance,42,0.05,selective_fusion,retained_benign_negatives,0.0,0.25,6830
Reconnaissance,42,0.05,selective_fusion,retained_benign_negatives,0.25,0.5,449
Reconnaissance,42,0.05,selective_fusion,retained_benign_negatives,0.5,0.75,329
Reconnaissance,42,0.05,selective_fusion,retained_benign_negatives,0.75,1.0,262
Reconnaissance,42,0.05,selective_fusion,retained_benign_negatives,1.0,1.25,0
Reconnaissance,42,0.05,selective_fusion,retained_benign_negatives,1.25,inf,0
Reconnaissance,123,0.01,fusion_ae_plain_latent,recovered_attacks,0.0,0.25,0
Reconnaissance,123,0.01,fusion_ae_plain_latent,recovered_attacks,0.25,0.5,0
Reconnaissance,123,0.01,fusion_ae_plain_latent,recovered_attacks,0.5,0.75,3
Reconnaissance,123,0.01,fusion_ae_plain_latent,recovered_attacks,0.75,1.0,1703
Reconnaissance,123,0.01,fusion_ae_plain_latent,recovered_attacks,1.0,1.25,0
Reconnaissance,123,0.01,fusion_ae_plain_latent,recovered_attacks,1.25,inf,0
Reconnaissance,123,0.01,fusion_ae_plain_latent,lost_attacks,0.0,0.25,0
Reconnaissance,123,0.01,fusion_ae_plain_latent,lost_attacks,0.25,0.5,0
Reconnaissance,123,0.01,fusion_ae_plain_latent,lost_attacks,0.5,0.75,0
Reconnaissance,123,0.01,fusion_ae_plain_latent,lost_attacks,0.75,1.0,0
Reconnaissance,123,0.01,fusion_ae_plain_latent,lost_attacks,1.0,1.25,284
Reconnaissance,123,0.01,fusion_ae_plain_latent,lost_attacks,1.25,inf,0
Reconnaissance,123,0.01,fusion_ae_plain_latent,removed_false_alarms,0.0,0.25,0
Reconnaissance,123,0.01,fusion_ae_plain_latent,removed_false_alarms,0.25,0.5,0
Reconnaissance,123,0.01,fusion_ae_plain_latent,removed_false_alarms,0.5,0.75,0
Reconnaissance,123,0.01,fusion_ae_plain_latent,removed_false_alarms,0.75,1.0,0
Reconnaissance,123,0.01,fusion_ae_plain_latent,removed_false_alarms,1.0,1.25,11
Reconnaissance,123,0.01,fusion_ae_plain_latent,removed_false_alarms,1.25,inf,0
Reconnaissance,123,0.01,fusion_ae_plain_latent,added_false_alarms,0.0,0.25,1
Reconnaissance,123,0.01,fusion_ae_plain_latent,added_false_alarms,0.25,0.5,0
Reconnaissance,123,0.01,fusion_ae_plain_latent,added_false_alarms,0.5,0.75,2
Reconnaissance,123,0.01,fusion_ae_plain_latent,added_false_alarms,0.75,1.0,17
Reconnaissance,123,0.01,fusion_ae_plain_latent,added_false_alarms,1.0,1.25,0
Reconnaissance,123,0.01,fusion_ae_plain_latent,added_false_alarms,1.25,inf,0
Reconnaissance,123,0.01,fusion_ae_plain_latent,persistent_attack_misses,0.0,0.25,473
Reconnaissance,123,0.01,fusion_ae_plain_latent,persistent_attack_misses,0.25,0.5,466
Reconnaissance,123,0.01,fusion_ae_plain_latent,persistent_attack_misses,0.5,0.75,1718
Reconnaissance,123,0.01,fusion_ae_plain_latent,persistent_attack_misses,0.75,1.0,6518
Reconnaissance,123,0.01,fusion_ae_plain_latent,persistent_attack_misses,1.0,1.25,0
Reconnaissance,123,0.01,fusion_ae_plain_latent,persistent_attack_misses,1.25,inf,0
Reconnaissance,123,0.01,fusion_ae_plain_latent,retained_attack_detections,0.0,0.25,0
Reconnaissance,123,0.01,fusion_ae_plain_latent,retained_attack_detections,0.25,0.5,0
Reconnaissance,123,0.01,fusion_ae_plain_latent,retained_attack_detections,0.5,0.75,0
Reconnaissance,123,0.01,fusion_ae_plain_latent,retained_attack_detections,0.75,1.0,0
Reconnaissance,123,0.01,fusion_ae_plain_latent,retained_attack_detections,1.0,1.25,38224
Reconnaissance,123,0.01,fusion_ae_plain_latent,retained_attack_detections,1.25,inf,0
Reconnaissance,123,0.01,fusion_ae_plain_latent,persistent_false_alarms,0.0,0.25,0
Reconnaissance,123,0.01,fusion_ae_plain_latent,persistent_false_alarms,0.25,0.5,0
Reconnaissance,123,0.01,fusion_ae_plain_latent,persistent_false_alarms,0.5,0.75,0
Reconnaissance,123,0.01,fusion_ae_plain_latent,persistent_false_alarms,0.75,1.0,0
Reconnaissance,123,0.01,fusion_ae_plain_latent,persistent_false_alarms,1.0,1.25,64
Reconnaissance,123,0.01,fusion_ae_plain_latent,persistent_false_alarms,1.25,inf,0
Reconnaissance,123,0.01,fusion_ae_plain_latent,retained_benign_negatives,0.0,0.25,7098
Reconnaissance,123,0.01,fusion_ae_plain_latent,retained_benign_negatives,0.25,0.5,539
Reconnaissance,123,0.01,fusion_ae_plain_latent,retained_benign_negatives,0.5,0.75,342
Reconnaissance,123,0.01,fusion_ae_plain_latent,retained_benign_negatives,0.75,1.0,250
Reconnaissance,123,0.01,fusion_ae_plain_latent,retained_benign_negatives,1.0,1.25,0
Reconnaissance,123,0.01,fusion_ae_plain_latent,retained_benign_negatives,1.25,inf,0
Reconnaissance,123,0.01,selective_fusion,recovered_attacks,0.0,0.25,0
Reconnaissance,123,0.01,selective_fusion,recovered_attacks,0.25,0.5,0
Reconnaissance,123,0.01,selective_fusion,recovered_attacks,0.5,0.75,0
Reconnaissance,123,0.01,selective_fusion,recovered_attacks,0.75,1.0,1
Reconnaissance,123,0.01,selective_fusion,recovered_attacks,1.0,1.25,0
Reconnaissance,123,0.01,selective_fusion,recovered_attacks,1.25,inf,0
Reconnaissance,123,0.01,selective_fusion,lost_attacks,0.0,0.25,0
Reconnaissance,123,0.01,selective_fusion,lost_attacks,0.25,0.5,0
Reconnaissance,123,0.01,selective_fusion,lost_attacks,0.5,0.75,0
Reconnaissance,123,0.01,selective_fusion,lost_attacks,0.75,1.0,0
Reconnaissance,123,0.01,selective_fusion,lost_attacks,1.0,1.25,0
Reconnaissance,123,0.01,selective_fusion,lost_attacks,1.25,inf,0
Reconnaissance,123,0.01,selective_fusion,removed_false_alarms,0.0,0.25,0
Reconnaissance,123,0.01,selective_fusion,removed_false_alarms,0.25,0.5,0
Reconnaissance,123,0.01,selective_fusion,removed_false_alarms,0.5,0.75,0
Reconnaissance,123,0.01,selective_fusion,removed_false_alarms,0.75,1.0,0
Reconnaissance,123,0.01,selective_fusion,removed_false_alarms,1.0,1.25,0
Reconnaissance,123,0.01,selective_fusion,removed_false_alarms,1.25,inf,0
Reconnaissance,123,0.01,selective_fusion,added_false_alarms,0.0,0.25,0
Reconnaissance,123,0.01,selective_fusion,added_false_alarms,0.25,0.5,0
Reconnaissance,123,0.01,selective_fusion,added_false_alarms,0.5,0.75,0
Reconnaissance,123,0.01,selective_fusion,added_false_alarms,0.75,1.0,0
Reconnaissance,123,0.01,selective_fusion,added_false_alarms,1.0,1.25,0
Reconnaissance,123,0.01,selective_fusion,added_false_alarms,1.25,inf,0
Reconnaissance,123,0.01,selective_fusion,persistent_attack_misses,0.0,0.25,473
Reconnaissance,123,0.01,selective_fusion,persistent_attack_misses,0.25,0.5,466
Reconnaissance,123,0.01,selective_fusion,persistent_attack_misses,0.5,0.75,1721
Reconnaissance,123,0.01,selective_fusion,persistent_attack_misses,0.75,1.0,8220
Reconnaissance,123,0.01,selective_fusion,persistent_attack_misses,1.0,1.25,0
Reconnaissance,123,0.01,selective_fusion,persistent_attack_misses,1.25,inf,0
Reconnaissance,123,0.01,selective_fusion,retained_attack_detections,0.0,0.25,0
Reconnaissance,123,0.01,selective_fusion,retained_attack_detections,0.25,0.5,0
Reconnaissance,123,0.01,selective_fusion,retained_attack_detections,0.5,0.75,0
Reconnaissance,123,0.01,selective_fusion,retained_attack_detections,0.75,1.0,0
Reconnaissance,123,0.01,selective_fusion,retained_attack_detections,1.0,1.25,38508
Reconnaissance,123,0.01,selective_fusion,retained_attack_detections,1.25,inf,0
Reconnaissance,123,0.01,selective_fusion,persistent_false_alarms,0.0,0.25,0
Reconnaissance,123,0.01,selective_fusion,persistent_false_alarms,0.25,0.5,0
Reconnaissance,123,0.01,selective_fusion,persistent_false_alarms,0.5,0.75,0
Reconnaissance,123,0.01,selective_fusion,persistent_false_alarms,0.75,1.0,0
Reconnaissance,123,0.01,selective_fusion,persistent_false_alarms,1.0,1.25,75
Reconnaissance,123,0.01,selective_fusion,persistent_false_alarms,1.25,inf,0
Reconnaissance,123,0.01,selective_fusion,retained_benign_negatives,0.0,0.25,7099
Reconnaissance,123,0.01,selective_fusion,retained_benign_negatives,0.25,0.5,539
Reconnaissance,123,0.01,selective_fusion,retained_benign_negatives,0.5,0.75,344
Reconnaissance,123,0.01,selective_fusion,retained_benign_negatives,0.75,1.0,267
Reconnaissance,123,0.01,selective_fusion,retained_benign_negatives,1.0,1.25,0
Reconnaissance,123,0.01,selective_fusion,retained_benign_negatives,1.25,inf,0
Reconnaissance,123,0.03,fusion_ae_plain_latent,recovered_attacks,0.0,0.25,0
Reconnaissance,123,0.03,fusion_ae_plain_latent,recovered_attacks,0.25,0.5,0
Reconnaissance,123,0.03,fusion_ae_plain_latent,recovered_attacks,0.5,0.75,1
Reconnaissance,123,0.03,fusion_ae_plain_latent,recovered_attacks,0.75,1.0,235
Reconnaissance,123,0.03,fusion_ae_plain_latent,recovered_attacks,1.0,1.25,0
Reconnaissance,123,0.03,fusion_ae_plain_latent,recovered_attacks,1.25,inf,0
Reconnaissance,123,0.03,fusion_ae_plain_latent,lost_attacks,0.0,0.25,0
Reconnaissance,123,0.03,fusion_ae_plain_latent,lost_attacks,0.25,0.5,0
Reconnaissance,123,0.03,fusion_ae_plain_latent,lost_attacks,0.5,0.75,0
Reconnaissance,123,0.03,fusion_ae_plain_latent,lost_attacks,0.75,1.0,0
Reconnaissance,123,0.03,fusion_ae_plain_latent,lost_attacks,1.0,1.25,431
Reconnaissance,123,0.03,fusion_ae_plain_latent,lost_attacks,1.25,inf,0
Reconnaissance,123,0.03,fusion_ae_plain_latent,removed_false_alarms,0.0,0.25,0
Reconnaissance,123,0.03,fusion_ae_plain_latent,removed_false_alarms,0.25,0.5,0
Reconnaissance,123,0.03,fusion_ae_plain_latent,removed_false_alarms,0.5,0.75,0
Reconnaissance,123,0.03,fusion_ae_plain_latent,removed_false_alarms,0.75,1.0,0
Reconnaissance,123,0.03,fusion_ae_plain_latent,removed_false_alarms,1.0,1.25,34
Reconnaissance,123,0.03,fusion_ae_plain_latent,removed_false_alarms,1.25,inf,0
Reconnaissance,123,0.03,fusion_ae_plain_latent,added_false_alarms,0.0,0.25,1
Reconnaissance,123,0.03,fusion_ae_plain_latent,added_false_alarms,0.25,0.5,0
Reconnaissance,123,0.03,fusion_ae_plain_latent,added_false_alarms,0.5,0.75,0
Reconnaissance,123,0.03,fusion_ae_plain_latent,added_false_alarms,0.75,1.0,19
Reconnaissance,123,0.03,fusion_ae_plain_latent,added_false_alarms,1.0,1.25,0
Reconnaissance,123,0.03,fusion_ae_plain_latent,added_false_alarms,1.25,inf,0
Reconnaissance,123,0.03,fusion_ae_plain_latent,persistent_attack_misses,0.0,0.25,413
Reconnaissance,123,0.03,fusion_ae_plain_latent,persistent_attack_misses,0.25,0.5,346
Reconnaissance,123,0.03,fusion_ae_plain_latent,persistent_attack_misses,0.5,0.75,783
Reconnaissance,123,0.03,fusion_ae_plain_latent,persistent_attack_misses,0.75,1.0,2159
Reconnaissance,123,0.03,fusion_ae_plain_latent,persistent_attack_misses,1.0,1.25,0
Reconnaissance,123,0.03,fusion_ae_plain_latent,persistent_attack_misses,1.25,inf,0
Reconnaissance,123,0.03,fusion_ae_plain_latent,retained_attack_detections,0.0,0.25,0
Reconnaissance,123,0.03,fusion_ae_plain_latent,retained_attack_detections,0.25,0.5,0
Reconnaissance,123,0.03,fusion_ae_plain_latent,retained_attack_detections,0.5,0.75,0
Reconnaissance,123,0.03,fusion_ae_plain_latent,retained_attack_detections,0.75,1.0,0
Reconnaissance,123,0.03,fusion_ae_plain_latent,retained_attack_detections,1.0,1.25,11302
Reconnaissance,123,0.03,fusion_ae_plain_latent,retained_attack_detections,1.25,inf,33719
Reconnaissance,123,0.03,fusion_ae_plain_latent,persistent_false_alarms,0.0,0.25,0
Reconnaissance,123,0.03,fusion_ae_plain_latent,persistent_false_alarms,0.25,0.5,0
Reconnaissance,123,0.03,fusion_ae_plain_latent,persistent_false_alarms,0.5,0.75,0
Reconnaissance,123,0.03,fusion_ae_plain_latent,persistent_false_alarms,0.75,1.0,0
Reconnaissance,123,0.03,fusion_ae_plain_latent,persistent_false_alarms,1.0,1.25,163
Reconnaissance,123,0.03,fusion_ae_plain_latent,persistent_false_alarms,1.25,inf,44
Reconnaissance,123,0.03,fusion_ae_plain_latent,retained_benign_negatives,0.0,0.25,7009
Reconnaissance,123,0.03,fusion_ae_plain_latent,retained_benign_negatives,0.25,0.5,488
Reconnaissance,123,0.03,fusion_ae_plain_latent,retained_benign_negatives,0.5,0.75,299
Reconnaissance,123,0.03,fusion_ae_plain_latent,retained_benign_negatives,0.75,1.0,267
Reconnaissance,123,0.03,fusion_ae_plain_latent,retained_benign_negatives,1.0,1.25,0
Reconnaissance,123,0.03,fusion_ae_plain_latent,retained_benign_negatives,1.25,inf,0
Reconnaissance,123,0.03,selective_fusion,recovered_attacks,0.0,0.25,0
Reconnaissance,123,0.03,selective_fusion,recovered_attacks,0.25,0.5,0
Reconnaissance,123,0.03,selective_fusion,recovered_attacks,0.5,0.75,0
Reconnaissance,123,0.03,selective_fusion,recovered_attacks,0.75,1.0,8
Reconnaissance,123,0.03,selective_fusion,recovered_attacks,1.0,1.25,0
Reconnaissance,123,0.03,selective_fusion,recovered_attacks,1.25,inf,0
Reconnaissance,123,0.03,selective_fusion,lost_attacks,0.0,0.25,0
Reconnaissance,123,0.03,selective_fusion,lost_attacks,0.25,0.5,0
Reconnaissance,123,0.03,selective_fusion,lost_attacks,0.5,0.75,0
Reconnaissance,123,0.03,selective_fusion,lost_attacks,0.75,1.0,0
Reconnaissance,123,0.03,selective_fusion,lost_attacks,1.0,1.25,0
Reconnaissance,123,0.03,selective_fusion,lost_attacks,1.25,inf,0
Reconnaissance,123,0.03,selective_fusion,removed_false_alarms,0.0,0.25,0
Reconnaissance,123,0.03,selective_fusion,removed_false_alarms,0.25,0.5,0
Reconnaissance,123,0.03,selective_fusion,removed_false_alarms,0.5,0.75,0
Reconnaissance,123,0.03,selective_fusion,removed_false_alarms,0.75,1.0,0
Reconnaissance,123,0.03,selective_fusion,removed_false_alarms,1.0,1.25,0
Reconnaissance,123,0.03,selective_fusion,removed_false_alarms,1.25,inf,0
Reconnaissance,123,0.03,selective_fusion,added_false_alarms,0.0,0.25,2
Reconnaissance,123,0.03,selective_fusion,added_false_alarms,0.25,0.5,0
Reconnaissance,123,0.03,selective_fusion,added_false_alarms,0.5,0.75,0
Reconnaissance,123,0.03,selective_fusion,added_false_alarms,0.75,1.0,0
Reconnaissance,123,0.03,selective_fusion,added_false_alarms,1.0,1.25,0
Reconnaissance,123,0.03,selective_fusion,added_false_alarms,1.25,inf,0
Reconnaissance,123,0.03,selective_fusion,persistent_attack_misses,0.0,0.25,413
Reconnaissance,123,0.03,selective_fusion,persistent_attack_misses,0.25,0.5,346
Reconnaissance,123,0.03,selective_fusion,persistent_attack_misses,0.5,0.75,784
Reconnaissance,123,0.03,selective_fusion,persistent_attack_misses,0.75,1.0,2386
Reconnaissance,123,0.03,selective_fusion,persistent_attack_misses,1.0,1.25,0
Reconnaissance,123,0.03,selective_fusion,persistent_attack_misses,1.25,inf,0
Reconnaissance,123,0.03,selective_fusion,retained_attack_detections,0.0,0.25,0
Reconnaissance,123,0.03,selective_fusion,retained_attack_detections,0.25,0.5,0
Reconnaissance,123,0.03,selective_fusion,retained_attack_detections,0.5,0.75,0
Reconnaissance,123,0.03,selective_fusion,retained_attack_detections,0.75,1.0,0
Reconnaissance,123,0.03,selective_fusion,retained_attack_detections,1.0,1.25,11733
Reconnaissance,123,0.03,selective_fusion,retained_attack_detections,1.25,inf,33719
Reconnaissance,123,0.03,selective_fusion,persistent_false_alarms,0.0,0.25,0
Reconnaissance,123,0.03,selective_fusion,persistent_false_alarms,0.25,0.5,0
Reconnaissance,123,0.03,selective_fusion,persistent_false_alarms,0.5,0.75,0
Reconnaissance,123,0.03,selective_fusion,persistent_false_alarms,0.75,1.0,0
Reconnaissance,123,0.03,selective_fusion,persistent_false_alarms,1.0,1.25,197
Reconnaissance,123,0.03,selective_fusion,persistent_false_alarms,1.25,inf,44
Reconnaissance,123,0.03,selective_fusion,retained_benign_negatives,0.0,0.25,7008
Reconnaissance,123,0.03,selective_fusion,retained_benign_negatives,0.25,0.5,488
Reconnaissance,123,0.03,selective_fusion,retained_benign_negatives,0.5,0.75,299
Reconnaissance,123,0.03,selective_fusion,retained_benign_negatives,0.75,1.0,286
Reconnaissance,123,0.03,selective_fusion,retained_benign_negatives,1.0,1.25,0
Reconnaissance,123,0.03,selective_fusion,retained_benign_negatives,1.25,inf,0
Reconnaissance,123,0.05,fusion_ae_plain_latent,recovered_attacks,0.0,0.25,0
Reconnaissance,123,0.05,fusion_ae_plain_latent,recovered_attacks,0.25,0.5,0
Reconnaissance,123,0.05,fusion_ae_plain_latent,recovered_attacks,0.5,0.75,2
Reconnaissance,123,0.05,fusion_ae_plain_latent,recovered_attacks,0.75,1.0,93
Reconnaissance,123,0.05,fusion_ae_plain_latent,recovered_attacks,1.0,1.25,0
Reconnaissance,123,0.05,fusion_ae_plain_latent,recovered_attacks,1.25,inf,0
Reconnaissance,123,0.05,fusion_ae_plain_latent,lost_attacks,0.0,0.25,0
Reconnaissance,123,0.05,fusion_ae_plain_latent,lost_attacks,0.25,0.5,0
Reconnaissance,123,0.05,fusion_ae_plain_latent,lost_attacks,0.5,0.75,0
Reconnaissance,123,0.05,fusion_ae_plain_latent,lost_attacks,0.75,1.0,0
Reconnaissance,123,0.05,fusion_ae_plain_latent,lost_attacks,1.0,1.25,204
Reconnaissance,123,0.05,fusion_ae_plain_latent,lost_attacks,1.25,inf,0
Reconnaissance,123,0.05,fusion_ae_plain_latent,removed_false_alarms,0.0,0.25,0
Reconnaissance,123,0.05,fusion_ae_plain_latent,removed_false_alarms,0.25,0.5,0
Reconnaissance,123,0.05,fusion_ae_plain_latent,removed_false_alarms,0.5,0.75,0
Reconnaissance,123,0.05,fusion_ae_plain_latent,removed_false_alarms,0.75,1.0,0
Reconnaissance,123,0.05,fusion_ae_plain_latent,removed_false_alarms,1.0,1.25,26
Reconnaissance,123,0.05,fusion_ae_plain_latent,removed_false_alarms,1.25,inf,0
Reconnaissance,123,0.05,fusion_ae_plain_latent,added_false_alarms,0.0,0.25,2
Reconnaissance,123,0.05,fusion_ae_plain_latent,added_false_alarms,0.25,0.5,0
Reconnaissance,123,0.05,fusion_ae_plain_latent,added_false_alarms,0.5,0.75,0
Reconnaissance,123,0.05,fusion_ae_plain_latent,added_false_alarms,0.75,1.0,22
Reconnaissance,123,0.05,fusion_ae_plain_latent,added_false_alarms,1.0,1.25,0
Reconnaissance,123,0.05,fusion_ae_plain_latent,added_false_alarms,1.25,inf,0
Reconnaissance,123,0.05,fusion_ae_plain_latent,persistent_attack_misses,0.0,0.25,368
Reconnaissance,123,0.05,fusion_ae_plain_latent,persistent_attack_misses,0.25,0.5,250
Reconnaissance,123,0.05,fusion_ae_plain_latent,persistent_attack_misses,0.5,0.75,350
Reconnaissance,123,0.05,fusion_ae_plain_latent,persistent_attack_misses,0.75,1.0,867
Reconnaissance,123,0.05,fusion_ae_plain_latent,persistent_attack_misses,1.0,1.25,0
Reconnaissance,123,0.05,fusion_ae_plain_latent,persistent_attack_misses,1.25,inf,0
Reconnaissance,123,0.05,fusion_ae_plain_latent,retained_attack_detections,0.0,0.25,0
Reconnaissance,123,0.05,fusion_ae_plain_latent,retained_attack_detections,0.25,0.5,0
Reconnaissance,123,0.05,fusion_ae_plain_latent,retained_attack_detections,0.5,0.75,0
Reconnaissance,123,0.05,fusion_ae_plain_latent,retained_attack_detections,0.75,1.0,0
Reconnaissance,123,0.05,fusion_ae_plain_latent,retained_attack_detections,1.0,1.25,2164
Reconnaissance,123,0.05,fusion_ae_plain_latent,retained_attack_detections,1.25,inf,45091
Reconnaissance,123,0.05,fusion_ae_plain_latent,persistent_false_alarms,0.0,0.25,0
Reconnaissance,123,0.05,fusion_ae_plain_latent,persistent_false_alarms,0.25,0.5,0
Reconnaissance,123,0.05,fusion_ae_plain_latent,persistent_false_alarms,0.5,0.75,0
Reconnaissance,123,0.05,fusion_ae_plain_latent,persistent_false_alarms,0.75,1.0,0
Reconnaissance,123,0.05,fusion_ae_plain_latent,persistent_false_alarms,1.0,1.25,200
Reconnaissance,123,0.05,fusion_ae_plain_latent,persistent_false_alarms,1.25,inf,212
Reconnaissance,123,0.05,fusion_ae_plain_latent,retained_benign_negatives,0.0,0.25,6890
Reconnaissance,123,0.05,fusion_ae_plain_latent,retained_benign_negatives,0.25,0.5,434
Reconnaissance,123,0.05,fusion_ae_plain_latent,retained_benign_negatives,0.5,0.75,333
Reconnaissance,123,0.05,fusion_ae_plain_latent,retained_benign_negatives,0.75,1.0,205
Reconnaissance,123,0.05,fusion_ae_plain_latent,retained_benign_negatives,1.0,1.25,0
Reconnaissance,123,0.05,fusion_ae_plain_latent,retained_benign_negatives,1.25,inf,0
Reconnaissance,123,0.05,selective_fusion,recovered_attacks,0.0,0.25,0
Reconnaissance,123,0.05,selective_fusion,recovered_attacks,0.25,0.5,0
Reconnaissance,123,0.05,selective_fusion,recovered_attacks,0.5,0.75,0
Reconnaissance,123,0.05,selective_fusion,recovered_attacks,0.75,1.0,1
Reconnaissance,123,0.05,selective_fusion,recovered_attacks,1.0,1.25,0
Reconnaissance,123,0.05,selective_fusion,recovered_attacks,1.25,inf,0
Reconnaissance,123,0.05,selective_fusion,lost_attacks,0.0,0.25,0
Reconnaissance,123,0.05,selective_fusion,lost_attacks,0.25,0.5,0
Reconnaissance,123,0.05,selective_fusion,lost_attacks,0.5,0.75,0
Reconnaissance,123,0.05,selective_fusion,lost_attacks,0.75,1.0,0
Reconnaissance,123,0.05,selective_fusion,lost_attacks,1.0,1.25,0
Reconnaissance,123,0.05,selective_fusion,lost_attacks,1.25,inf,0
Reconnaissance,123,0.05,selective_fusion,removed_false_alarms,0.0,0.25,0
Reconnaissance,123,0.05,selective_fusion,removed_false_alarms,0.25,0.5,0
Reconnaissance,123,0.05,selective_fusion,removed_false_alarms,0.5,0.75,0
Reconnaissance,123,0.05,selective_fusion,removed_false_alarms,0.75,1.0,0
Reconnaissance,123,0.05,selective_fusion,removed_false_alarms,1.0,1.25,0
Reconnaissance,123,0.05,selective_fusion,removed_false_alarms,1.25,inf,0
Reconnaissance,123,0.05,selective_fusion,added_false_alarms,0.0,0.25,2
Reconnaissance,123,0.05,selective_fusion,added_false_alarms,0.25,0.5,0
Reconnaissance,123,0.05,selective_fusion,added_false_alarms,0.5,0.75,0
Reconnaissance,123,0.05,selective_fusion,added_false_alarms,0.75,1.0,0
Reconnaissance,123,0.05,selective_fusion,added_false_alarms,1.0,1.25,0
Reconnaissance,123,0.05,selective_fusion,added_false_alarms,1.25,inf,0
Reconnaissance,123,0.05,selective_fusion,persistent_attack_misses,0.0,0.25,368
Reconnaissance,123,0.05,selective_fusion,persistent_attack_misses,0.25,0.5,250
Reconnaissance,123,0.05,selective_fusion,persistent_attack_misses,0.5,0.75,352
Reconnaissance,123,0.05,selective_fusion,persistent_attack_misses,0.75,1.0,959
Reconnaissance,123,0.05,selective_fusion,persistent_attack_misses,1.0,1.25,0
Reconnaissance,123,0.05,selective_fusion,persistent_attack_misses,1.25,inf,0
Reconnaissance,123,0.05,selective_fusion,retained_attack_detections,0.0,0.25,0
Reconnaissance,123,0.05,selective_fusion,retained_attack_detections,0.25,0.5,0
Reconnaissance,123,0.05,selective_fusion,retained_attack_detections,0.5,0.75,0
Reconnaissance,123,0.05,selective_fusion,retained_attack_detections,0.75,1.0,0
Reconnaissance,123,0.05,selective_fusion,retained_attack_detections,1.0,1.25,2368
Reconnaissance,123,0.05,selective_fusion,retained_attack_detections,1.25,inf,45091
Reconnaissance,123,0.05,selective_fusion,persistent_false_alarms,0.0,0.25,0
Reconnaissance,123,0.05,selective_fusion,persistent_false_alarms,0.25,0.5,0
Reconnaissance,123,0.05,selective_fusion,persistent_false_alarms,0.5,0.75,0
Reconnaissance,123,0.05,selective_fusion,persistent_false_alarms,0.75,1.0,0
Reconnaissance,123,0.05,selective_fusion,persistent_false_alarms,1.0,1.25,226
Reconnaissance,123,0.05,selective_fusion,persistent_false_alarms,1.25,inf,212
Reconnaissance,123,0.05,selective_fusion,retained_benign_negatives,0.0,0.25,6890
Reconnaissance,123,0.05,selective_fusion,retained_benign_negatives,0.25,0.5,434
Reconnaissance,123,0.05,selective_fusion,retained_benign_negatives,0.5,0.75,333
Reconnaissance,123,0.05,selective_fusion,retained_benign_negatives,0.75,1.0,227
Reconnaissance,123,0.05,selective_fusion,retained_benign_negatives,1.0,1.25,0
Reconnaissance,123,0.05,selective_fusion,retained_benign_negatives,1.25,inf,0
Reconnaissance,2026,0.01,fusion_ae_plain_latent,recovered_attacks,0.0,0.25,0
Reconnaissance,2026,0.01,fusion_ae_plain_latent,recovered_attacks,0.25,0.5,0
Reconnaissance,2026,0.01,fusion_ae_plain_latent,recovered_attacks,0.5,0.75,0
Reconnaissance,2026,0.01,fusion_ae_plain_latent,recovered_attacks,0.75,1.0,2466
Reconnaissance,2026,0.01,fusion_ae_plain_latent,recovered_attacks,1.0,1.25,0
Reconnaissance,2026,0.01,fusion_ae_plain_latent,recovered_attacks,1.25,inf,0
Reconnaissance,2026,0.01,fusion_ae_plain_latent,lost_attacks,0.0,0.25,0
Reconnaissance,2026,0.01,fusion_ae_plain_latent,lost_attacks,0.25,0.5,0
Reconnaissance,2026,0.01,fusion_ae_plain_latent,lost_attacks,0.5,0.75,0
Reconnaissance,2026,0.01,fusion_ae_plain_latent,lost_attacks,0.75,1.0,0
Reconnaissance,2026,0.01,fusion_ae_plain_latent,lost_attacks,1.0,1.25,342
Reconnaissance,2026,0.01,fusion_ae_plain_latent,lost_attacks,1.25,inf,0
Reconnaissance,2026,0.01,fusion_ae_plain_latent,removed_false_alarms,0.0,0.25,0
Reconnaissance,2026,0.01,fusion_ae_plain_latent,removed_false_alarms,0.25,0.5,0
Reconnaissance,2026,0.01,fusion_ae_plain_latent,removed_false_alarms,0.5,0.75,0
Reconnaissance,2026,0.01,fusion_ae_plain_latent,removed_false_alarms,0.75,1.0,0
Reconnaissance,2026,0.01,fusion_ae_plain_latent,removed_false_alarms,1.0,1.25,24
Reconnaissance,2026,0.01,fusion_ae_plain_latent,removed_false_alarms,1.25,inf,0
Reconnaissance,2026,0.01,fusion_ae_plain_latent,added_false_alarms,0.0,0.25,0
Reconnaissance,2026,0.01,fusion_ae_plain_latent,added_false_alarms,0.25,0.5,0
Reconnaissance,2026,0.01,fusion_ae_plain_latent,added_false_alarms,0.5,0.75,0
Reconnaissance,2026,0.01,fusion_ae_plain_latent,added_false_alarms,0.75,1.0,29
Reconnaissance,2026,0.01,fusion_ae_plain_latent,added_false_alarms,1.0,1.25,0
Reconnaissance,2026,0.01,fusion_ae_plain_latent,added_false_alarms,1.25,inf,0
Reconnaissance,2026,0.01,fusion_ae_plain_latent,persistent_attack_misses,0.0,0.25,455
Reconnaissance,2026,0.01,fusion_ae_plain_latent,persistent_attack_misses,0.25,0.5,782
Reconnaissance,2026,0.01,fusion_ae_plain_latent,persistent_attack_misses,0.5,0.75,1856
Reconnaissance,2026,0.01,fusion_ae_plain_latent,persistent_attack_misses,0.75,1.0,4556
Reconnaissance,2026,0.01,fusion_ae_plain_latent,persistent_attack_misses,1.0,1.25,0
Reconnaissance,2026,0.01,fusion_ae_plain_latent,persistent_attack_misses,1.25,inf,0
Reconnaissance,2026,0.01,fusion_ae_plain_latent,retained_attack_detections,0.0,0.25,0
Reconnaissance,2026,0.01,fusion_ae_plain_latent,retained_attack_detections,0.25,0.5,0
Reconnaissance,2026,0.01,fusion_ae_plain_latent,retained_attack_detections,0.5,0.75,0
Reconnaissance,2026,0.01,fusion_ae_plain_latent,retained_attack_detections,0.75,1.0,0
Reconnaissance,2026,0.01,fusion_ae_plain_latent,retained_attack_detections,1.0,1.25,39080
Reconnaissance,2026,0.01,fusion_ae_plain_latent,retained_attack_detections,1.25,inf,0
Reconnaissance,2026,0.01,fusion_ae_plain_latent,persistent_false_alarms,0.0,0.25,0
Reconnaissance,2026,0.01,fusion_ae_plain_latent,persistent_false_alarms,0.25,0.5,0
Reconnaissance,2026,0.01,fusion_ae_plain_latent,persistent_false_alarms,0.5,0.75,0
Reconnaissance,2026,0.01,fusion_ae_plain_latent,persistent_false_alarms,0.75,1.0,0
Reconnaissance,2026,0.01,fusion_ae_plain_latent,persistent_false_alarms,1.0,1.25,68
Reconnaissance,2026,0.01,fusion_ae_plain_latent,persistent_false_alarms,1.25,inf,0
Reconnaissance,2026,0.01,fusion_ae_plain_latent,retained_benign_negatives,0.0,0.25,7215
Reconnaissance,2026,0.01,fusion_ae_plain_latent,retained_benign_negatives,0.25,0.5,496
Reconnaissance,2026,0.01,fusion_ae_plain_latent,retained_benign_negatives,0.5,0.75,338
Reconnaissance,2026,0.01,fusion_ae_plain_latent,retained_benign_negatives,0.75,1.0,214
Reconnaissance,2026,0.01,fusion_ae_plain_latent,retained_benign_negatives,1.0,1.25,0
Reconnaissance,2026,0.01,fusion_ae_plain_latent,retained_benign_negatives,1.25,inf,0
Reconnaissance,2026,0.01,selective_fusion,recovered_attacks,0.0,0.25,0
Reconnaissance,2026,0.01,selective_fusion,recovered_attacks,0.25,0.5,0
Reconnaissance,2026,0.01,selective_fusion,recovered_attacks,0.5,0.75,2
Reconnaissance,2026,0.01,selective_fusion,recovered_attacks,0.75,1.0,12
Reconnaissance,2026,0.01,selective_fusion,recovered_attacks,1.0,1.25,0
Reconnaissance,2026,0.01,selective_fusion,recovered_attacks,1.25,inf,0
Reconnaissance,2026,0.01,selective_fusion,lost_attacks,0.0,0.25,0
Reconnaissance,2026,0.01,selective_fusion,lost_attacks,0.25,0.5,0
Reconnaissance,2026,0.01,selective_fusion,lost_attacks,0.5,0.75,0
Reconnaissance,2026,0.01,selective_fusion,lost_attacks,0.75,1.0,0
Reconnaissance,2026,0.01,selective_fusion,lost_attacks,1.0,1.25,0
Reconnaissance,2026,0.01,selective_fusion,lost_attacks,1.25,inf,0
Reconnaissance,2026,0.01,selective_fusion,removed_false_alarms,0.0,0.25,0
Reconnaissance,2026,0.01,selective_fusion,removed_false_alarms,0.25,0.5,0
Reconnaissance,2026,0.01,selective_fusion,removed_false_alarms,0.5,0.75,0
Reconnaissance,2026,0.01,selective_fusion,removed_false_alarms,0.75,1.0,0
Reconnaissance,2026,0.01,selective_fusion,removed_false_alarms,1.0,1.25,0
Reconnaissance,2026,0.01,selective_fusion,removed_false_alarms,1.25,inf,0
Reconnaissance,2026,0.01,selective_fusion,added_false_alarms,0.0,0.25,0
Reconnaissance,2026,0.01,selective_fusion,added_false_alarms,0.25,0.5,0
Reconnaissance,2026,0.01,selective_fusion,added_false_alarms,0.5,0.75,0
Reconnaissance,2026,0.01,selective_fusion,added_false_alarms,0.75,1.0,3
Reconnaissance,2026,0.01,selective_fusion,added_false_alarms,1.0,1.25,0
Reconnaissance,2026,0.01,selective_fusion,added_false_alarms,1.25,inf,0
Reconnaissance,2026,0.01,selective_fusion,persistent_attack_misses,0.0,0.25,455
Reconnaissance,2026,0.01,selective_fusion,persistent_attack_misses,0.25,0.5,782
Reconnaissance,2026,0.01,selective_fusion,persistent_attack_misses,0.5,0.75,1854
Reconnaissance,2026,0.01,selective_fusion,persistent_attack_misses,0.75,1.0,7010
Reconnaissance,2026,0.01,selective_fusion,persistent_attack_misses,1.0,1.25,0
Reconnaissance,2026,0.01,selective_fusion,persistent_attack_misses,1.25,inf,0
Reconnaissance,2026,0.01,selective_fusion,retained_attack_detections,0.0,0.25,0
Reconnaissance,2026,0.01,selective_fusion,retained_attack_detections,0.25,0.5,0
Reconnaissance,2026,0.01,selective_fusion,retained_attack_detections,0.5,0.75,0
Reconnaissance,2026,0.01,selective_fusion,retained_attack_detections,0.75,1.0,0
Reconnaissance,2026,0.01,selective_fusion,retained_attack_detections,1.0,1.25,39422
Reconnaissance,2026,0.01,selective_fusion,retained_attack_detections,1.25,inf,0
Reconnaissance,2026,0.01,selective_fusion,persistent_false_alarms,0.0,0.25,0
Reconnaissance,2026,0.01,selective_fusion,persistent_false_alarms,0.25,0.5,0
Reconnaissance,2026,0.01,selective_fusion,persistent_false_alarms,0.5,0.75,0
Reconnaissance,2026,0.01,selective_fusion,persistent_false_alarms,0.75,1.0,0
Reconnaissance,2026,0.01,selective_fusion,persistent_false_alarms,1.0,1.25,92
Reconnaissance,2026,0.01,selective_fusion,persistent_false_alarms,1.25,inf,0
Reconnaissance,2026,0.01,selective_fusion,retained_benign_negatives,0.0,0.25,7215
Reconnaissance,2026,0.01,selective_fusion,retained_benign_negatives,0.25,0.5,496
Reconnaissance,2026,0.01,selective_fusion,retained_benign_negatives,0.5,0.75,338
Reconnaissance,2026,0.01,selective_fusion,retained_benign_negatives,0.75,1.0,240
Reconnaissance,2026,0.01,selective_fusion,retained_benign_negatives,1.0,1.25,0
Reconnaissance,2026,0.01,selective_fusion,retained_benign_negatives,1.25,inf,0
Reconnaissance,2026,0.03,fusion_ae_plain_latent,recovered_attacks,0.0,0.25,0
Reconnaissance,2026,0.03,fusion_ae_plain_latent,recovered_attacks,0.25,0.5,0
Reconnaissance,2026,0.03,fusion_ae_plain_latent,recovered_attacks,0.5,0.75,2
Reconnaissance,2026,0.03,fusion_ae_plain_latent,recovered_attacks,0.75,1.0,295
Reconnaissance,2026,0.03,fusion_ae_plain_latent,recovered_attacks,1.0,1.25,0
Reconnaissance,2026,0.03,fusion_ae_plain_latent,recovered_attacks,1.25,inf,0
Reconnaissance,2026,0.03,fusion_ae_plain_latent,lost_attacks,0.0,0.25,0
Reconnaissance,2026,0.03,fusion_ae_plain_latent,lost_attacks,0.25,0.5,0
Reconnaissance,2026,0.03,fusion_ae_plain_latent,lost_attacks,0.5,0.75,0
Reconnaissance,2026,0.03,fusion_ae_plain_latent,lost_attacks,0.75,1.0,0
Reconnaissance,2026,0.03,fusion_ae_plain_latent,lost_attacks,1.0,1.25,228
Reconnaissance,2026,0.03,fusion_ae_plain_latent,lost_attacks,1.25,inf,0
Reconnaissance,2026,0.03,fusion_ae_plain_latent,removed_false_alarms,0.0,0.25,0
Reconnaissance,2026,0.03,fusion_ae_plain_latent,removed_false_alarms,0.25,0.5,0
Reconnaissance,2026,0.03,fusion_ae_plain_latent,removed_false_alarms,0.5,0.75,0
Reconnaissance,2026,0.03,fusion_ae_plain_latent,removed_false_alarms,0.75,1.0,0
Reconnaissance,2026,0.03,fusion_ae_plain_latent,removed_false_alarms,1.0,1.25,19
Reconnaissance,2026,0.03,fusion_ae_plain_latent,removed_false_alarms,1.25,inf,0
Reconnaissance,2026,0.03,fusion_ae_plain_latent,added_false_alarms,0.0,0.25,0
Reconnaissance,2026,0.03,fusion_ae_plain_latent,added_false_alarms,0.25,0.5,0
Reconnaissance,2026,0.03,fusion_ae_plain_latent,added_false_alarms,0.5,0.75,0
Reconnaissance,2026,0.03,fusion_ae_plain_latent,added_false_alarms,0.75,1.0,11
Reconnaissance,2026,0.03,fusion_ae_plain_latent,added_false_alarms,1.0,1.25,0
Reconnaissance,2026,0.03,fusion_ae_plain_latent,added_false_alarms,1.25,inf,0
Reconnaissance,2026,0.03,fusion_ae_plain_latent,persistent_attack_misses,0.0,0.25,393
Reconnaissance,2026,0.03,fusion_ae_plain_latent,persistent_attack_misses,0.25,0.5,465
Reconnaissance,2026,0.03,fusion_ae_plain_latent,persistent_attack_misses,0.5,0.75,881
Reconnaissance,2026,0.03,fusion_ae_plain_latent,persistent_attack_misses,0.75,1.0,1795
Reconnaissance,2026,0.03,fusion_ae_plain_latent,persistent_attack_misses,1.0,1.25,0
Reconnaissance,2026,0.03,fusion_ae_plain_latent,persistent_attack_misses,1.25,inf,0
Reconnaissance,2026,0.03,fusion_ae_plain_latent,retained_attack_detections,0.0,0.25,0
Reconnaissance,2026,0.03,fusion_ae_plain_latent,retained_attack_detections,0.25,0.5,0
Reconnaissance,2026,0.03,fusion_ae_plain_latent,retained_attack_detections,0.5,0.75,0
Reconnaissance,2026,0.03,fusion_ae_plain_latent,retained_attack_detections,0.75,1.0,0
Reconnaissance,2026,0.03,fusion_ae_plain_latent,retained_attack_detections,1.0,1.25,6381
Reconnaissance,2026,0.03,fusion_ae_plain_latent,retained_attack_detections,1.25,inf,39097
Reconnaissance,2026,0.03,fusion_ae_plain_latent,persistent_false_alarms,0.0,0.25,0
Reconnaissance,2026,0.03,fusion_ae_plain_latent,persistent_false_alarms,0.25,0.5,0
Reconnaissance,2026,0.03,fusion_ae_plain_latent,persistent_false_alarms,0.5,0.75,0
Reconnaissance,2026,0.03,fusion_ae_plain_latent,persistent_false_alarms,0.75,1.0,0
Reconnaissance,2026,0.03,fusion_ae_plain_latent,persistent_false_alarms,1.0,1.25,167
Reconnaissance,2026,0.03,fusion_ae_plain_latent,persistent_false_alarms,1.25,inf,86
Reconnaissance,2026,0.03,fusion_ae_plain_latent,retained_benign_negatives,0.0,0.25,7101
Reconnaissance,2026,0.03,fusion_ae_plain_latent,retained_benign_negatives,0.25,0.5,438
Reconnaissance,2026,0.03,fusion_ae_plain_latent,retained_benign_negatives,0.5,0.75,325
Reconnaissance,2026,0.03,fusion_ae_plain_latent,retained_benign_negatives,0.75,1.0,237
Reconnaissance,2026,0.03,fusion_ae_plain_latent,retained_benign_negatives,1.0,1.25,0
Reconnaissance,2026,0.03,fusion_ae_plain_latent,retained_benign_negatives,1.25,inf,0
Reconnaissance,2026,0.03,selective_fusion,recovered_attacks,0.0,0.25,0
Reconnaissance,2026,0.03,selective_fusion,recovered_attacks,0.25,0.5,0
Reconnaissance,2026,0.03,selective_fusion,recovered_attacks,0.5,0.75,3
Reconnaissance,2026,0.03,selective_fusion,recovered_attacks,0.75,1.0,56
Reconnaissance,2026,0.03,selective_fusion,recovered_attacks,1.0,1.25,0
Reconnaissance,2026,0.03,selective_fusion,recovered_attacks,1.25,inf,0
Reconnaissance,2026,0.03,selective_fusion,lost_attacks,0.0,0.25,0
Reconnaissance,2026,0.03,selective_fusion,lost_attacks,0.25,0.5,0
Reconnaissance,2026,0.03,selective_fusion,lost_attacks,0.5,0.75,0
Reconnaissance,2026,0.03,selective_fusion,lost_attacks,0.75,1.0,0
Reconnaissance,2026,0.03,selective_fusion,lost_attacks,1.0,1.25,0
Reconnaissance,2026,0.03,selective_fusion,lost_attacks,1.25,inf,0
Reconnaissance,2026,0.03,selective_fusion,removed_false_alarms,0.0,0.25,0
Reconnaissance,2026,0.03,selective_fusion,removed_false_alarms,0.25,0.5,0
Reconnaissance,2026,0.03,selective_fusion,removed_false_alarms,0.5,0.75,0
Reconnaissance,2026,0.03,selective_fusion,removed_false_alarms,0.75,1.0,0
Reconnaissance,2026,0.03,selective_fusion,removed_false_alarms,1.0,1.25,0
Reconnaissance,2026,0.03,selective_fusion,removed_false_alarms,1.25,inf,0
Reconnaissance,2026,0.03,selective_fusion,added_false_alarms,0.0,0.25,0
Reconnaissance,2026,0.03,selective_fusion,added_false_alarms,0.25,0.5,0
Reconnaissance,2026,0.03,selective_fusion,added_false_alarms,0.5,0.75,0
Reconnaissance,2026,0.03,selective_fusion,added_false_alarms,0.75,1.0,3
Reconnaissance,2026,0.03,selective_fusion,added_false_alarms,1.0,1.25,0
Reconnaissance,2026,0.03,selective_fusion,added_false_alarms,1.25,inf,0
Reconnaissance,2026,0.03,selective_fusion,persistent_attack_misses,0.0,0.25,393
Reconnaissance,2026,0.03,selective_fusion,persistent_attack_misses,0.25,0.5,465
Reconnaissance,2026,0.03,selective_fusion,persistent_attack_misses,0.5,0.75,880
Reconnaissance,2026,0.03,selective_fusion,persistent_attack_misses,0.75,1.0,2034
Reconnaissance,2026,0.03,selective_fusion,persistent_attack_misses,1.0,1.25,0
Reconnaissance,2026,0.03,selective_fusion,persistent_attack_misses,1.25,inf,0
Reconnaissance,2026,0.03,selective_fusion,retained_attack_detections,0.0,0.25,0
Reconnaissance,2026,0.03,selective_fusion,retained_attack_detections,0.25,0.5,0
Reconnaissance,2026,0.03,selective_fusion,retained_attack_detections,0.5,0.75,0
Reconnaissance,2026,0.03,selective_fusion,retained_attack_detections,0.75,1.0,0
Reconnaissance,2026,0.03,selective_fusion,retained_attack_detections,1.0,1.25,6609
Reconnaissance,2026,0.03,selective_fusion,retained_attack_detections,1.25,inf,39097
Reconnaissance,2026,0.03,selective_fusion,persistent_false_alarms,0.0,0.25,0
Reconnaissance,2026,0.03,selective_fusion,persistent_false_alarms,0.25,0.5,0
Reconnaissance,2026,0.03,selective_fusion,persistent_false_alarms,0.5,0.75,0
Reconnaissance,2026,0.03,selective_fusion,persistent_false_alarms,0.75,1.0,0
Reconnaissance,2026,0.03,selective_fusion,persistent_false_alarms,1.0,1.25,186
Reconnaissance,2026,0.03,selective_fusion,persistent_false_alarms,1.25,inf,86
Reconnaissance,2026,0.03,selective_fusion,retained_benign_negatives,0.0,0.25,7101
Reconnaissance,2026,0.03,selective_fusion,retained_benign_negatives,0.25,0.5,438
Reconnaissance,2026,0.03,selective_fusion,retained_benign_negatives,0.5,0.75,325
Reconnaissance,2026,0.03,selective_fusion,retained_benign_negatives,0.75,1.0,245
Reconnaissance,2026,0.03,selective_fusion,retained_benign_negatives,1.0,1.25,0
Reconnaissance,2026,0.03,selective_fusion,retained_benign_negatives,1.25,inf,0
Reconnaissance,2026,0.05,fusion_ae_plain_latent,recovered_attacks,0.0,0.25,0
Reconnaissance,2026,0.05,fusion_ae_plain_latent,recovered_attacks,0.25,0.5,0
Reconnaissance,2026,0.05,fusion_ae_plain_latent,recovered_attacks,0.5,0.75,2
Reconnaissance,2026,0.05,fusion_ae_plain_latent,recovered_attacks,0.75,1.0,123
Reconnaissance,2026,0.05,fusion_ae_plain_latent,recovered_attacks,1.0,1.25,0
Reconnaissance,2026,0.05,fusion_ae_plain_latent,recovered_attacks,1.25,inf,0
Reconnaissance,2026,0.05,fusion_ae_plain_latent,lost_attacks,0.0,0.25,0
Reconnaissance,2026,0.05,fusion_ae_plain_latent,lost_attacks,0.25,0.5,0
Reconnaissance,2026,0.05,fusion_ae_plain_latent,lost_attacks,0.5,0.75,0
Reconnaissance,2026,0.05,fusion_ae_plain_latent,lost_attacks,0.75,1.0,0
Reconnaissance,2026,0.05,fusion_ae_plain_latent,lost_attacks,1.0,1.25,217
Reconnaissance,2026,0.05,fusion_ae_plain_latent,lost_attacks,1.25,inf,0
Reconnaissance,2026,0.05,fusion_ae_plain_latent,removed_false_alarms,0.0,0.25,0
Reconnaissance,2026,0.05,fusion_ae_plain_latent,removed_false_alarms,0.25,0.5,0
Reconnaissance,2026,0.05,fusion_ae_plain_latent,removed_false_alarms,0.5,0.75,0
Reconnaissance,2026,0.05,fusion_ae_plain_latent,removed_false_alarms,0.75,1.0,0
Reconnaissance,2026,0.05,fusion_ae_plain_latent,removed_false_alarms,1.0,1.25,29
Reconnaissance,2026,0.05,fusion_ae_plain_latent,removed_false_alarms,1.25,inf,0
Reconnaissance,2026,0.05,fusion_ae_plain_latent,added_false_alarms,0.0,0.25,2
Reconnaissance,2026,0.05,fusion_ae_plain_latent,added_false_alarms,0.25,0.5,0
Reconnaissance,2026,0.05,fusion_ae_plain_latent,added_false_alarms,0.5,0.75,0
Reconnaissance,2026,0.05,fusion_ae_plain_latent,added_false_alarms,0.75,1.0,22
Reconnaissance,2026,0.05,fusion_ae_plain_latent,added_false_alarms,1.0,1.25,0
Reconnaissance,2026,0.05,fusion_ae_plain_latent,added_false_alarms,1.25,inf,0
Reconnaissance,2026,0.05,fusion_ae_plain_latent,persistent_attack_misses,0.0,0.25,363
Reconnaissance,2026,0.05,fusion_ae_plain_latent,persistent_attack_misses,0.25,0.5,314
Reconnaissance,2026,0.05,fusion_ae_plain_latent,persistent_attack_misses,0.5,0.75,558
Reconnaissance,2026,0.05,fusion_ae_plain_latent,persistent_attack_misses,0.75,1.0,848
Reconnaissance,2026,0.05,fusion_ae_plain_latent,persistent_attack_misses,1.0,1.25,0
Reconnaissance,2026,0.05,fusion_ae_plain_latent,persistent_attack_misses,1.25,inf,0
Reconnaissance,2026,0.05,fusion_ae_plain_latent,retained_attack_detections,0.0,0.25,0
Reconnaissance,2026,0.05,fusion_ae_plain_latent,retained_attack_detections,0.25,0.5,0
Reconnaissance,2026,0.05,fusion_ae_plain_latent,retained_attack_detections,0.5,0.75,0
Reconnaissance,2026,0.05,fusion_ae_plain_latent,retained_attack_detections,0.75,1.0,0
Reconnaissance,2026,0.05,fusion_ae_plain_latent,retained_attack_detections,1.0,1.25,1795
Reconnaissance,2026,0.05,fusion_ae_plain_latent,retained_attack_detections,1.25,inf,45317
Reconnaissance,2026,0.05,fusion_ae_plain_latent,persistent_false_alarms,0.0,0.25,0
Reconnaissance,2026,0.05,fusion_ae_plain_latent,persistent_false_alarms,0.25,0.5,0
Reconnaissance,2026,0.05,fusion_ae_plain_latent,persistent_false_alarms,0.5,0.75,0
Reconnaissance,2026,0.05,fusion_ae_plain_latent,persistent_false_alarms,0.75,1.0,0
Reconnaissance,2026,0.05,fusion_ae_plain_latent,persistent_false_alarms,1.0,1.25,153
Reconnaissance,2026,0.05,fusion_ae_plain_latent,persistent_false_alarms,1.25,inf,244
Reconnaissance,2026,0.05,fusion_ae_plain_latent,retained_benign_negatives,0.0,0.25,7010
Reconnaissance,2026,0.05,fusion_ae_plain_latent,retained_benign_negatives,0.25,0.5,391
Reconnaissance,2026,0.05,fusion_ae_plain_latent,retained_benign_negatives,0.5,0.75,308
Reconnaissance,2026,0.05,fusion_ae_plain_latent,retained_benign_negatives,0.75,1.0,225
Reconnaissance,2026,0.05,fusion_ae_plain_latent,retained_benign_negatives,1.0,1.25,0
Reconnaissance,2026,0.05,fusion_ae_plain_latent,retained_benign_negatives,1.25,inf,0
Reconnaissance,2026,0.05,selective_fusion,recovered_attacks,0.0,0.25,0
Reconnaissance,2026,0.05,selective_fusion,recovered_attacks,0.25,0.5,0
Reconnaissance,2026,0.05,selective_fusion,recovered_attacks,0.5,0.75,1
Reconnaissance,2026,0.05,selective_fusion,recovered_attacks,0.75,1.0,8
Reconnaissance,2026,0.05,selective_fusion,recovered_attacks,1.0,1.25,0
Reconnaissance,2026,0.05,selective_fusion,recovered_attacks,1.25,inf,0
Reconnaissance,2026,0.05,selective_fusion,lost_attacks,0.0,0.25,0
Reconnaissance,2026,0.05,selective_fusion,lost_attacks,0.25,0.5,0
Reconnaissance,2026,0.05,selective_fusion,lost_attacks,0.5,0.75,0
Reconnaissance,2026,0.05,selective_fusion,lost_attacks,0.75,1.0,0
Reconnaissance,2026,0.05,selective_fusion,lost_attacks,1.0,1.25,0
Reconnaissance,2026,0.05,selective_fusion,lost_attacks,1.25,inf,0
Reconnaissance,2026,0.05,selective_fusion,removed_false_alarms,0.0,0.25,0
Reconnaissance,2026,0.05,selective_fusion,removed_false_alarms,0.25,0.5,0
Reconnaissance,2026,0.05,selective_fusion,removed_false_alarms,0.5,0.75,0
Reconnaissance,2026,0.05,selective_fusion,removed_false_alarms,0.75,1.0,0
Reconnaissance,2026,0.05,selective_fusion,removed_false_alarms,1.0,1.25,0
Reconnaissance,2026,0.05,selective_fusion,removed_false_alarms,1.25,inf,0
Reconnaissance,2026,0.05,selective_fusion,added_false_alarms,0.0,0.25,0
Reconnaissance,2026,0.05,selective_fusion,added_false_alarms,0.25,0.5,0
Reconnaissance,2026,0.05,selective_fusion,added_false_alarms,0.5,0.75,0
Reconnaissance,2026,0.05,selective_fusion,added_false_alarms,0.75,1.0,0
Reconnaissance,2026,0.05,selective_fusion,added_false_alarms,1.0,1.25,0
Reconnaissance,2026,0.05,selective_fusion,added_false_alarms,1.25,inf,0
Reconnaissance,2026,0.05,selective_fusion,persistent_attack_misses,0.0,0.25,363
Reconnaissance,2026,0.05,selective_fusion,persistent_attack_misses,0.25,0.5,314
Reconnaissance,2026,0.05,selective_fusion,persistent_attack_misses,0.5,0.75,559
Reconnaissance,2026,0.05,selective_fusion,persistent_attack_misses,0.75,1.0,963
Reconnaissance,2026,0.05,selective_fusion,persistent_attack_misses,1.0,1.25,0
Reconnaissance,2026,0.05,selective_fusion,persistent_attack_misses,1.25,inf,0
Reconnaissance,2026,0.05,selective_fusion,retained_attack_detections,0.0,0.25,0
Reconnaissance,2026,0.05,selective_fusion,retained_attack_detections,0.25,0.5,0
Reconnaissance,2026,0.05,selective_fusion,retained_attack_detections,0.5,0.75,0
Reconnaissance,2026,0.05,selective_fusion,retained_attack_detections,0.75,1.0,0
Reconnaissance,2026,0.05,selective_fusion,retained_attack_detections,1.0,1.25,2012
Reconnaissance,2026,0.05,selective_fusion,retained_attack_detections,1.25,inf,45317
Reconnaissance,2026,0.05,selective_fusion,persistent_false_alarms,0.0,0.25,0
Reconnaissance,2026,0.05,selective_fusion,persistent_false_alarms,0.25,0.5,0
Reconnaissance,2026,0.05,selective_fusion,persistent_false_alarms,0.5,0.75,0
Reconnaissance,2026,0.05,selective_fusion,persistent_false_alarms,0.75,1.0,0
Reconnaissance,2026,0.05,selective_fusion,persistent_false_alarms,1.0,1.25,182
Reconnaissance,2026,0.05,selective_fusion,persistent_false_alarms,1.25,inf,244
Reconnaissance,2026,0.05,selective_fusion,retained_benign_negatives,0.0,0.25,7012
Reconnaissance,2026,0.05,selective_fusion,retained_benign_negatives,0.25,0.5,391
Reconnaissance,2026,0.05,selective_fusion,retained_benign_negatives,0.5,0.75,308
Reconnaissance,2026,0.05,selective_fusion,retained_benign_negatives,0.75,1.0,247
Reconnaissance,2026,0.05,selective_fusion,retained_benign_negatives,1.0,1.25,0
Reconnaissance,2026,0.05,selective_fusion,retained_benign_negatives,1.25,inf,0
DoS,42,0.01,fusion_ae_plain_latent,recovered_attacks,0.0,0.25,0
DoS,42,0.01,fusion_ae_plain_latent,recovered_attacks,0.25,0.5,0
DoS,42,0.01,fusion_ae_plain_latent,recovered_attacks,0.5,0.75,4
DoS,42,0.01,fusion_ae_plain_latent,recovered_attacks,0.75,1.0,1257
DoS,42,0.01,fusion_ae_plain_latent,recovered_attacks,1.0,1.25,0
DoS,42,0.01,fusion_ae_plain_latent,recovered_attacks,1.25,inf,0
DoS,42,0.01,fusion_ae_plain_latent,lost_attacks,0.0,0.25,0
DoS,42,0.01,fusion_ae_plain_latent,lost_attacks,0.25,0.5,0
DoS,42,0.01,fusion_ae_plain_latent,lost_attacks,0.5,0.75,0
DoS,42,0.01,fusion_ae_plain_latent,lost_attacks,0.75,1.0,0
DoS,42,0.01,fusion_ae_plain_latent,lost_attacks,1.0,1.25,169
DoS,42,0.01,fusion_ae_plain_latent,lost_attacks,1.25,inf,0
DoS,42,0.01,fusion_ae_plain_latent,removed_false_alarms,0.0,0.25,0
DoS,42,0.01,fusion_ae_plain_latent,removed_false_alarms,0.25,0.5,0
DoS,42,0.01,fusion_ae_plain_latent,removed_false_alarms,0.5,0.75,0
DoS,42,0.01,fusion_ae_plain_latent,removed_false_alarms,0.75,1.0,0
DoS,42,0.01,fusion_ae_plain_latent,removed_false_alarms,1.0,1.25,14
DoS,42,0.01,fusion_ae_plain_latent,removed_false_alarms,1.25,inf,0
DoS,42,0.01,fusion_ae_plain_latent,added_false_alarms,0.0,0.25,0
DoS,42,0.01,fusion_ae_plain_latent,added_false_alarms,0.25,0.5,0
DoS,42,0.01,fusion_ae_plain_latent,added_false_alarms,0.5,0.75,0
DoS,42,0.01,fusion_ae_plain_latent,added_false_alarms,0.75,1.0,18
DoS,42,0.01,fusion_ae_plain_latent,added_false_alarms,1.0,1.25,0
DoS,42,0.01,fusion_ae_plain_latent,added_false_alarms,1.25,inf,0
DoS,42,0.01,fusion_ae_plain_latent,persistent_attack_misses,0.0,0.25,227
DoS,42,0.01,fusion_ae_plain_latent,persistent_attack_misses,0.25,0.5,524
DoS,42,0.01,fusion_ae_plain_latent,persistent_attack_misses,0.5,0.75,852
DoS,42,0.01,fusion_ae_plain_latent,persistent_attack_misses,0.75,1.0,1616
DoS,42,0.01,fusion_ae_plain_latent,persistent_attack_misses,1.0,1.25,0
DoS,42,0.01,fusion_ae_plain_latent,persistent_attack_misses,1.25,inf,0
DoS,42,0.01,fusion_ae_plain_latent,retained_attack_detections,0.0,0.25,0
DoS,42,0.01,fusion_ae_plain_latent,retained_attack_detections,0.25,0.5,0
DoS,42,0.01,fusion_ae_plain_latent,retained_attack_detections,0.5,0.75,0
DoS,42,0.01,fusion_ae_plain_latent,retained_attack_detections,0.75,1.0,0
DoS,42,0.01,fusion_ae_plain_latent,retained_attack_detections,1.0,1.25,39982
DoS,42,0.01,fusion_ae_plain_latent,retained_attack_detections,1.25,inf,0
DoS,42,0.01,fusion_ae_plain_latent,persistent_false_alarms,0.0,0.25,0
DoS,42,0.01,fusion_ae_plain_latent,persistent_false_alarms,0.25,0.5,0
DoS,42,0.01,fusion_ae_plain_latent,persistent_false_alarms,0.5,0.75,0
DoS,42,0.01,fusion_ae_plain_latent,persistent_false_alarms,0.75,1.0,0
DoS,42,0.01,fusion_ae_plain_latent,persistent_false_alarms,1.0,1.25,68
DoS,42,0.01,fusion_ae_plain_latent,persistent_false_alarms,1.25,inf,0
DoS,42,0.01,fusion_ae_plain_latent,retained_benign_negatives,0.0,0.25,7145
DoS,42,0.01,fusion_ae_plain_latent,retained_benign_negatives,0.25,0.5,468
DoS,42,0.01,fusion_ae_plain_latent,retained_benign_negatives,0.5,0.75,367
DoS,42,0.01,fusion_ae_plain_latent,retained_benign_negatives,0.75,1.0,205
DoS,42,0.01,fusion_ae_plain_latent,retained_benign_negatives,1.0,1.25,0
DoS,42,0.01,fusion_ae_plain_latent,retained_benign_negatives,1.25,inf,0
DoS,42,0.01,selective_fusion,recovered_attacks,0.0,0.25,0
DoS,42,0.01,selective_fusion,recovered_attacks,0.25,0.5,0
DoS,42,0.01,selective_fusion,recovered_attacks,0.5,0.75,0
DoS,42,0.01,selective_fusion,recovered_attacks,0.75,1.0,0
DoS,42,0.01,selective_fusion,recovered_attacks,1.0,1.25,0
DoS,42,0.01,selective_fusion,recovered_attacks,1.25,inf,0
DoS,42,0.01,selective_fusion,lost_attacks,0.0,0.25,0
DoS,42,0.01,selective_fusion,lost_attacks,0.25,0.5,0
DoS,42,0.01,selective_fusion,lost_attacks,0.5,0.75,0
DoS,42,0.01,selective_fusion,lost_attacks,0.75,1.0,0
DoS,42,0.01,selective_fusion,lost_attacks,1.0,1.25,0
DoS,42,0.01,selective_fusion,lost_attacks,1.25,inf,0
DoS,42,0.01,selective_fusion,removed_false_alarms,0.0,0.25,0
DoS,42,0.01,selective_fusion,removed_false_alarms,0.25,0.5,0
DoS,42,0.01,selective_fusion,removed_false_alarms,0.5,0.75,0
DoS,42,0.01,selective_fusion,removed_false_alarms,0.75,1.0,0
DoS,42,0.01,selective_fusion,removed_false_alarms,1.0,1.25,0
DoS,42,0.01,selective_fusion,removed_false_alarms,1.25,inf,0
DoS,42,0.01,selective_fusion,added_false_alarms,0.0,0.25,0
DoS,42,0.01,selective_fusion,added_false_alarms,0.25,0.5,0
DoS,42,0.01,selective_fusion,added_false_alarms,0.5,0.75,0
DoS,42,0.01,selective_fusion,added_false_alarms,0.75,1.0,0
DoS,42,0.01,selective_fusion,added_false_alarms,1.0,1.25,0
DoS,42,0.01,selective_fusion,added_false_alarms,1.25,inf,0
DoS,42,0.01,selective_fusion,persistent_attack_misses,0.0,0.25,227
DoS,42,0.01,selective_fusion,persistent_attack_misses,0.25,0.5,524
DoS,42,0.01,selective_fusion,persistent_attack_misses,0.5,0.75,856
DoS,42,0.01,selective_fusion,persistent_attack_misses,0.75,1.0,2873
DoS,42,0.01,selective_fusion,persistent_attack_misses,1.0,1.25,0
DoS,42,0.01,selective_fusion,persistent_attack_misses,1.25,inf,0
DoS,42,0.01,selective_fusion,retained_attack_detections,0.0,0.25,0
DoS,42,0.01,selective_fusion,retained_attack_detections,0.25,0.5,0
DoS,42,0.01,selective_fusion,retained_attack_detections,0.5,0.75,0
DoS,42,0.01,selective_fusion,retained_attack_detections,0.75,1.0,0
DoS,42,0.01,selective_fusion,retained_attack_detections,1.0,1.25,40151
DoS,42,0.01,selective_fusion,retained_attack_detections,1.25,inf,0
DoS,42,0.01,selective_fusion,persistent_false_alarms,0.0,0.25,0
DoS,42,0.01,selective_fusion,persistent_false_alarms,0.25,0.5,0
DoS,42,0.01,selective_fusion,persistent_false_alarms,0.5,0.75,0
DoS,42,0.01,selective_fusion,persistent_false_alarms,0.75,1.0,0
DoS,42,0.01,selective_fusion,persistent_false_alarms,1.0,1.25,82
DoS,42,0.01,selective_fusion,persistent_false_alarms,1.25,inf,0
DoS,42,0.01,selective_fusion,retained_benign_negatives,0.0,0.25,7145
DoS,42,0.01,selective_fusion,retained_benign_negatives,0.25,0.5,468
DoS,42,0.01,selective_fusion,retained_benign_negatives,0.5,0.75,367
DoS,42,0.01,selective_fusion,retained_benign_negatives,0.75,1.0,223
DoS,42,0.01,selective_fusion,retained_benign_negatives,1.0,1.25,0
DoS,42,0.01,selective_fusion,retained_benign_negatives,1.25,inf,0
DoS,42,0.03,fusion_ae_plain_latent,recovered_attacks,0.0,0.25,0
DoS,42,0.03,fusion_ae_plain_latent,recovered_attacks,0.25,0.5,0
DoS,42,0.03,fusion_ae_plain_latent,recovered_attacks,0.5,0.75,0
DoS,42,0.03,fusion_ae_plain_latent,recovered_attacks,0.75,1.0,138
DoS,42,0.03,fusion_ae_plain_latent,recovered_attacks,1.0,1.25,0
DoS,42,0.03,fusion_ae_plain_latent,recovered_attacks,1.25,inf,0
DoS,42,0.03,fusion_ae_plain_latent,lost_attacks,0.0,0.25,0
DoS,42,0.03,fusion_ae_plain_latent,lost_attacks,0.25,0.5,0
DoS,42,0.03,fusion_ae_plain_latent,lost_attacks,0.5,0.75,0
DoS,42,0.03,fusion_ae_plain_latent,lost_attacks,0.75,1.0,0
DoS,42,0.03,fusion_ae_plain_latent,lost_attacks,1.0,1.25,50
DoS,42,0.03,fusion_ae_plain_latent,lost_attacks,1.25,inf,0
DoS,42,0.03,fusion_ae_plain_latent,removed_false_alarms,0.0,0.25,0
DoS,42,0.03,fusion_ae_plain_latent,removed_false_alarms,0.25,0.5,0
DoS,42,0.03,fusion_ae_plain_latent,removed_false_alarms,0.5,0.75,0
DoS,42,0.03,fusion_ae_plain_latent,removed_false_alarms,0.75,1.0,0
DoS,42,0.03,fusion_ae_plain_latent,removed_false_alarms,1.0,1.25,19
DoS,42,0.03,fusion_ae_plain_latent,removed_false_alarms,1.25,inf,0
DoS,42,0.03,fusion_ae_plain_latent,added_false_alarms,0.0,0.25,0
DoS,42,0.03,fusion_ae_plain_latent,added_false_alarms,0.25,0.5,0
DoS,42,0.03,fusion_ae_plain_latent,added_false_alarms,0.5,0.75,1
DoS,42,0.03,fusion_ae_plain_latent,added_false_alarms,0.75,1.0,21
DoS,42,0.03,fusion_ae_plain_latent,added_false_alarms,1.0,1.25,0
DoS,42,0.03,fusion_ae_plain_latent,added_false_alarms,1.25,inf,0
DoS,42,0.03,fusion_ae_plain_latent,persistent_attack_misses,0.0,0.25,154
DoS,42,0.03,fusion_ae_plain_latent,persistent_attack_misses,0.25,0.5,375
DoS,42,0.03,fusion_ae_plain_latent,persistent_attack_misses,0.5,0.75,504
DoS,42,0.03,fusion_ae_plain_latent,persistent_attack_misses,0.75,1.0,770
DoS,42,0.03,fusion_ae_plain_latent,persistent_attack_misses,1.0,1.25,0
DoS,42,0.03,fusion_ae_plain_latent,persistent_attack_misses,1.25,inf,0
DoS,42,0.03,fusion_ae_plain_latent,retained_attack_detections,0.0,0.25,0
DoS,42,0.03,fusion_ae_plain_latent,retained_attack_detections,0.25,0.5,0
DoS,42,0.03,fusion_ae_plain_latent,retained_attack_detections,0.5,0.75,0
DoS,42,0.03,fusion_ae_plain_latent,retained_attack_detections,0.75,1.0,0
DoS,42,0.03,fusion_ae_plain_latent,retained_attack_detections,1.0,1.25,3722
DoS,42,0.03,fusion_ae_plain_latent,retained_attack_detections,1.25,inf,38918
DoS,42,0.03,fusion_ae_plain_latent,persistent_false_alarms,0.0,0.25,0
DoS,42,0.03,fusion_ae_plain_latent,persistent_false_alarms,0.25,0.5,0
DoS,42,0.03,fusion_ae_plain_latent,persistent_false_alarms,0.5,0.75,0
DoS,42,0.03,fusion_ae_plain_latent,persistent_false_alarms,0.75,1.0,0
DoS,42,0.03,fusion_ae_plain_latent,persistent_false_alarms,1.0,1.25,147
DoS,42,0.03,fusion_ae_plain_latent,persistent_false_alarms,1.25,inf,71
DoS,42,0.03,fusion_ae_plain_latent,retained_benign_negatives,0.0,0.25,7017
DoS,42,0.03,fusion_ae_plain_latent,retained_benign_negatives,0.25,0.5,451
DoS,42,0.03,fusion_ae_plain_latent,retained_benign_negatives,0.5,0.75,309
DoS,42,0.03,fusion_ae_plain_latent,retained_benign_negatives,0.75,1.0,249
DoS,42,0.03,fusion_ae_plain_latent,retained_benign_negatives,1.0,1.25,0
DoS,42,0.03,fusion_ae_plain_latent,retained_benign_negatives,1.25,inf,0
DoS,42,0.03,selective_fusion,recovered_attacks,0.0,0.25,0
DoS,42,0.03,selective_fusion,recovered_attacks,0.25,0.5,0
DoS,42,0.03,selective_fusion,recovered_attacks,0.5,0.75,0
DoS,42,0.03,selective_fusion,recovered_attacks,0.75,1.0,2
DoS,42,0.03,selective_fusion,recovered_attacks,1.0,1.25,0
DoS,42,0.03,selective_fusion,recovered_attacks,1.25,inf,0
DoS,42,0.03,selective_fusion,lost_attacks,0.0,0.25,0
DoS,42,0.03,selective_fusion,lost_attacks,0.25,0.5,0
DoS,42,0.03,selective_fusion,lost_attacks,0.5,0.75,0
DoS,42,0.03,selective_fusion,lost_attacks,0.75,1.0,0
DoS,42,0.03,selective_fusion,lost_attacks,1.0,1.25,0
DoS,42,0.03,selective_fusion,lost_attacks,1.25,inf,0
DoS,42,0.03,selective_fusion,removed_false_alarms,0.0,0.25,0
DoS,42,0.03,selective_fusion,removed_false_alarms,0.25,0.5,0
DoS,42,0.03,selective_fusion,removed_false_alarms,0.5,0.75,0
DoS,42,0.03,selective_fusion,removed_false_alarms,0.75,1.0,0
DoS,42,0.03,selective_fusion,removed_false_alarms,1.0,1.25,0
DoS,42,0.03,selective_fusion,removed_false_alarms,1.25,inf,0
DoS,42,0.03,selective_fusion,added_false_alarms,0.0,0.25,0
DoS,42,0.03,selective_fusion,added_false_alarms,0.25,0.5,0
DoS,42,0.03,selective_fusion,added_false_alarms,0.5,0.75,0
DoS,42,0.03,selective_fusion,added_false_alarms,0.75,1.0,1
DoS,42,0.03,selective_fusion,added_false_alarms,1.0,1.25,0
DoS,42,0.03,selective_fusion,added_false_alarms,1.25,inf,0
DoS,42,0.03,selective_fusion,persistent_attack_misses,0.0,0.25,154
DoS,42,0.03,selective_fusion,persistent_attack_misses,0.25,0.5,375
DoS,42,0.03,selective_fusion,persistent_attack_misses,0.5,0.75,504
DoS,42,0.03,selective_fusion,persistent_attack_misses,0.75,1.0,906
DoS,42,0.03,selective_fusion,persistent_attack_misses,1.0,1.25,0
DoS,42,0.03,selective_fusion,persistent_attack_misses,1.25,inf,0
DoS,42,0.03,selective_fusion,retained_attack_detections,0.0,0.25,0
DoS,42,0.03,selective_fusion,retained_attack_detections,0.25,0.5,0
DoS,42,0.03,selective_fusion,retained_attack_detections,0.5,0.75,0
DoS,42,0.03,selective_fusion,retained_attack_detections,0.75,1.0,0
DoS,42,0.03,selective_fusion,retained_attack_detections,1.0,1.25,3772
DoS,42,0.03,selective_fusion,retained_attack_detections,1.25,inf,38918
DoS,42,0.03,selective_fusion,persistent_false_alarms,0.0,0.25,0
DoS,42,0.03,selective_fusion,persistent_false_alarms,0.25,0.5,0
DoS,42,0.03,selective_fusion,persistent_false_alarms,0.5,0.75,0
DoS,42,0.03,selective_fusion,persistent_false_alarms,0.75,1.0,0
DoS,42,0.03,selective_fusion,persistent_false_alarms,1.0,1.25,166
DoS,42,0.03,selective_fusion,persistent_false_alarms,1.25,inf,71
DoS,42,0.03,selective_fusion,retained_benign_negatives,0.0,0.25,7017
DoS,42,0.03,selective_fusion,retained_benign_negatives,0.25,0.5,451
DoS,42,0.03,selective_fusion,retained_benign_negatives,0.5,0.75,310
DoS,42,0.03,selective_fusion,retained_benign_negatives,0.75,1.0,269
DoS,42,0.03,selective_fusion,retained_benign_negatives,1.0,1.25,0
DoS,42,0.03,selective_fusion,retained_benign_negatives,1.25,inf,0
DoS,42,0.05,fusion_ae_plain_latent,recovered_attacks,0.0,0.25,0
DoS,42,0.05,fusion_ae_plain_latent,recovered_attacks,0.25,0.5,0
DoS,42,0.05,fusion_ae_plain_latent,recovered_attacks,0.5,0.75,1
DoS,42,0.05,fusion_ae_plain_latent,recovered_attacks,0.75,1.0,120
DoS,42,0.05,fusion_ae_plain_latent,recovered_attacks,1.0,1.25,0
DoS,42,0.05,fusion_ae_plain_latent,recovered_attacks,1.25,inf,0
DoS,42,0.05,fusion_ae_plain_latent,lost_attacks,0.0,0.25,0
DoS,42,0.05,fusion_ae_plain_latent,lost_attacks,0.25,0.5,0
DoS,42,0.05,fusion_ae_plain_latent,lost_attacks,0.5,0.75,0
DoS,42,0.05,fusion_ae_plain_latent,lost_attacks,0.75,1.0,0
DoS,42,0.05,fusion_ae_plain_latent,lost_attacks,1.0,1.25,57
DoS,42,0.05,fusion_ae_plain_latent,lost_attacks,1.25,inf,0
DoS,42,0.05,fusion_ae_plain_latent,removed_false_alarms,0.0,0.25,0
DoS,42,0.05,fusion_ae_plain_latent,removed_false_alarms,0.25,0.5,0
DoS,42,0.05,fusion_ae_plain_latent,removed_false_alarms,0.5,0.75,0
DoS,42,0.05,fusion_ae_plain_latent,removed_false_alarms,0.75,1.0,0
DoS,42,0.05,fusion_ae_plain_latent,removed_false_alarms,1.0,1.25,28
DoS,42,0.05,fusion_ae_plain_latent,removed_false_alarms,1.25,inf,0
DoS,42,0.05,fusion_ae_plain_latent,added_false_alarms,0.0,0.25,0
DoS,42,0.05,fusion_ae_plain_latent,added_false_alarms,0.25,0.5,0
DoS,42,0.05,fusion_ae_plain_latent,added_false_alarms,0.5,0.75,1
DoS,42,0.05,fusion_ae_plain_latent,added_false_alarms,0.75,1.0,29
DoS,42,0.05,fusion_ae_plain_latent,added_false_alarms,1.0,1.25,0
DoS,42,0.05,fusion_ae_plain_latent,added_false_alarms,1.25,inf,0
DoS,42,0.05,fusion_ae_plain_latent,persistent_attack_misses,0.0,0.25,100
DoS,42,0.05,fusion_ae_plain_latent,persistent_attack_misses,0.25,0.5,258
DoS,42,0.05,fusion_ae_plain_latent,persistent_attack_misses,0.5,0.75,390
DoS,42,0.05,fusion_ae_plain_latent,persistent_attack_misses,0.75,1.0,374
DoS,42,0.05,fusion_ae_plain_latent,persistent_attack_misses,1.0,1.25,0
DoS,42,0.05,fusion_ae_plain_latent,persistent_attack_misses,1.25,inf,0
DoS,42,0.05,fusion_ae_plain_latent,retained_attack_detections,0.0,0.25,0
DoS,42,0.05,fusion_ae_plain_latent,retained_attack_detections,0.25,0.5,0
DoS,42,0.05,fusion_ae_plain_latent,retained_attack_detections,0.5,0.75,0
DoS,42,0.05,fusion_ae_plain_latent,retained_attack_detections,0.75,1.0,0
DoS,42,0.05,fusion_ae_plain_latent,retained_attack_detections,1.0,1.25,785
DoS,42,0.05,fusion_ae_plain_latent,retained_attack_detections,1.25,inf,42546
DoS,42,0.05,fusion_ae_plain_latent,persistent_false_alarms,0.0,0.25,0
DoS,42,0.05,fusion_ae_plain_latent,persistent_false_alarms,0.25,0.5,0
DoS,42,0.05,fusion_ae_plain_latent,persistent_false_alarms,0.5,0.75,0
DoS,42,0.05,fusion_ae_plain_latent,persistent_false_alarms,0.75,1.0,0
DoS,42,0.05,fusion_ae_plain_latent,persistent_false_alarms,1.0,1.25,178
DoS,42,0.05,fusion_ae_plain_latent,persistent_false_alarms,1.25,inf,217
DoS,42,0.05,fusion_ae_plain_latent,retained_benign_negatives,0.0,0.25,6917
DoS,42,0.05,fusion_ae_plain_latent,retained_benign_negatives,0.25,0.5,406
DoS,42,0.05,fusion_ae_plain_latent,retained_benign_negatives,0.5,0.75,285
DoS,42,0.05,fusion_ae_plain_latent,retained_benign_negatives,0.75,1.0,224
DoS,42,0.05,fusion_ae_plain_latent,retained_benign_negatives,1.0,1.25,0
DoS,42,0.05,fusion_ae_plain_latent,retained_benign_negatives,1.25,inf,0
DoS,42,0.05,selective_fusion,recovered_attacks,0.0,0.25,0
DoS,42,0.05,selective_fusion,recovered_attacks,0.25,0.5,0
DoS,42,0.05,selective_fusion,recovered_attacks,0.5,0.75,0
DoS,42,0.05,selective_fusion,recovered_attacks,0.75,1.0,18
DoS,42,0.05,selective_fusion,recovered_attacks,1.0,1.25,0
DoS,42,0.05,selective_fusion,recovered_attacks,1.25,inf,0
DoS,42,0.05,selective_fusion,lost_attacks,0.0,0.25,0
DoS,42,0.05,selective_fusion,lost_attacks,0.25,0.5,0
DoS,42,0.05,selective_fusion,lost_attacks,0.5,0.75,0
DoS,42,0.05,selective_fusion,lost_attacks,0.75,1.0,0
DoS,42,0.05,selective_fusion,lost_attacks,1.0,1.25,0
DoS,42,0.05,selective_fusion,lost_attacks,1.25,inf,0
DoS,42,0.05,selective_fusion,removed_false_alarms,0.0,0.25,0
DoS,42,0.05,selective_fusion,removed_false_alarms,0.25,0.5,0
DoS,42,0.05,selective_fusion,removed_false_alarms,0.5,0.75,0
DoS,42,0.05,selective_fusion,removed_false_alarms,0.75,1.0,0
DoS,42,0.05,selective_fusion,removed_false_alarms,1.0,1.25,0
DoS,42,0.05,selective_fusion,removed_false_alarms,1.25,inf,0
DoS,42,0.05,selective_fusion,added_false_alarms,0.0,0.25,0
DoS,42,0.05,selective_fusion,added_false_alarms,0.25,0.5,0
DoS,42,0.05,selective_fusion,added_false_alarms,0.5,0.75,0
DoS,42,0.05,selective_fusion,added_false_alarms,0.75,1.0,6
DoS,42,0.05,selective_fusion,added_false_alarms,1.0,1.25,0
DoS,42,0.05,selective_fusion,added_false_alarms,1.25,inf,0
DoS,42,0.05,selective_fusion,persistent_attack_misses,0.0,0.25,100
DoS,42,0.05,selective_fusion,persistent_attack_misses,0.25,0.5,258
DoS,42,0.05,selective_fusion,persistent_attack_misses,0.5,0.75,391
DoS,42,0.05,selective_fusion,persistent_attack_misses,0.75,1.0,476
DoS,42,0.05,selective_fusion,persistent_attack_misses,1.0,1.25,0
DoS,42,0.05,selective_fusion,persistent_attack_misses,1.25,inf,0
DoS,42,0.05,selective_fusion,retained_attack_detections,0.0,0.25,0
DoS,42,0.05,selective_fusion,retained_attack_detections,0.25,0.5,0
DoS,42,0.05,selective_fusion,retained_attack_detections,0.5,0.75,0
DoS,42,0.05,selective_fusion,retained_attack_detections,0.75,1.0,0
DoS,42,0.05,selective_fusion,retained_attack_detections,1.0,1.25,842
DoS,42,0.05,selective_fusion,retained_attack_detections,1.25,inf,42546
DoS,42,0.05,selective_fusion,persistent_false_alarms,0.0,0.25,0
DoS,42,0.05,selective_fusion,persistent_false_alarms,0.25,0.5,0
DoS,42,0.05,selective_fusion,persistent_false_alarms,0.5,0.75,0
DoS,42,0.05,selective_fusion,persistent_false_alarms,0.75,1.0,0
DoS,42,0.05,selective_fusion,persistent_false_alarms,1.0,1.25,206
DoS,42,0.05,selective_fusion,persistent_false_alarms,1.25,inf,217
DoS,42,0.05,selective_fusion,retained_benign_negatives,0.0,0.25,6917
DoS,42,0.05,selective_fusion,retained_benign_negatives,0.25,0.5,406
DoS,42,0.05,selective_fusion,retained_benign_negatives,0.5,0.75,286
DoS,42,0.05,selective_fusion,retained_benign_negatives,0.75,1.0,247
DoS,42,0.05,selective_fusion,retained_benign_negatives,1.0,1.25,0
DoS,42,0.05,selective_fusion,retained_benign_negatives,1.25,inf,0
DoS,123,0.01,fusion_ae_plain_latent,recovered_attacks,0.0,0.25,0
DoS,123,0.01,fusion_ae_plain_latent,recovered_attacks,0.25,0.5,0
DoS,123,0.01,fusion_ae_plain_latent,recovered_attacks,0.5,0.75,6
DoS,123,0.01,fusion_ae_plain_latent,recovered_attacks,0.75,1.0,194
DoS,123,0.01,fusion_ae_plain_latent,recovered_attacks,1.0,1.25,0
DoS,123,0.01,fusion_ae_plain_latent,recovered_attacks,1.25,inf,0
DoS,123,0.01,fusion_ae_plain_latent,lost_attacks,0.0,0.25,0
DoS,123,0.01,fusion_ae_plain_latent,lost_attacks,0.25,0.5,0
DoS,123,0.01,fusion_ae_plain_latent,lost_attacks,0.5,0.75,0
DoS,123,0.01,fusion_ae_plain_latent,lost_attacks,0.75,1.0,0
DoS,123,0.01,fusion_ae_plain_latent,lost_attacks,1.0,1.25,2360
DoS,123,0.01,fusion_ae_plain_latent,lost_attacks,1.25,inf,0
DoS,123,0.01,fusion_ae_plain_latent,removed_false_alarms,0.0,0.25,0
DoS,123,0.01,fusion_ae_plain_latent,removed_false_alarms,0.25,0.5,0
DoS,123,0.01,fusion_ae_plain_latent,removed_false_alarms,0.5,0.75,0
DoS,123,0.01,fusion_ae_plain_latent,removed_false_alarms,0.75,1.0,0
DoS,123,0.01,fusion_ae_plain_latent,removed_false_alarms,1.0,1.25,30
DoS,123,0.01,fusion_ae_plain_latent,removed_false_alarms,1.25,inf,0
DoS,123,0.01,fusion_ae_plain_latent,added_false_alarms,0.0,0.25,0
DoS,123,0.01,fusion_ae_plain_latent,added_false_alarms,0.25,0.5,0
DoS,123,0.01,fusion_ae_plain_latent,added_false_alarms,0.5,0.75,0
DoS,123,0.01,fusion_ae_plain_latent,added_false_alarms,0.75,1.0,6
DoS,123,0.01,fusion_ae_plain_latent,added_false_alarms,1.0,1.25,0
DoS,123,0.01,fusion_ae_plain_latent,added_false_alarms,1.25,inf,0
DoS,123,0.01,fusion_ae_plain_latent,persistent_attack_misses,0.0,0.25,286
DoS,123,0.01,fusion_ae_plain_latent,persistent_attack_misses,0.25,0.5,660
DoS,123,0.01,fusion_ae_plain_latent,persistent_attack_misses,0.5,0.75,767
DoS,123,0.01,fusion_ae_plain_latent,persistent_attack_misses,0.75,1.0,3870
DoS,123,0.01,fusion_ae_plain_latent,persistent_attack_misses,1.0,1.25,0
DoS,123,0.01,fusion_ae_plain_latent,persistent_attack_misses,1.25,inf,0
DoS,123,0.01,fusion_ae_plain_latent,retained_attack_detections,0.0,0.25,0
DoS,123,0.01,fusion_ae_plain_latent,retained_attack_detections,0.25,0.5,0
DoS,123,0.01,fusion_ae_plain_latent,retained_attack_detections,0.5,0.75,0
DoS,123,0.01,fusion_ae_plain_latent,retained_attack_detections,0.75,1.0,0
DoS,123,0.01,fusion_ae_plain_latent,retained_attack_detections,1.0,1.25,36205
DoS,123,0.01,fusion_ae_plain_latent,retained_attack_detections,1.25,inf,0
DoS,123,0.01,fusion_ae_plain_latent,persistent_false_alarms,0.0,0.25,0
DoS,123,0.01,fusion_ae_plain_latent,persistent_false_alarms,0.25,0.5,0
DoS,123,0.01,fusion_ae_plain_latent,persistent_false_alarms,0.5,0.75,0
DoS,123,0.01,fusion_ae_plain_latent,persistent_false_alarms,0.75,1.0,0
DoS,123,0.01,fusion_ae_plain_latent,persistent_false_alarms,1.0,1.25,48
DoS,123,0.01,fusion_ae_plain_latent,persistent_false_alarms,1.25,inf,0
DoS,123,0.01,fusion_ae_plain_latent,retained_benign_negatives,0.0,0.25,7163
DoS,123,0.01,fusion_ae_plain_latent,retained_benign_negatives,0.25,0.5,481
DoS,123,0.01,fusion_ae_plain_latent,retained_benign_negatives,0.5,0.75,340
DoS,123,0.01,fusion_ae_plain_latent,retained_benign_negatives,0.75,1.0,233
DoS,123,0.01,fusion_ae_plain_latent,retained_benign_negatives,1.0,1.25,0
DoS,123,0.01,fusion_ae_plain_latent,retained_benign_negatives,1.25,inf,0
DoS,123,0.01,selective_fusion,recovered_attacks,0.0,0.25,0
DoS,123,0.01,selective_fusion,recovered_attacks,0.25,0.5,0
DoS,123,0.01,selective_fusion,recovered_attacks,0.5,0.75,0
DoS,123,0.01,selective_fusion,recovered_attacks,0.75,1.0,0
DoS,123,0.01,selective_fusion,recovered_attacks,1.0,1.25,0
DoS,123,0.01,selective_fusion,recovered_attacks,1.25,inf,0
DoS,123,0.01,selective_fusion,lost_attacks,0.0,0.25,0
DoS,123,0.01,selective_fusion,lost_attacks,0.25,0.5,0
DoS,123,0.01,selective_fusion,lost_attacks,0.5,0.75,0
DoS,123,0.01,selective_fusion,lost_attacks,0.75,1.0,0
DoS,123,0.01,selective_fusion,lost_attacks,1.0,1.25,0
DoS,123,0.01,selective_fusion,lost_attacks,1.25,inf,0
DoS,123,0.01,selective_fusion,removed_false_alarms,0.0,0.25,0
DoS,123,0.01,selective_fusion,removed_false_alarms,0.25,0.5,0
DoS,123,0.01,selective_fusion,removed_false_alarms,0.5,0.75,0
DoS,123,0.01,selective_fusion,removed_false_alarms,0.75,1.0,0
DoS,123,0.01,selective_fusion,removed_false_alarms,1.0,1.25,0
DoS,123,0.01,selective_fusion,removed_false_alarms,1.25,inf,0
DoS,123,0.01,selective_fusion,added_false_alarms,0.0,0.25,0
DoS,123,0.01,selective_fusion,added_false_alarms,0.25,0.5,0
DoS,123,0.01,selective_fusion,added_false_alarms,0.5,0.75,0
DoS,123,0.01,selective_fusion,added_false_alarms,0.75,1.0,0
DoS,123,0.01,selective_fusion,added_false_alarms,1.0,1.25,0
DoS,123,0.01,selective_fusion,added_false_alarms,1.25,inf,0
DoS,123,0.01,selective_fusion,persistent_attack_misses,0.0,0.25,286
DoS,123,0.01,selective_fusion,persistent_attack_misses,0.25,0.5,660
DoS,123,0.01,selective_fusion,persistent_attack_misses,0.5,0.75,773
DoS,123,0.01,selective_fusion,persistent_attack_misses,0.75,1.0,4064
DoS,123,0.01,selective_fusion,persistent_attack_misses,1.0,1.25,0
DoS,123,0.01,selective_fusion,persistent_attack_misses,1.25,inf,0
DoS,123,0.01,selective_fusion,retained_attack_detections,0.0,0.25,0
DoS,123,0.01,selective_fusion,retained_attack_detections,0.25,0.5,0
DoS,123,0.01,selective_fusion,retained_attack_detections,0.5,0.75,0
DoS,123,0.01,selective_fusion,retained_attack_detections,0.75,1.0,0
DoS,123,0.01,selective_fusion,retained_attack_detections,1.0,1.25,38565
DoS,123,0.01,selective_fusion,retained_attack_detections,1.25,inf,0
DoS,123,0.01,selective_fusion,persistent_false_alarms,0.0,0.25,0
DoS,123,0.01,selective_fusion,persistent_false_alarms,0.25,0.5,0
DoS,123,0.01,selective_fusion,persistent_false_alarms,0.5,0.75,0
DoS,123,0.01,selective_fusion,persistent_false_alarms,0.75,1.0,0
DoS,123,0.01,selective_fusion,persistent_false_alarms,1.0,1.25,78
DoS,123,0.01,selective_fusion,persistent_false_alarms,1.25,inf,0
DoS,123,0.01,selective_fusion,retained_benign_negatives,0.0,0.25,7163
DoS,123,0.01,selective_fusion,retained_benign_negatives,0.25,0.5,481
DoS,123,0.01,selective_fusion,retained_benign_negatives,0.5,0.75,340
DoS,123,0.01,selective_fusion,retained_benign_negatives,0.75,1.0,239
DoS,123,0.01,selective_fusion,retained_benign_negatives,1.0,1.25,0
DoS,123,0.01,selective_fusion,retained_benign_negatives,1.25,inf,0
DoS,123,0.03,fusion_ae_plain_latent,recovered_attacks,0.0,0.25,0
DoS,123,0.03,fusion_ae_plain_latent,recovered_attacks,0.25,0.5,0
DoS,123,0.03,fusion_ae_plain_latent,recovered_attacks,0.5,0.75,2
DoS,123,0.03,fusion_ae_plain_latent,recovered_attacks,0.75,1.0,166
DoS,123,0.03,fusion_ae_plain_latent,recovered_attacks,1.0,1.25,0
DoS,123,0.03,fusion_ae_plain_latent,recovered_attacks,1.25,inf,0
DoS,123,0.03,fusion_ae_plain_latent,lost_attacks,0.0,0.25,0
DoS,123,0.03,fusion_ae_plain_latent,lost_attacks,0.25,0.5,0
DoS,123,0.03,fusion_ae_plain_latent,lost_attacks,0.5,0.75,0
DoS,123,0.03,fusion_ae_plain_latent,lost_attacks,0.75,1.0,0
DoS,123,0.03,fusion_ae_plain_latent,lost_attacks,1.0,1.25,71
DoS,123,0.03,fusion_ae_plain_latent,lost_attacks,1.25,inf,0
DoS,123,0.03,fusion_ae_plain_latent,removed_false_alarms,0.0,0.25,0
DoS,123,0.03,fusion_ae_plain_latent,removed_false_alarms,0.25,0.5,0
DoS,123,0.03,fusion_ae_plain_latent,removed_false_alarms,0.5,0.75,0
DoS,123,0.03,fusion_ae_plain_latent,removed_false_alarms,0.75,1.0,0
DoS,123,0.03,fusion_ae_plain_latent,removed_false_alarms,1.0,1.25,20
DoS,123,0.03,fusion_ae_plain_latent,removed_false_alarms,1.25,inf,0
DoS,123,0.03,fusion_ae_plain_latent,added_false_alarms,0.0,0.25,1
DoS,123,0.03,fusion_ae_plain_latent,added_false_alarms,0.25,0.5,0
DoS,123,0.03,fusion_ae_plain_latent,added_false_alarms,0.5,0.75,6
DoS,123,0.03,fusion_ae_plain_latent,added_false_alarms,0.75,1.0,18
DoS,123,0.03,fusion_ae_plain_latent,added_false_alarms,1.0,1.25,0
DoS,123,0.03,fusion_ae_plain_latent,added_false_alarms,1.25,inf,0
DoS,123,0.03,fusion_ae_plain_latent,persistent_attack_misses,0.0,0.25,217
DoS,123,0.03,fusion_ae_plain_latent,persistent_attack_misses,0.25,0.5,450
DoS,123,0.03,fusion_ae_plain_latent,persistent_attack_misses,0.5,0.75,645
DoS,123,0.03,fusion_ae_plain_latent,persistent_attack_misses,0.75,1.0,823
DoS,123,0.03,fusion_ae_plain_latent,persistent_attack_misses,1.0,1.25,0
DoS,123,0.03,fusion_ae_plain_latent,persistent_attack_misses,1.25,inf,0
DoS,123,0.03,fusion_ae_plain_latent,retained_attack_detections,0.0,0.25,0
DoS,123,0.03,fusion_ae_plain_latent,retained_attack_detections,0.25,0.5,0
DoS,123,0.03,fusion_ae_plain_latent,retained_attack_detections,0.5,0.75,0
DoS,123,0.03,fusion_ae_plain_latent,retained_attack_detections,0.75,1.0,0
DoS,123,0.03,fusion_ae_plain_latent,retained_attack_detections,1.0,1.25,6555
DoS,123,0.03,fusion_ae_plain_latent,retained_attack_detections,1.25,inf,35419
DoS,123,0.03,fusion_ae_plain_latent,persistent_false_alarms,0.0,0.25,0
DoS,123,0.03,fusion_ae_plain_latent,persistent_false_alarms,0.25,0.5,0
DoS,123,0.03,fusion_ae_plain_latent,persistent_false_alarms,0.5,0.75,0
DoS,123,0.03,fusion_ae_plain_latent,persistent_false_alarms,0.75,1.0,0
DoS,123,0.03,fusion_ae_plain_latent,persistent_false_alarms,1.0,1.25,145
DoS,123,0.03,fusion_ae_plain_latent,persistent_false_alarms,1.25,inf,40
DoS,123,0.03,fusion_ae_plain_latent,retained_benign_negatives,0.0,0.25,7061
DoS,123,0.03,fusion_ae_plain_latent,retained_benign_negatives,0.25,0.5,452
DoS,123,0.03,fusion_ae_plain_latent,retained_benign_negatives,0.5,0.75,316
DoS,123,0.03,fusion_ae_plain_latent,retained_benign_negatives,0.75,1.0,242
DoS,123,0.03,fusion_ae_plain_latent,retained_benign_negatives,1.0,1.25,0
DoS,123,0.03,fusion_ae_plain_latent,retained_benign_negatives,1.25,inf,0
DoS,123,0.03,selective_fusion,recovered_attacks,0.0,0.25,0
DoS,123,0.03,selective_fusion,recovered_attacks,0.25,0.5,0
DoS,123,0.03,selective_fusion,recovered_attacks,0.5,0.75,0
DoS,123,0.03,selective_fusion,recovered_attacks,0.75,1.0,9
DoS,123,0.03,selective_fusion,recovered_attacks,1.0,1.25,0
DoS,123,0.03,selective_fusion,recovered_attacks,1.25,inf,0
DoS,123,0.03,selective_fusion,lost_attacks,0.0,0.25,0
DoS,123,0.03,selective_fusion,lost_attacks,0.25,0.5,0
DoS,123,0.03,selective_fusion,lost_attacks,0.5,0.75,0
DoS,123,0.03,selective_fusion,lost_attacks,0.75,1.0,0
DoS,123,0.03,selective_fusion,lost_attacks,1.0,1.25,0
DoS,123,0.03,selective_fusion,lost_attacks,1.25,inf,0
DoS,123,0.03,selective_fusion,removed_false_alarms,0.0,0.25,0
DoS,123,0.03,selective_fusion,removed_false_alarms,0.25,0.5,0
DoS,123,0.03,selective_fusion,removed_false_alarms,0.5,0.75,0
DoS,123,0.03,selective_fusion,removed_false_alarms,0.75,1.0,0
DoS,123,0.03,selective_fusion,removed_false_alarms,1.0,1.25,0
DoS,123,0.03,selective_fusion,removed_false_alarms,1.25,inf,0
DoS,123,0.03,selective_fusion,added_false_alarms,0.0,0.25,1
DoS,123,0.03,selective_fusion,added_false_alarms,0.25,0.5,0
DoS,123,0.03,selective_fusion,added_false_alarms,0.5,0.75,0
DoS,123,0.03,selective_fusion,added_false_alarms,0.75,1.0,0
DoS,123,0.03,selective_fusion,added_false_alarms,1.0,1.25,0
DoS,123,0.03,selective_fusion,added_false_alarms,1.25,inf,0
DoS,123,0.03,selective_fusion,persistent_attack_misses,0.0,0.25,217
DoS,123,0.03,selective_fusion,persistent_attack_misses,0.25,0.5,450
DoS,123,0.03,selective_fusion,persistent_attack_misses,0.5,0.75,647
DoS,123,0.03,selective_fusion,persistent_attack_misses,0.75,1.0,980
DoS,123,0.03,selective_fusion,persistent_attack_misses,1.0,1.25,0
DoS,123,0.03,selective_fusion,persistent_attack_misses,1.25,inf,0
DoS,123,0.03,selective_fusion,retained_attack_detections,0.0,0.25,0
DoS,123,0.03,selective_fusion,retained_attack_detections,0.25,0.5,0
DoS,123,0.03,selective_fusion,retained_attack_detections,0.5,0.75,0
DoS,123,0.03,selective_fusion,retained_attack_detections,0.75,1.0,0
DoS,123,0.03,selective_fusion,retained_attack_detections,1.0,1.25,6626
DoS,123,0.03,selective_fusion,retained_attack_detections,1.25,inf,35419
DoS,123,0.03,selective_fusion,persistent_false_alarms,0.0,0.25,0
DoS,123,0.03,selective_fusion,persistent_false_alarms,0.25,0.5,0
DoS,123,0.03,selective_fusion,persistent_false_alarms,0.5,0.75,0
DoS,123,0.03,selective_fusion,persistent_false_alarms,0.75,1.0,0
DoS,123,0.03,selective_fusion,persistent_false_alarms,1.0,1.25,165
DoS,123,0.03,selective_fusion,persistent_false_alarms,1.25,inf,40
DoS,123,0.03,selective_fusion,retained_benign_negatives,0.0,0.25,7061
DoS,123,0.03,selective_fusion,retained_benign_negatives,0.25,0.5,452
DoS,123,0.03,selective_fusion,retained_benign_negatives,0.5,0.75,322
DoS,123,0.03,selective_fusion,retained_benign_negatives,0.75,1.0,260
DoS,123,0.03,selective_fusion,retained_benign_negatives,1.0,1.25,0
DoS,123,0.03,selective_fusion,retained_benign_negatives,1.25,inf,0
DoS,123,0.05,fusion_ae_plain_latent,recovered_attacks,0.0,0.25,0
DoS,123,0.05,fusion_ae_plain_latent,recovered_attacks,0.25,0.5,0
DoS,123,0.05,fusion_ae_plain_latent,recovered_attacks,0.5,0.75,0
DoS,123,0.05,fusion_ae_plain_latent,recovered_attacks,0.75,1.0,75
DoS,123,0.05,fusion_ae_plain_latent,recovered_attacks,1.0,1.25,0
DoS,123,0.05,fusion_ae_plain_latent,recovered_attacks,1.25,inf,0
DoS,123,0.05,fusion_ae_plain_latent,lost_attacks,0.0,0.25,0
DoS,123,0.05,fusion_ae_plain_latent,lost_attacks,0.25,0.5,0
DoS,123,0.05,fusion_ae_plain_latent,lost_attacks,0.5,0.75,0
DoS,123,0.05,fusion_ae_plain_latent,lost_attacks,0.75,1.0,0
DoS,123,0.05,fusion_ae_plain_latent,lost_attacks,1.0,1.25,60
DoS,123,0.05,fusion_ae_plain_latent,lost_attacks,1.25,inf,0
DoS,123,0.05,fusion_ae_plain_latent,removed_false_alarms,0.0,0.25,0
DoS,123,0.05,fusion_ae_plain_latent,removed_false_alarms,0.25,0.5,0
DoS,123,0.05,fusion_ae_plain_latent,removed_false_alarms,0.5,0.75,0
DoS,123,0.05,fusion_ae_plain_latent,removed_false_alarms,0.75,1.0,0
DoS,123,0.05,fusion_ae_plain_latent,removed_false_alarms,1.0,1.25,16
DoS,123,0.05,fusion_ae_plain_latent,removed_false_alarms,1.25,inf,0
DoS,123,0.05,fusion_ae_plain_latent,added_false_alarms,0.0,0.25,2
DoS,123,0.05,fusion_ae_plain_latent,added_false_alarms,0.25,0.5,0
DoS,123,0.05,fusion_ae_plain_latent,added_false_alarms,0.5,0.75,0
DoS,123,0.05,fusion_ae_plain_latent,added_false_alarms,0.75,1.0,18
DoS,123,0.05,fusion_ae_plain_latent,added_false_alarms,1.0,1.25,0
DoS,123,0.05,fusion_ae_plain_latent,added_false_alarms,1.25,inf,0
DoS,123,0.05,fusion_ae_plain_latent,persistent_attack_misses,0.0,0.25,155
DoS,123,0.05,fusion_ae_plain_latent,persistent_attack_misses,0.25,0.5,270
DoS,123,0.05,fusion_ae_plain_latent,persistent_attack_misses,0.5,0.75,627
DoS,123,0.05,fusion_ae_plain_latent,persistent_attack_misses,0.75,1.0,461
DoS,123,0.05,fusion_ae_plain_latent,persistent_attack_misses,1.0,1.25,0
DoS,123,0.05,fusion_ae_plain_latent,persistent_attack_misses,1.25,inf,0
DoS,123,0.05,fusion_ae_plain_latent,retained_attack_detections,0.0,0.25,0
DoS,123,0.05,fusion_ae_plain_latent,retained_attack_detections,0.25,0.5,0
DoS,123,0.05,fusion_ae_plain_latent,retained_attack_detections,0.5,0.75,0
DoS,123,0.05,fusion_ae_plain_latent,retained_attack_detections,0.75,1.0,0
DoS,123,0.05,fusion_ae_plain_latent,retained_attack_detections,1.0,1.25,1035
DoS,123,0.05,fusion_ae_plain_latent,retained_attack_detections,1.25,inf,41665
DoS,123,0.05,fusion_ae_plain_latent,persistent_false_alarms,0.0,0.25,0
DoS,123,0.05,fusion_ae_plain_latent,persistent_false_alarms,0.25,0.5,0
DoS,123,0.05,fusion_ae_plain_latent,persistent_false_alarms,0.5,0.75,0
DoS,123,0.05,fusion_ae_plain_latent,persistent_false_alarms,0.75,1.0,0
DoS,123,0.05,fusion_ae_plain_latent,persistent_false_alarms,1.0,1.25,186
DoS,123,0.05,fusion_ae_plain_latent,persistent_false_alarms,1.25,inf,164
DoS,123,0.05,fusion_ae_plain_latent,retained_benign_negatives,0.0,0.25,6972
DoS,123,0.05,fusion_ae_plain_latent,retained_benign_negatives,0.25,0.5,441
DoS,123,0.05,fusion_ae_plain_latent,retained_benign_negatives,0.5,0.75,279
DoS,123,0.05,fusion_ae_plain_latent,retained_benign_negatives,0.75,1.0,223
DoS,123,0.05,fusion_ae_plain_latent,retained_benign_negatives,1.0,1.25,0
DoS,123,0.05,fusion_ae_plain_latent,retained_benign_negatives,1.25,inf,0
DoS,123,0.05,selective_fusion,recovered_attacks,0.0,0.25,0
DoS,123,0.05,selective_fusion,recovered_attacks,0.25,0.5,0
DoS,123,0.05,selective_fusion,recovered_attacks,0.5,0.75,0
DoS,123,0.05,selective_fusion,recovered_attacks,0.75,1.0,6
DoS,123,0.05,selective_fusion,recovered_attacks,1.0,1.25,0
DoS,123,0.05,selective_fusion,recovered_attacks,1.25,inf,0
DoS,123,0.05,selective_fusion,lost_attacks,0.0,0.25,0
DoS,123,0.05,selective_fusion,lost_attacks,0.25,0.5,0
DoS,123,0.05,selective_fusion,lost_attacks,0.5,0.75,0
DoS,123,0.05,selective_fusion,lost_attacks,0.75,1.0,0
DoS,123,0.05,selective_fusion,lost_attacks,1.0,1.25,0
DoS,123,0.05,selective_fusion,lost_attacks,1.25,inf,0
DoS,123,0.05,selective_fusion,removed_false_alarms,0.0,0.25,0
DoS,123,0.05,selective_fusion,removed_false_alarms,0.25,0.5,0
DoS,123,0.05,selective_fusion,removed_false_alarms,0.5,0.75,0
DoS,123,0.05,selective_fusion,removed_false_alarms,0.75,1.0,0
DoS,123,0.05,selective_fusion,removed_false_alarms,1.0,1.25,0
DoS,123,0.05,selective_fusion,removed_false_alarms,1.25,inf,0
DoS,123,0.05,selective_fusion,added_false_alarms,0.0,0.25,2
DoS,123,0.05,selective_fusion,added_false_alarms,0.25,0.5,0
DoS,123,0.05,selective_fusion,added_false_alarms,0.5,0.75,0
DoS,123,0.05,selective_fusion,added_false_alarms,0.75,1.0,3
DoS,123,0.05,selective_fusion,added_false_alarms,1.0,1.25,0
DoS,123,0.05,selective_fusion,added_false_alarms,1.25,inf,0
DoS,123,0.05,selective_fusion,persistent_attack_misses,0.0,0.25,155
DoS,123,0.05,selective_fusion,persistent_attack_misses,0.25,0.5,270
DoS,123,0.05,selective_fusion,persistent_attack_misses,0.5,0.75,627
DoS,123,0.05,selective_fusion,persistent_attack_misses,0.75,1.0,530
DoS,123,0.05,selective_fusion,persistent_attack_misses,1.0,1.25,0
DoS,123,0.05,selective_fusion,persistent_attack_misses,1.25,inf,0
DoS,123,0.05,selective_fusion,retained_attack_detections,0.0,0.25,0
DoS,123,0.05,selective_fusion,retained_attack_detections,0.25,0.5,0
DoS,123,0.05,selective_fusion,retained_attack_detections,0.5,0.75,0
DoS,123,0.05,selective_fusion,retained_attack_detections,0.75,1.0,0
DoS,123,0.05,selective_fusion,retained_attack_detections,1.0,1.25,1095
DoS,123,0.05,selective_fusion,retained_attack_detections,1.25,inf,41665
DoS,123,0.05,selective_fusion,persistent_false_alarms,0.0,0.25,0
DoS,123,0.05,selective_fusion,persistent_false_alarms,0.25,0.5,0
DoS,123,0.05,selective_fusion,persistent_false_alarms,0.5,0.75,0
DoS,123,0.05,selective_fusion,persistent_false_alarms,0.75,1.0,0
DoS,123,0.05,selective_fusion,persistent_false_alarms,1.0,1.25,202
DoS,123,0.05,selective_fusion,persistent_false_alarms,1.25,inf,164
DoS,123,0.05,selective_fusion,retained_benign_negatives,0.0,0.25,6972
DoS,123,0.05,selective_fusion,retained_benign_negatives,0.25,0.5,441
DoS,123,0.05,selective_fusion,retained_benign_negatives,0.5,0.75,279
DoS,123,0.05,selective_fusion,retained_benign_negatives,0.75,1.0,238
DoS,123,0.05,selective_fusion,retained_benign_negatives,1.0,1.25,0
DoS,123,0.05,selective_fusion,retained_benign_negatives,1.25,inf,0
DoS,2026,0.01,fusion_ae_plain_latent,recovered_attacks,0.0,0.25,0
DoS,2026,0.01,fusion_ae_plain_latent,recovered_attacks,0.25,0.5,0
DoS,2026,0.01,fusion_ae_plain_latent,recovered_attacks,0.5,0.75,1
DoS,2026,0.01,fusion_ae_plain_latent,recovered_attacks,0.75,1.0,337
DoS,2026,0.01,fusion_ae_plain_latent,recovered_attacks,1.0,1.25,0
DoS,2026,0.01,fusion_ae_plain_latent,recovered_attacks,1.25,inf,0
DoS,2026,0.01,fusion_ae_plain_latent,lost_attacks,0.0,0.25,0
DoS,2026,0.01,fusion_ae_plain_latent,lost_attacks,0.25,0.5,0
DoS,2026,0.01,fusion_ae_plain_latent,lost_attacks,0.5,0.75,0
DoS,2026,0.01,fusion_ae_plain_latent,lost_attacks,0.75,1.0,0
DoS,2026,0.01,fusion_ae_plain_latent,lost_attacks,1.0,1.25,114
DoS,2026,0.01,fusion_ae_plain_latent,lost_attacks,1.25,inf,0
DoS,2026,0.01,fusion_ae_plain_latent,removed_false_alarms,0.0,0.25,0
DoS,2026,0.01,fusion_ae_plain_latent,removed_false_alarms,0.25,0.5,0
DoS,2026,0.01,fusion_ae_plain_latent,removed_false_alarms,0.5,0.75,0
DoS,2026,0.01,fusion_ae_plain_latent,removed_false_alarms,0.75,1.0,0
DoS,2026,0.01,fusion_ae_plain_latent,removed_false_alarms,1.0,1.25,23
DoS,2026,0.01,fusion_ae_plain_latent,removed_false_alarms,1.25,inf,0
DoS,2026,0.01,fusion_ae_plain_latent,added_false_alarms,0.0,0.25,0
DoS,2026,0.01,fusion_ae_plain_latent,added_false_alarms,0.25,0.5,0
DoS,2026,0.01,fusion_ae_plain_latent,added_false_alarms,0.5,0.75,0
DoS,2026,0.01,fusion_ae_plain_latent,added_false_alarms,0.75,1.0,19
DoS,2026,0.01,fusion_ae_plain_latent,added_false_alarms,1.0,1.25,0
DoS,2026,0.01,fusion_ae_plain_latent,added_false_alarms,1.25,inf,0
DoS,2026,0.01,fusion_ae_plain_latent,persistent_attack_misses,0.0,0.25,324
DoS,2026,0.01,fusion_ae_plain_latent,persistent_attack_misses,0.25,0.5,351
DoS,2026,0.01,fusion_ae_plain_latent,persistent_attack_misses,0.5,0.75,918
DoS,2026,0.01,fusion_ae_plain_latent,persistent_attack_misses,0.75,1.0,1128
DoS,2026,0.01,fusion_ae_plain_latent,persistent_attack_misses,1.0,1.25,0
DoS,2026,0.01,fusion_ae_plain_latent,persistent_attack_misses,1.25,inf,0
DoS,2026,0.01,fusion_ae_plain_latent,retained_attack_detections,0.0,0.25,0
DoS,2026,0.01,fusion_ae_plain_latent,retained_attack_detections,0.25,0.5,0
DoS,2026,0.01,fusion_ae_plain_latent,retained_attack_detections,0.5,0.75,0
DoS,2026,0.01,fusion_ae_plain_latent,retained_attack_detections,0.75,1.0,0
DoS,2026,0.01,fusion_ae_plain_latent,retained_attack_detections,1.0,1.25,40893
DoS,2026,0.01,fusion_ae_plain_latent,retained_attack_detections,1.25,inf,0
DoS,2026,0.01,fusion_ae_plain_latent,persistent_false_alarms,0.0,0.25,0
DoS,2026,0.01,fusion_ae_plain_latent,persistent_false_alarms,0.25,0.5,0
DoS,2026,0.01,fusion_ae_plain_latent,persistent_false_alarms,0.5,0.75,0
DoS,2026,0.01,fusion_ae_plain_latent,persistent_false_alarms,0.75,1.0,0
DoS,2026,0.01,fusion_ae_plain_latent,persistent_false_alarms,1.0,1.25,114
DoS,2026,0.01,fusion_ae_plain_latent,persistent_false_alarms,1.25,inf,0
DoS,2026,0.01,fusion_ae_plain_latent,retained_benign_negatives,0.0,0.25,7209
DoS,2026,0.01,fusion_ae_plain_latent,retained_benign_negatives,0.25,0.5,501
DoS,2026,0.01,fusion_ae_plain_latent,retained_benign_negatives,0.5,0.75,336
DoS,2026,0.01,fusion_ae_plain_latent,retained_benign_negatives,0.75,1.0,178
DoS,2026,0.01,fusion_ae_plain_latent,retained_benign_negatives,1.0,1.25,0
DoS,2026,0.01,fusion_ae_plain_latent,retained_benign_negatives,1.25,inf,0
DoS,2026,0.01,selective_fusion,recovered_attacks,0.0,0.25,0
DoS,2026,0.01,selective_fusion,recovered_attacks,0.25,0.5,0
DoS,2026,0.01,selective_fusion,recovered_attacks,0.5,0.75,0
DoS,2026,0.01,selective_fusion,recovered_attacks,0.75,1.0,9
DoS,2026,0.01,selective_fusion,recovered_attacks,1.0,1.25,0
DoS,2026,0.01,selective_fusion,recovered_attacks,1.25,inf,0
DoS,2026,0.01,selective_fusion,lost_attacks,0.0,0.25,0
DoS,2026,0.01,selective_fusion,lost_attacks,0.25,0.5,0
DoS,2026,0.01,selective_fusion,lost_attacks,0.5,0.75,0
DoS,2026,0.01,selective_fusion,lost_attacks,0.75,1.0,0
DoS,2026,0.01,selective_fusion,lost_attacks,1.0,1.25,0
DoS,2026,0.01,selective_fusion,lost_attacks,1.25,inf,0
DoS,2026,0.01,selective_fusion,removed_false_alarms,0.0,0.25,0
DoS,2026,0.01,selective_fusion,removed_false_alarms,0.25,0.5,0
DoS,2026,0.01,selective_fusion,removed_false_alarms,0.5,0.75,0
DoS,2026,0.01,selective_fusion,removed_false_alarms,0.75,1.0,0
DoS,2026,0.01,selective_fusion,removed_false_alarms,1.0,1.25,0
DoS,2026,0.01,selective_fusion,removed_false_alarms,1.25,inf,0
DoS,2026,0.01,selective_fusion,added_false_alarms,0.0,0.25,0
DoS,2026,0.01,selective_fusion,added_false_alarms,0.25,0.5,0
DoS,2026,0.01,selective_fusion,added_false_alarms,0.5,0.75,0
DoS,2026,0.01,selective_fusion,added_false_alarms,0.75,1.0,0
DoS,2026,0.01,selective_fusion,added_false_alarms,1.0,1.25,0
DoS,2026,0.01,selective_fusion,added_false_alarms,1.25,inf,0
DoS,2026,0.01,selective_fusion,persistent_attack_misses,0.0,0.25,324
DoS,2026,0.01,selective_fusion,persistent_attack_misses,0.25,0.5,351
DoS,2026,0.01,selective_fusion,persistent_attack_misses,0.5,0.75,919
DoS,2026,0.01,selective_fusion,persistent_attack_misses,0.75,1.0,1456
DoS,2026,0.01,selective_fusion,persistent_attack_misses,1.0,1.25,0
DoS,2026,0.01,selective_fusion,persistent_attack_misses,1.25,inf,0
DoS,2026,0.01,selective_fusion,retained_attack_detections,0.0,0.25,0
DoS,2026,0.01,selective_fusion,retained_attack_detections,0.25,0.5,0
DoS,2026,0.01,selective_fusion,retained_attack_detections,0.5,0.75,0
DoS,2026,0.01,selective_fusion,retained_attack_detections,0.75,1.0,0
DoS,2026,0.01,selective_fusion,retained_attack_detections,1.0,1.25,41007
DoS,2026,0.01,selective_fusion,retained_attack_detections,1.25,inf,0
DoS,2026,0.01,selective_fusion,persistent_false_alarms,0.0,0.25,0
DoS,2026,0.01,selective_fusion,persistent_false_alarms,0.25,0.5,0
DoS,2026,0.01,selective_fusion,persistent_false_alarms,0.5,0.75,0
DoS,2026,0.01,selective_fusion,persistent_false_alarms,0.75,1.0,0
DoS,2026,0.01,selective_fusion,persistent_false_alarms,1.0,1.25,137
DoS,2026,0.01,selective_fusion,persistent_false_alarms,1.25,inf,0
DoS,2026,0.01,selective_fusion,retained_benign_negatives,0.0,0.25,7209
DoS,2026,0.01,selective_fusion,retained_benign_negatives,0.25,0.5,501
DoS,2026,0.01,selective_fusion,retained_benign_negatives,0.5,0.75,336
DoS,2026,0.01,selective_fusion,retained_benign_negatives,0.75,1.0,197
DoS,2026,0.01,selective_fusion,retained_benign_negatives,1.0,1.25,0
DoS,2026,0.01,selective_fusion,retained_benign_negatives,1.25,inf,0
DoS,2026,0.03,fusion_ae_plain_latent,recovered_attacks,0.0,0.25,0
DoS,2026,0.03,fusion_ae_plain_latent,recovered_attacks,0.25,0.5,0
DoS,2026,0.03,fusion_ae_plain_latent,recovered_attacks,0.5,0.75,2
DoS,2026,0.03,fusion_ae_plain_latent,recovered_attacks,0.75,1.0,66
DoS,2026,0.03,fusion_ae_plain_latent,recovered_attacks,1.0,1.25,0
DoS,2026,0.03,fusion_ae_plain_latent,recovered_attacks,1.25,inf,0
DoS,2026,0.03,fusion_ae_plain_latent,lost_attacks,0.0,0.25,0
DoS,2026,0.03,fusion_ae_plain_latent,lost_attacks,0.25,0.5,0
DoS,2026,0.03,fusion_ae_plain_latent,lost_attacks,0.5,0.75,0
DoS,2026,0.03,fusion_ae_plain_latent,lost_attacks,0.75,1.0,0
DoS,2026,0.03,fusion_ae_plain_latent,lost_attacks,1.0,1.25,54
DoS,2026,0.03,fusion_ae_plain_latent,lost_attacks,1.25,inf,0
DoS,2026,0.03,fusion_ae_plain_latent,removed_false_alarms,0.0,0.25,0
DoS,2026,0.03,fusion_ae_plain_latent,removed_false_alarms,0.25,0.5,0
DoS,2026,0.03,fusion_ae_plain_latent,removed_false_alarms,0.5,0.75,0
DoS,2026,0.03,fusion_ae_plain_latent,removed_false_alarms,0.75,1.0,0
DoS,2026,0.03,fusion_ae_plain_latent,removed_false_alarms,1.0,1.25,11
DoS,2026,0.03,fusion_ae_plain_latent,removed_false_alarms,1.25,inf,0
DoS,2026,0.03,fusion_ae_plain_latent,added_false_alarms,0.0,0.25,0
DoS,2026,0.03,fusion_ae_plain_latent,added_false_alarms,0.25,0.5,0
DoS,2026,0.03,fusion_ae_plain_latent,added_false_alarms,0.5,0.75,1
DoS,2026,0.03,fusion_ae_plain_latent,added_false_alarms,0.75,1.0,23
DoS,2026,0.03,fusion_ae_plain_latent,added_false_alarms,1.0,1.25,0
DoS,2026,0.03,fusion_ae_plain_latent,added_false_alarms,1.25,inf,0
DoS,2026,0.03,fusion_ae_plain_latent,persistent_attack_misses,0.0,0.25,267
DoS,2026,0.03,fusion_ae_plain_latent,persistent_attack_misses,0.25,0.5,232
DoS,2026,0.03,fusion_ae_plain_latent,persistent_attack_misses,0.5,0.75,535
DoS,2026,0.03,fusion_ae_plain_latent,persistent_attack_misses,0.75,1.0,646
DoS,2026,0.03,fusion_ae_plain_latent,persistent_attack_misses,1.0,1.25,0
DoS,2026,0.03,fusion_ae_plain_latent,persistent_attack_misses,1.25,inf,0
DoS,2026,0.03,fusion_ae_plain_latent,retained_attack_detections,0.0,0.25,0
DoS,2026,0.03,fusion_ae_plain_latent,retained_attack_detections,0.25,0.5,0
DoS,2026,0.03,fusion_ae_plain_latent,retained_attack_detections,0.5,0.75,0
DoS,2026,0.03,fusion_ae_plain_latent,retained_attack_detections,0.75,1.0,0
DoS,2026,0.03,fusion_ae_plain_latent,retained_attack_detections,1.0,1.25,1330
DoS,2026,0.03,fusion_ae_plain_latent,retained_attack_detections,1.25,inf,40934
DoS,2026,0.03,fusion_ae_plain_latent,persistent_false_alarms,0.0,0.25,0
DoS,2026,0.03,fusion_ae_plain_latent,persistent_false_alarms,0.25,0.5,0
DoS,2026,0.03,fusion_ae_plain_latent,persistent_false_alarms,0.5,0.75,0
DoS,2026,0.03,fusion_ae_plain_latent,persistent_false_alarms,0.75,1.0,0
DoS,2026,0.03,fusion_ae_plain_latent,persistent_false_alarms,1.0,1.25,139
DoS,2026,0.03,fusion_ae_plain_latent,persistent_false_alarms,1.25,inf,136
DoS,2026,0.03,fusion_ae_plain_latent,retained_benign_negatives,0.0,0.25,7072
DoS,2026,0.03,fusion_ae_plain_latent,retained_benign_negatives,0.25,0.5,446
DoS,2026,0.03,fusion_ae_plain_latent,retained_benign_negatives,0.5,0.75,336
DoS,2026,0.03,fusion_ae_plain_latent,retained_benign_negatives,0.75,1.0,216
DoS,2026,0.03,fusion_ae_plain_latent,retained_benign_negatives,1.0,1.25,0
DoS,2026,0.03,fusion_ae_plain_latent,retained_benign_negatives,1.25,inf,0
DoS,2026,0.03,selective_fusion,recovered_attacks,0.0,0.25,0
DoS,2026,0.03,selective_fusion,recovered_attacks,0.25,0.5,0
DoS,2026,0.03,selective_fusion,recovered_attacks,0.5,0.75,0
DoS,2026,0.03,selective_fusion,recovered_attacks,0.75,1.0,5
DoS,2026,0.03,selective_fusion,recovered_attacks,1.0,1.25,0
DoS,2026,0.03,selective_fusion,recovered_attacks,1.25,inf,0
DoS,2026,0.03,selective_fusion,lost_attacks,0.0,0.25,0
DoS,2026,0.03,selective_fusion,lost_attacks,0.25,0.5,0
DoS,2026,0.03,selective_fusion,lost_attacks,0.5,0.75,0
DoS,2026,0.03,selective_fusion,lost_attacks,0.75,1.0,0
DoS,2026,0.03,selective_fusion,lost_attacks,1.0,1.25,0
DoS,2026,0.03,selective_fusion,lost_attacks,1.25,inf,0
DoS,2026,0.03,selective_fusion,removed_false_alarms,0.0,0.25,0
DoS,2026,0.03,selective_fusion,removed_false_alarms,0.25,0.5,0
DoS,2026,0.03,selective_fusion,removed_false_alarms,0.5,0.75,0
DoS,2026,0.03,selective_fusion,removed_false_alarms,0.75,1.0,0
DoS,2026,0.03,selective_fusion,removed_false_alarms,1.0,1.25,0
DoS,2026,0.03,selective_fusion,removed_false_alarms,1.25,inf,0
DoS,2026,0.03,selective_fusion,added_false_alarms,0.0,0.25,0
DoS,2026,0.03,selective_fusion,added_false_alarms,0.25,0.5,0
DoS,2026,0.03,selective_fusion,added_false_alarms,0.5,0.75,0
DoS,2026,0.03,selective_fusion,added_false_alarms,0.75,1.0,0
DoS,2026,0.03,selective_fusion,added_false_alarms,1.0,1.25,0
DoS,2026,0.03,selective_fusion,added_false_alarms,1.25,inf,0
DoS,2026,0.03,selective_fusion,persistent_attack_misses,0.0,0.25,267
DoS,2026,0.03,selective_fusion,persistent_attack_misses,0.25,0.5,232
DoS,2026,0.03,selective_fusion,persistent_attack_misses,0.5,0.75,537
DoS,2026,0.03,selective_fusion,persistent_attack_misses,0.75,1.0,707
DoS,2026,0.03,selective_fusion,persistent_attack_misses,1.0,1.25,0
DoS,2026,0.03,selective_fusion,persistent_attack_misses,1.25,inf,0
DoS,2026,0.03,selective_fusion,retained_attack_detections,0.0,0.25,0
DoS,2026,0.03,selective_fusion,retained_attack_detections,0.25,0.5,0
DoS,2026,0.03,selective_fusion,retained_attack_detections,0.5,0.75,0
DoS,2026,0.03,selective_fusion,retained_attack_detections,0.75,1.0,0
DoS,2026,0.03,selective_fusion,retained_attack_detections,1.0,1.25,1384
DoS,2026,0.03,selective_fusion,retained_attack_detections,1.25,inf,40934
DoS,2026,0.03,selective_fusion,persistent_false_alarms,0.0,0.25,0
DoS,2026,0.03,selective_fusion,persistent_false_alarms,0.25,0.5,0
DoS,2026,0.03,selective_fusion,persistent_false_alarms,0.5,0.75,0
DoS,2026,0.03,selective_fusion,persistent_false_alarms,0.75,1.0,0
DoS,2026,0.03,selective_fusion,persistent_false_alarms,1.0,1.25,150
DoS,2026,0.03,selective_fusion,persistent_false_alarms,1.25,inf,136
DoS,2026,0.03,selective_fusion,retained_benign_negatives,0.0,0.25,7072
DoS,2026,0.03,selective_fusion,retained_benign_negatives,0.25,0.5,446
DoS,2026,0.03,selective_fusion,retained_benign_negatives,0.5,0.75,337
DoS,2026,0.03,selective_fusion,retained_benign_negatives,0.75,1.0,239
DoS,2026,0.03,selective_fusion,retained_benign_negatives,1.0,1.25,0
DoS,2026,0.03,selective_fusion,retained_benign_negatives,1.25,inf,0
DoS,2026,0.05,fusion_ae_plain_latent,recovered_attacks,0.0,0.25,0
DoS,2026,0.05,fusion_ae_plain_latent,recovered_attacks,0.25,0.5,1
DoS,2026,0.05,fusion_ae_plain_latent,recovered_attacks,0.5,0.75,3
DoS,2026,0.05,fusion_ae_plain_latent,recovered_attacks,0.75,1.0,78
DoS,2026,0.05,fusion_ae_plain_latent,recovered_attacks,1.0,1.25,0
DoS,2026,0.05,fusion_ae_plain_latent,recovered_attacks,1.25,inf,0
DoS,2026,0.05,fusion_ae_plain_latent,lost_attacks,0.0,0.25,0
DoS,2026,0.05,fusion_ae_plain_latent,lost_attacks,0.25,0.5,0
DoS,2026,0.05,fusion_ae_plain_latent,lost_attacks,0.5,0.75,0
DoS,2026,0.05,fusion_ae_plain_latent,lost_attacks,0.75,1.0,0
DoS,2026,0.05,fusion_ae_plain_latent,lost_attacks,1.0,1.25,35
DoS,2026,0.05,fusion_ae_plain_latent,lost_attacks,1.25,inf,0
DoS,2026,0.05,fusion_ae_plain_latent,removed_false_alarms,0.0,0.25,0
DoS,2026,0.05,fusion_ae_plain_latent,removed_false_alarms,0.25,0.5,0
DoS,2026,0.05,fusion_ae_plain_latent,removed_false_alarms,0.5,0.75,0
DoS,2026,0.05,fusion_ae_plain_latent,removed_false_alarms,0.75,1.0,0
DoS,2026,0.05,fusion_ae_plain_latent,removed_false_alarms,1.0,1.25,20
DoS,2026,0.05,fusion_ae_plain_latent,removed_false_alarms,1.25,inf,0
DoS,2026,0.05,fusion_ae_plain_latent,added_false_alarms,0.0,0.25,0
DoS,2026,0.05,fusion_ae_plain_latent,added_false_alarms,0.25,0.5,0
DoS,2026,0.05,fusion_ae_plain_latent,added_false_alarms,0.5,0.75,0
DoS,2026,0.05,fusion_ae_plain_latent,added_false_alarms,0.75,1.0,11
DoS,2026,0.05,fusion_ae_plain_latent,added_false_alarms,1.0,1.25,0
DoS,2026,0.05,fusion_ae_plain_latent,added_false_alarms,1.25,inf,0
DoS,2026,0.05,fusion_ae_plain_latent,persistent_attack_misses,0.0,0.25,224
DoS,2026,0.05,fusion_ae_plain_latent,persistent_attack_misses,0.25,0.5,180
DoS,2026,0.05,fusion_ae_plain_latent,persistent_attack_misses,0.5,0.75,207
DoS,2026,0.05,fusion_ae_plain_latent,persistent_attack_misses,0.75,1.0,562
DoS,2026,0.05,fusion_ae_plain_latent,persistent_attack_misses,1.0,1.25,0
DoS,2026,0.05,fusion_ae_plain_latent,persistent_attack_misses,1.25,inf,0
DoS,2026,0.05,fusion_ae_plain_latent,retained_attack_detections,0.0,0.25,0
DoS,2026,0.05,fusion_ae_plain_latent,retained_attack_detections,0.25,0.5,0
DoS,2026,0.05,fusion_ae_plain_latent,retained_attack_detections,0.5,0.75,0
DoS,2026,0.05,fusion_ae_plain_latent,retained_attack_detections,0.75,1.0,0
DoS,2026,0.05,fusion_ae_plain_latent,retained_attack_detections,1.0,1.25,498
DoS,2026,0.05,fusion_ae_plain_latent,retained_attack_detections,1.25,inf,42278
DoS,2026,0.05,fusion_ae_plain_latent,persistent_false_alarms,0.0,0.25,0
DoS,2026,0.05,fusion_ae_plain_latent,persistent_false_alarms,0.25,0.5,0
DoS,2026,0.05,fusion_ae_plain_latent,persistent_false_alarms,0.5,0.75,0
DoS,2026,0.05,fusion_ae_plain_latent,persistent_false_alarms,0.75,1.0,0
DoS,2026,0.05,fusion_ae_plain_latent,persistent_false_alarms,1.0,1.25,160
DoS,2026,0.05,fusion_ae_plain_latent,persistent_false_alarms,1.25,inf,277
DoS,2026,0.05,fusion_ae_plain_latent,retained_benign_negatives,0.0,0.25,6953
DoS,2026,0.05,fusion_ae_plain_latent,retained_benign_negatives,0.25,0.5,420
DoS,2026,0.05,fusion_ae_plain_latent,retained_benign_negatives,0.5,0.75,318
DoS,2026,0.05,fusion_ae_plain_latent,retained_benign_negatives,0.75,1.0,221
DoS,2026,0.05,fusion_ae_plain_latent,retained_benign_negatives,1.0,1.25,0
DoS,2026,0.05,fusion_ae_plain_latent,retained_benign_negatives,1.25,inf,0
DoS,2026,0.05,selective_fusion,recovered_attacks,0.0,0.25,0
DoS,2026,0.05,selective_fusion,recovered_attacks,0.25,0.5,0
DoS,2026,0.05,selective_fusion,recovered_attacks,0.5,0.75,0
DoS,2026,0.05,selective_fusion,recovered_attacks,0.75,1.0,8
DoS,2026,0.05,selective_fusion,recovered_attacks,1.0,1.25,0
DoS,2026,0.05,selective_fusion,recovered_attacks,1.25,inf,0
DoS,2026,0.05,selective_fusion,lost_attacks,0.0,0.25,0
DoS,2026,0.05,selective_fusion,lost_attacks,0.25,0.5,0
DoS,2026,0.05,selective_fusion,lost_attacks,0.5,0.75,0
DoS,2026,0.05,selective_fusion,lost_attacks,0.75,1.0,0
DoS,2026,0.05,selective_fusion,lost_attacks,1.0,1.25,0
DoS,2026,0.05,selective_fusion,lost_attacks,1.25,inf,0
DoS,2026,0.05,selective_fusion,removed_false_alarms,0.0,0.25,0
DoS,2026,0.05,selective_fusion,removed_false_alarms,0.25,0.5,0
DoS,2026,0.05,selective_fusion,removed_false_alarms,0.5,0.75,0
DoS,2026,0.05,selective_fusion,removed_false_alarms,0.75,1.0,0
DoS,2026,0.05,selective_fusion,removed_false_alarms,1.0,1.25,0
DoS,2026,0.05,selective_fusion,removed_false_alarms,1.25,inf,0
DoS,2026,0.05,selective_fusion,added_false_alarms,0.0,0.25,0
DoS,2026,0.05,selective_fusion,added_false_alarms,0.25,0.5,0
DoS,2026,0.05,selective_fusion,added_false_alarms,0.5,0.75,0
DoS,2026,0.05,selective_fusion,added_false_alarms,0.75,1.0,1
DoS,2026,0.05,selective_fusion,added_false_alarms,1.0,1.25,0
DoS,2026,0.05,selective_fusion,added_false_alarms,1.25,inf,0
DoS,2026,0.05,selective_fusion,persistent_attack_misses,0.0,0.25,224
DoS,2026,0.05,selective_fusion,persistent_attack_misses,0.25,0.5,181
DoS,2026,0.05,selective_fusion,persistent_attack_misses,0.5,0.75,210
DoS,2026,0.05,selective_fusion,persistent_attack_misses,0.75,1.0,632
DoS,2026,0.05,selective_fusion,persistent_attack_misses,1.0,1.25,0
DoS,2026,0.05,selective_fusion,persistent_attack_misses,1.25,inf,0
DoS,2026,0.05,selective_fusion,retained_attack_detections,0.0,0.25,0
DoS,2026,0.05,selective_fusion,retained_attack_detections,0.25,0.5,0
DoS,2026,0.05,selective_fusion,retained_attack_detections,0.5,0.75,0
DoS,2026,0.05,selective_fusion,retained_attack_detections,0.75,1.0,0
DoS,2026,0.05,selective_fusion,retained_attack_detections,1.0,1.25,533
DoS,2026,0.05,selective_fusion,retained_attack_detections,1.25,inf,42278
DoS,2026,0.05,selective_fusion,persistent_false_alarms,0.0,0.25,0
DoS,2026,0.05,selective_fusion,persistent_false_alarms,0.25,0.5,0
DoS,2026,0.05,selective_fusion,persistent_false_alarms,0.5,0.75,0
DoS,2026,0.05,selective_fusion,persistent_false_alarms,0.75,1.0,0
DoS,2026,0.05,selective_fusion,persistent_false_alarms,1.0,1.25,180
DoS,2026,0.05,selective_fusion,persistent_false_alarms,1.25,inf,277
DoS,2026,0.05,selective_fusion,retained_benign_negatives,0.0,0.25,6953
DoS,2026,0.05,selective_fusion,retained_benign_negatives,0.25,0.5,420
DoS,2026,0.05,selective_fusion,retained_benign_negatives,0.5,0.75,318
DoS,2026,0.05,selective_fusion,retained_benign_negatives,0.75,1.0,231
DoS,2026,0.05,selective_fusion,retained_benign_negatives,1.0,1.25,0
DoS,2026,0.05,selective_fusion,retained_benign_negatives,1.25,inf,0
none,42,0.01,fusion_ae_plain_latent,recovered_attacks,0.0,0.25,0
none,42,0.01,fusion_ae_plain_latent,recovered_attacks,0.25,0.5,0
none,42,0.01,fusion_ae_plain_latent,recovered_attacks,0.5,0.75,1
none,42,0.01,fusion_ae_plain_latent,recovered_attacks,0.75,1.0,66
none,42,0.01,fusion_ae_plain_latent,recovered_attacks,1.0,1.25,0
none,42,0.01,fusion_ae_plain_latent,recovered_attacks,1.25,inf,0
none,42,0.01,fusion_ae_plain_latent,lost_attacks,0.0,0.25,0
none,42,0.01,fusion_ae_plain_latent,lost_attacks,0.25,0.5,0
none,42,0.01,fusion_ae_plain_latent,lost_attacks,0.5,0.75,0
none,42,0.01,fusion_ae_plain_latent,lost_attacks,0.75,1.0,0
none,42,0.01,fusion_ae_plain_latent,lost_attacks,1.0,1.25,109
none,42,0.01,fusion_ae_plain_latent,lost_attacks,1.25,inf,0
none,42,0.01,fusion_ae_plain_latent,removed_false_alarms,0.0,0.25,0
none,42,0.01,fusion_ae_plain_latent,removed_false_alarms,0.25,0.5,0
none,42,0.01,fusion_ae_plain_latent,removed_false_alarms,0.5,0.75,0
none,42,0.01,fusion_ae_plain_latent,removed_false_alarms,0.75,1.0,0
none,42,0.01,fusion_ae_plain_latent,removed_false_alarms,1.0,1.25,9
none,42,0.01,fusion_ae_plain_latent,removed_false_alarms,1.25,inf,0
none,42,0.01,fusion_ae_plain_latent,added_false_alarms,0.0,0.25,0
none,42,0.01,fusion_ae_plain_latent,added_false_alarms,0.25,0.5,0
none,42,0.01,fusion_ae_plain_latent,added_false_alarms,0.5,0.75,0
none,42,0.01,fusion_ae_plain_latent,added_false_alarms,0.75,1.0,9
none,42,0.01,fusion_ae_plain_latent,added_false_alarms,1.0,1.25,0
none,42,0.01,fusion_ae_plain_latent,added_false_alarms,1.25,inf,0
none,42,0.01,fusion_ae_plain_latent,persistent_attack_misses,0.0,0.25,163
none,42,0.01,fusion_ae_plain_latent,persistent_attack_misses,0.25,0.5,404
none,42,0.01,fusion_ae_plain_latent,persistent_attack_misses,0.5,0.75,616
none,42,0.01,fusion_ae_plain_latent,persistent_attack_misses,0.75,1.0,798
none,42,0.01,fusion_ae_plain_latent,persistent_attack_misses,1.0,1.25,0
none,42,0.01,fusion_ae_plain_latent,persistent_attack_misses,1.25,inf,0
none,42,0.01,fusion_ae_plain_latent,retained_attack_detections,0.0,0.25,0
none,42,0.01,fusion_ae_plain_latent,retained_attack_detections,0.25,0.5,0
none,42,0.01,fusion_ae_plain_latent,retained_attack_detections,0.5,0.75,0
none,42,0.01,fusion_ae_plain_latent,retained_attack_detections,0.75,1.0,0
none,42,0.01,fusion_ae_plain_latent,retained_attack_detections,1.0,1.25,16128
none,42,0.01,fusion_ae_plain_latent,retained_attack_detections,1.25,inf,0
none,42,0.01,fusion_ae_plain_latent,persistent_false_alarms,0.0,0.25,0
none,42,0.01,fusion_ae_plain_latent,persistent_false_alarms,0.25,0.5,0
none,42,0.01,fusion_ae_plain_latent,persistent_false_alarms,0.5,0.75,0
none,42,0.01,fusion_ae_plain_latent,persistent_false_alarms,0.75,1.0,0
none,42,0.01,fusion_ae_plain_latent,persistent_false_alarms,1.0,1.25,72
none,42,0.01,fusion_ae_plain_latent,persistent_false_alarms,1.25,inf,0
none,42,0.01,fusion_ae_plain_latent,retained_benign_negatives,0.0,0.25,7186
none,42,0.01,fusion_ae_plain_latent,retained_benign_negatives,0.25,0.5,494
none,42,0.01,fusion_ae_plain_latent,retained_benign_negatives,0.5,0.75,333
none,42,0.01,fusion_ae_plain_latent,retained_benign_negatives,0.75,1.0,195
none,42,0.01,fusion_ae_plain_latent,retained_benign_negatives,1.0,1.25,0
none,42,0.01,fusion_ae_plain_latent,retained_benign_negatives,1.25,inf,0
none,42,0.01,selective_fusion,recovered_attacks,0.0,0.25,0
none,42,0.01,selective_fusion,recovered_attacks,0.25,0.5,0
none,42,0.01,selective_fusion,recovered_attacks,0.5,0.75,0
none,42,0.01,selective_fusion,recovered_attacks,0.75,1.0,6
none,42,0.01,selective_fusion,recovered_attacks,1.0,1.25,0
none,42,0.01,selective_fusion,recovered_attacks,1.25,inf,0
none,42,0.01,selective_fusion,lost_attacks,0.0,0.25,0
none,42,0.01,selective_fusion,lost_attacks,0.25,0.5,0
none,42,0.01,selective_fusion,lost_attacks,0.5,0.75,0
none,42,0.01,selective_fusion,lost_attacks,0.75,1.0,0
none,42,0.01,selective_fusion,lost_attacks,1.0,1.25,0
none,42,0.01,selective_fusion,lost_attacks,1.25,inf,0
none,42,0.01,selective_fusion,removed_false_alarms,0.0,0.25,0
none,42,0.01,selective_fusion,removed_false_alarms,0.25,0.5,0
none,42,0.01,selective_fusion,removed_false_alarms,0.5,0.75,0
none,42,0.01,selective_fusion,removed_false_alarms,0.75,1.0,0
none,42,0.01,selective_fusion,removed_false_alarms,1.0,1.25,0
none,42,0.01,selective_fusion,removed_false_alarms,1.25,inf,0
none,42,0.01,selective_fusion,added_false_alarms,0.0,0.25,0
none,42,0.01,selective_fusion,added_false_alarms,0.25,0.5,0
none,42,0.01,selective_fusion,added_false_alarms,0.5,0.75,0
none,42,0.01,selective_fusion,added_false_alarms,0.75,1.0,0
none,42,0.01,selective_fusion,added_false_alarms,1.0,1.25,0
none,42,0.01,selective_fusion,added_false_alarms,1.25,inf,0
none,42,0.01,selective_fusion,persistent_attack_misses,0.0,0.25,163
none,42,0.01,selective_fusion,persistent_attack_misses,0.25,0.5,404
none,42,0.01,selective_fusion,persistent_attack_misses,0.5,0.75,617
none,42,0.01,selective_fusion,persistent_attack_misses,0.75,1.0,858
none,42,0.01,selective_fusion,persistent_attack_misses,1.0,1.25,0
none,42,0.01,selective_fusion,persistent_attack_misses,1.25,inf,0
none,42,0.01,selective_fusion,retained_attack_detections,0.0,0.25,0
none,42,0.01,selective_fusion,retained_attack_detections,0.25,0.5,0
none,42,0.01,selective_fusion,retained_attack_detections,0.5,0.75,0
none,42,0.01,selective_fusion,retained_attack_detections,0.75,1.0,0
none,42,0.01,selective_fusion,retained_attack_detections,1.0,1.25,16237
none,42,0.01,selective_fusion,retained_attack_detections,1.25,inf,0
none,42,0.01,selective_fusion,persistent_false_alarms,0.0,0.25,0
none,42,0.01,selective_fusion,persistent_false_alarms,0.25,0.5,0
none,42,0.01,selective_fusion,persistent_false_alarms,0.5,0.75,0
none,42,0.01,selective_fusion,persistent_false_alarms,0.75,1.0,0
none,42,0.01,selective_fusion,persistent_false_alarms,1.0,1.25,81
none,42,0.01,selective_fusion,persistent_false_alarms,1.25,inf,0
none,42,0.01,selective_fusion,retained_benign_negatives,0.0,0.25,7186
none,42,0.01,selective_fusion,retained_benign_negatives,0.25,0.5,494
none,42,0.01,selective_fusion,retained_benign_negatives,0.5,0.75,333
none,42,0.01,selective_fusion,retained_benign_negatives,0.75,1.0,204
none,42,0.01,selective_fusion,retained_benign_negatives,1.0,1.25,0
none,42,0.01,selective_fusion,retained_benign_negatives,1.25,inf,0
none,42,0.03,fusion_ae_plain_latent,recovered_attacks,0.0,0.25,0
none,42,0.03,fusion_ae_plain_latent,recovered_attacks,0.25,0.5,0
none,42,0.03,fusion_ae_plain_latent,recovered_attacks,0.5,0.75,2
none,42,0.03,fusion_ae_plain_latent,recovered_attacks,0.75,1.0,30
none,42,0.03,fusion_ae_plain_latent,recovered_attacks,1.0,1.25,0
none,42,0.03,fusion_ae_plain_latent,recovered_attacks,1.25,inf,0
none,42,0.03,fusion_ae_plain_latent,lost_attacks,0.0,0.25,0
none,42,0.03,fusion_ae_plain_latent,lost_attacks,0.25,0.5,0
none,42,0.03,fusion_ae_plain_latent,lost_attacks,0.5,0.75,0
none,42,0.03,fusion_ae_plain_latent,lost_attacks,0.75,1.0,0
none,42,0.03,fusion_ae_plain_latent,lost_attacks,1.0,1.25,45
none,42,0.03,fusion_ae_plain_latent,lost_attacks,1.25,inf,0
none,42,0.03,fusion_ae_plain_latent,removed_false_alarms,0.0,0.25,0
none,42,0.03,fusion_ae_plain_latent,removed_false_alarms,0.25,0.5,0
none,42,0.03,fusion_ae_plain_latent,removed_false_alarms,0.5,0.75,0
none,42,0.03,fusion_ae_plain_latent,removed_false_alarms,0.75,1.0,0
none,42,0.03,fusion_ae_plain_latent,removed_false_alarms,1.0,1.25,12
none,42,0.03,fusion_ae_plain_latent,removed_false_alarms,1.25,inf,0
none,42,0.03,fusion_ae_plain_latent,added_false_alarms,0.0,0.25,0
none,42,0.03,fusion_ae_plain_latent,added_false_alarms,0.25,0.5,0
none,42,0.03,fusion_ae_plain_latent,added_false_alarms,0.5,0.75,0
none,42,0.03,fusion_ae_plain_latent,added_false_alarms,0.75,1.0,12
none,42,0.03,fusion_ae_plain_latent,added_false_alarms,1.0,1.25,0
none,42,0.03,fusion_ae_plain_latent,added_false_alarms,1.25,inf,0
none,42,0.03,fusion_ae_plain_latent,persistent_attack_misses,0.0,0.25,118
none,42,0.03,fusion_ae_plain_latent,persistent_attack_misses,0.25,0.5,274
none,42,0.03,fusion_ae_plain_latent,persistent_attack_misses,0.5,0.75,421
none,42,0.03,fusion_ae_plain_latent,persistent_attack_misses,0.75,1.0,497
none,42,0.03,fusion_ae_plain_latent,persistent_attack_misses,1.0,1.25,0
none,42,0.03,fusion_ae_plain_latent,persistent_attack_misses,1.25,inf,0
none,42,0.03,fusion_ae_plain_latent,retained_attack_detections,0.0,0.25,0
none,42,0.03,fusion_ae_plain_latent,retained_attack_detections,0.25,0.5,0
none,42,0.03,fusion_ae_plain_latent,retained_attack_detections,0.5,0.75,0
none,42,0.03,fusion_ae_plain_latent,retained_attack_detections,0.75,1.0,0
none,42,0.03,fusion_ae_plain_latent,retained_attack_detections,1.0,1.25,718
none,42,0.03,fusion_ae_plain_latent,retained_attack_detections,1.25,inf,16180
none,42,0.03,fusion_ae_plain_latent,persistent_false_alarms,0.0,0.25,0
none,42,0.03,fusion_ae_plain_latent,persistent_false_alarms,0.25,0.5,0
none,42,0.03,fusion_ae_plain_latent,persistent_false_alarms,0.5,0.75,0
none,42,0.03,fusion_ae_plain_latent,persistent_false_alarms,0.75,1.0,0
none,42,0.03,fusion_ae_plain_latent,persistent_false_alarms,1.0,1.25,141
none,42,0.03,fusion_ae_plain_latent,persistent_false_alarms,1.25,inf,74
none,42,0.03,fusion_ae_plain_latent,retained_benign_negatives,0.0,0.25,7049
none,42,0.03,fusion_ae_plain_latent,retained_benign_negatives,0.25,0.5,478
none,42,0.03,fusion_ae_plain_latent,retained_benign_negatives,0.5,0.75,317
none,42,0.03,fusion_ae_plain_latent,retained_benign_negatives,0.75,1.0,215
none,42,0.03,fusion_ae_plain_latent,retained_benign_negatives,1.0,1.25,0
none,42,0.03,fusion_ae_plain_latent,retained_benign_negatives,1.25,inf,0
none,42,0.03,selective_fusion,recovered_attacks,0.0,0.25,0
none,42,0.03,selective_fusion,recovered_attacks,0.25,0.5,0
none,42,0.03,selective_fusion,recovered_attacks,0.5,0.75,0
none,42,0.03,selective_fusion,recovered_attacks,0.75,1.0,0
none,42,0.03,selective_fusion,recovered_attacks,1.0,1.25,0
none,42,0.03,selective_fusion,recovered_attacks,1.25,inf,0
none,42,0.03,selective_fusion,lost_attacks,0.0,0.25,0
none,42,0.03,selective_fusion,lost_attacks,0.25,0.5,0
none,42,0.03,selective_fusion,lost_attacks,0.5,0.75,0
none,42,0.03,selective_fusion,lost_attacks,0.75,1.0,0
none,42,0.03,selective_fusion,lost_attacks,1.0,1.25,0
none,42,0.03,selective_fusion,lost_attacks,1.25,inf,0
none,42,0.03,selective_fusion,removed_false_alarms,0.0,0.25,0
none,42,0.03,selective_fusion,removed_false_alarms,0.25,0.5,0
none,42,0.03,selective_fusion,removed_false_alarms,0.5,0.75,0
none,42,0.03,selective_fusion,removed_false_alarms,0.75,1.0,0
none,42,0.03,selective_fusion,removed_false_alarms,1.0,1.25,0
none,42,0.03,selective_fusion,removed_false_alarms,1.25,inf,0
none,42,0.03,selective_fusion,added_false_alarms,0.0,0.25,0
none,42,0.03,selective_fusion,added_false_alarms,0.25,0.5,0
none,42,0.03,selective_fusion,added_false_alarms,0.5,0.75,0
none,42,0.03,selective_fusion,added_false_alarms,0.75,1.0,0
none,42,0.03,selective_fusion,added_false_alarms,1.0,1.25,0
none,42,0.03,selective_fusion,added_false_alarms,1.25,inf,0
none,42,0.03,selective_fusion,persistent_attack_misses,0.0,0.25,118
none,42,0.03,selective_fusion,persistent_attack_misses,0.25,0.5,274
none,42,0.03,selective_fusion,persistent_attack_misses,0.5,0.75,423
none,42,0.03,selective_fusion,persistent_attack_misses,0.75,1.0,527
none,42,0.03,selective_fusion,persistent_attack_misses,1.0,1.25,0
none,42,0.03,selective_fusion,persistent_attack_misses,1.25,inf,0
none,42,0.03,selective_fusion,retained_attack_detections,0.0,0.25,0
none,42,0.03,selective_fusion,retained_attack_detections,0.25,0.5,0
none,42,0.03,selective_fusion,retained_attack_detections,0.5,0.75,0
none,42,0.03,selective_fusion,retained_attack_detections,0.75,1.0,0
none,42,0.03,selective_fusion,retained_attack_detections,1.0,1.25,763
none,42,0.03,selective_fusion,retained_attack_detections,1.25,inf,16180
none,42,0.03,selective_fusion,persistent_false_alarms,0.0,0.25,0
none,42,0.03,selective_fusion,persistent_false_alarms,0.25,0.5,0
none,42,0.03,selective_fusion,persistent_false_alarms,0.5,0.75,0
none,42,0.03,selective_fusion,persistent_false_alarms,0.75,1.0,0
none,42,0.03,selective_fusion,persistent_false_alarms,1.0,1.25,153
none,42,0.03,selective_fusion,persistent_false_alarms,1.25,inf,74
none,42,0.03,selective_fusion,retained_benign_negatives,0.0,0.25,7049
none,42,0.03,selective_fusion,retained_benign_negatives,0.25,0.5,478
none,42,0.03,selective_fusion,retained_benign_negatives,0.5,0.75,317
none,42,0.03,selective_fusion,retained_benign_negatives,0.75,1.0,227
none,42,0.03,selective_fusion,retained_benign_negatives,1.0,1.25,0
none,42,0.03,selective_fusion,retained_benign_negatives,1.25,inf,0
none,42,0.05,fusion_ae_plain_latent,recovered_attacks,0.0,0.25,0
none,42,0.05,fusion_ae_plain_latent,recovered_attacks,0.25,0.5,0
none,42,0.05,fusion_ae_plain_latent,recovered_attacks,0.5,0.75,2
none,42,0.05,fusion_ae_plain_latent,recovered_attacks,0.75,1.0,62
none,42,0.05,fusion_ae_plain_latent,recovered_attacks,1.0,1.25,0
none,42,0.05,fusion_ae_plain_latent,recovered_attacks,1.25,inf,0
none,42,0.05,fusion_ae_plain_latent,lost_attacks,0.0,0.25,0
none,42,0.05,fusion_ae_plain_latent,lost_attacks,0.25,0.5,0
none,42,0.05,fusion_ae_plain_latent,lost_attacks,0.5,0.75,0
none,42,0.05,fusion_ae_plain_latent,lost_attacks,0.75,1.0,0
none,42,0.05,fusion_ae_plain_latent,lost_attacks,1.0,1.25,8
none,42,0.05,fusion_ae_plain_latent,lost_attacks,1.25,inf,0
none,42,0.05,fusion_ae_plain_latent,removed_false_alarms,0.0,0.25,0
none,42,0.05,fusion_ae_plain_latent,removed_false_alarms,0.25,0.5,0
none,42,0.05,fusion_ae_plain_latent,removed_false_alarms,0.5,0.75,0
none,42,0.05,fusion_ae_plain_latent,removed_false_alarms,0.75,1.0,0
none,42,0.05,fusion_ae_plain_latent,removed_false_alarms,1.0,1.25,6
none,42,0.05,fusion_ae_plain_latent,removed_false_alarms,1.25,inf,0
none,42,0.05,fusion_ae_plain_latent,added_false_alarms,0.0,0.25,0
none,42,0.05,fusion_ae_plain_latent,added_false_alarms,0.25,0.5,0
none,42,0.05,fusion_ae_plain_latent,added_false_alarms,0.5,0.75,1
none,42,0.05,fusion_ae_plain_latent,added_false_alarms,0.75,1.0,24
none,42,0.05,fusion_ae_plain_latent,added_false_alarms,1.0,1.25,0
none,42,0.05,fusion_ae_plain_latent,added_false_alarms,1.25,inf,0
none,42,0.05,fusion_ae_plain_latent,persistent_attack_misses,0.0,0.25,71
none,42,0.05,fusion_ae_plain_latent,persistent_attack_misses,0.25,0.5,193
none,42,0.05,fusion_ae_plain_latent,persistent_attack_misses,0.5,0.75,263
none,42,0.05,fusion_ae_plain_latent,persistent_attack_misses,0.75,1.0,315
none,42,0.05,fusion_ae_plain_latent,persistent_attack_misses,1.0,1.25,0
none,42,0.05,fusion_ae_plain_latent,persistent_attack_misses,1.25,inf,0
none,42,0.05,fusion_ae_plain_latent,retained_attack_detections,0.0,0.25,0
none,42,0.05,fusion_ae_plain_latent,retained_attack_detections,0.25,0.5,0
none,42,0.05,fusion_ae_plain_latent,retained_attack_detections,0.5,0.75,0
none,42,0.05,fusion_ae_plain_latent,retained_attack_detections,0.75,1.0,0
none,42,0.05,fusion_ae_plain_latent,retained_attack_detections,1.0,1.25,407
none,42,0.05,fusion_ae_plain_latent,retained_attack_detections,1.25,inf,16964
none,42,0.05,fusion_ae_plain_latent,persistent_false_alarms,0.0,0.25,0
none,42,0.05,fusion_ae_plain_latent,persistent_false_alarms,0.25,0.5,0
none,42,0.05,fusion_ae_plain_latent,persistent_false_alarms,0.5,0.75,0
none,42,0.05,fusion_ae_plain_latent,persistent_false_alarms,0.75,1.0,0
none,42,0.05,fusion_ae_plain_latent,persistent_false_alarms,1.0,1.25,169
none,42,0.05,fusion_ae_plain_latent,persistent_false_alarms,1.25,inf,232
none,42,0.05,fusion_ae_plain_latent,retained_benign_negatives,0.0,0.25,6923
none,42,0.05,fusion_ae_plain_latent,retained_benign_negatives,0.25,0.5,411
none,42,0.05,fusion_ae_plain_latent,retained_benign_negatives,0.5,0.75,326
none,42,0.05,fusion_ae_plain_latent,retained_benign_negatives,0.75,1.0,206
none,42,0.05,fusion_ae_plain_latent,retained_benign_negatives,1.0,1.25,0
none,42,0.05,fusion_ae_plain_latent,retained_benign_negatives,1.25,inf,0
none,42,0.05,selective_fusion,recovered_attacks,0.0,0.25,0
none,42,0.05,selective_fusion,recovered_attacks,0.25,0.5,0
none,42,0.05,selective_fusion,recovered_attacks,0.5,0.75,0
none,42,0.05,selective_fusion,recovered_attacks,0.75,1.0,0
none,42,0.05,selective_fusion,recovered_attacks,1.0,1.25,0
none,42,0.05,selective_fusion,recovered_attacks,1.25,inf,0
none,42,0.05,selective_fusion,lost_attacks,0.0,0.25,0
none,42,0.05,selective_fusion,lost_attacks,0.25,0.5,0
none,42,0.05,selective_fusion,lost_attacks,0.5,0.75,0
none,42,0.05,selective_fusion,lost_attacks,0.75,1.0,0
none,42,0.05,selective_fusion,lost_attacks,1.0,1.25,0
none,42,0.05,selective_fusion,lost_attacks,1.25,inf,0
none,42,0.05,selective_fusion,removed_false_alarms,0.0,0.25,0
none,42,0.05,selective_fusion,removed_false_alarms,0.25,0.5,0
none,42,0.05,selective_fusion,removed_false_alarms,0.5,0.75,0
none,42,0.05,selective_fusion,removed_false_alarms,0.75,1.0,0
none,42,0.05,selective_fusion,removed_false_alarms,1.0,1.25,0
none,42,0.05,selective_fusion,removed_false_alarms,1.25,inf,0
none,42,0.05,selective_fusion,added_false_alarms,0.0,0.25,0
none,42,0.05,selective_fusion,added_false_alarms,0.25,0.5,0
none,42,0.05,selective_fusion,added_false_alarms,0.5,0.75,0
none,42,0.05,selective_fusion,added_false_alarms,0.75,1.0,0
none,42,0.05,selective_fusion,added_false_alarms,1.0,1.25,0
none,42,0.05,selective_fusion,added_false_alarms,1.25,inf,0
none,42,0.05,selective_fusion,persistent_attack_misses,0.0,0.25,71
none,42,0.05,selective_fusion,persistent_attack_misses,0.25,0.5,193
none,42,0.05,selective_fusion,persistent_attack_misses,0.5,0.75,265
none,42,0.05,selective_fusion,persistent_attack_misses,0.75,1.0,377
none,42,0.05,selective_fusion,persistent_attack_misses,1.0,1.25,0
none,42,0.05,selective_fusion,persistent_attack_misses,1.25,inf,0
none,42,0.05,selective_fusion,retained_attack_detections,0.0,0.25,0
none,42,0.05,selective_fusion,retained_attack_detections,0.25,0.5,0
none,42,0.05,selective_fusion,retained_attack_detections,0.5,0.75,0
none,42,0.05,selective_fusion,retained_attack_detections,0.75,1.0,0
none,42,0.05,selective_fusion,retained_attack_detections,1.0,1.25,415
none,42,0.05,selective_fusion,retained_attack_detections,1.25,inf,16964
none,42,0.05,selective_fusion,persistent_false_alarms,0.0,0.25,0
none,42,0.05,selective_fusion,persistent_false_alarms,0.25,0.5,0
none,42,0.05,selective_fusion,persistent_false_alarms,0.5,0.75,0
none,42,0.05,selective_fusion,persistent_false_alarms,0.75,1.0,0
none,42,0.05,selective_fusion,persistent_false_alarms,1.0,1.25,175
none,42,0.05,selective_fusion,persistent_false_alarms,1.25,inf,232
none,42,0.05,selective_fusion,retained_benign_negatives,0.0,0.25,6923
none,42,0.05,selective_fusion,retained_benign_negatives,0.25,0.5,411
none,42,0.05,selective_fusion,retained_benign_negatives,0.5,0.75,327
none,42,0.05,selective_fusion,retained_benign_negatives,0.75,1.0,230
none,42,0.05,selective_fusion,retained_benign_negatives,1.0,1.25,0
none,42,0.05,selective_fusion,retained_benign_negatives,1.25,inf,0
none,123,0.01,fusion_ae_plain_latent,recovered_attacks,0.0,0.25,0
none,123,0.01,fusion_ae_plain_latent,recovered_attacks,0.25,0.5,0
none,123,0.01,fusion_ae_plain_latent,recovered_attacks,0.5,0.75,3
none,123,0.01,fusion_ae_plain_latent,recovered_attacks,0.75,1.0,81
none,123,0.01,fusion_ae_plain_latent,recovered_attacks,1.0,1.25,0
none,123,0.01,fusion_ae_plain_latent,recovered_attacks,1.25,inf,0
none,123,0.01,fusion_ae_plain_latent,lost_attacks,0.0,0.25,0
none,123,0.01,fusion_ae_plain_latent,lost_attacks,0.25,0.5,0
none,123,0.01,fusion_ae_plain_latent,lost_attacks,0.5,0.75,0
none,123,0.01,fusion_ae_plain_latent,lost_attacks,0.75,1.0,0
none,123,0.01,fusion_ae_plain_latent,lost_attacks,1.0,1.25,204
none,123,0.01,fusion_ae_plain_latent,lost_attacks,1.25,inf,0
none,123,0.01,fusion_ae_plain_latent,removed_false_alarms,0.0,0.25,0
none,123,0.01,fusion_ae_plain_latent,removed_false_alarms,0.25,0.5,0
none,123,0.01,fusion_ae_plain_latent,removed_false_alarms,0.5,0.75,0
none,123,0.01,fusion_ae_plain_latent,removed_false_alarms,0.75,1.0,0
none,123,0.01,fusion_ae_plain_latent,removed_false_alarms,1.0,1.25,14
none,123,0.01,fusion_ae_plain_latent,removed_false_alarms,1.25,inf,0
none,123,0.01,fusion_ae_plain_latent,added_false_alarms,0.0,0.25,0
none,123,0.01,fusion_ae_plain_latent,added_false_alarms,0.25,0.5,0
none,123,0.01,fusion_ae_plain_latent,added_false_alarms,0.5,0.75,0
none,123,0.01,fusion_ae_plain_latent,added_false_alarms,0.75,1.0,17
none,123,0.01,fusion_ae_plain_latent,added_false_alarms,1.0,1.25,0
none,123,0.01,fusion_ae_plain_latent,added_false_alarms,1.25,inf,0
none,123,0.01,fusion_ae_plain_latent,persistent_attack_misses,0.0,0.25,196
none,123,0.01,fusion_ae_plain_latent,persistent_attack_misses,0.25,0.5,416
none,123,0.01,fusion_ae_plain_latent,persistent_attack_misses,0.5,0.75,594
none,123,0.01,fusion_ae_plain_latent,persistent_attack_misses,0.75,1.0,801
none,123,0.01,fusion_ae_plain_latent,persistent_attack_misses,1.0,1.25,0
none,123,0.01,fusion_ae_plain_latent,persistent_attack_misses,1.25,inf,0
none,123,0.01,fusion_ae_plain_latent,retained_attack_detections,0.0,0.25,0
none,123,0.01,fusion_ae_plain_latent,retained_attack_detections,0.25,0.5,0
none,123,0.01,fusion_ae_plain_latent,retained_attack_detections,0.5,0.75,0
none,123,0.01,fusion_ae_plain_latent,retained_attack_detections,0.75,1.0,0
none,123,0.01,fusion_ae_plain_latent,retained_attack_detections,1.0,1.25,15926
none,123,0.01,fusion_ae_plain_latent,retained_attack_detections,1.25,inf,0
none,123,0.01,fusion_ae_plain_latent,persistent_false_alarms,0.0,0.25,0
none,123,0.01,fusion_ae_plain_latent,persistent_false_alarms,0.25,0.5,0
none,123,0.01,fusion_ae_plain_latent,persistent_false_alarms,0.5,0.75,0
none,123,0.01,fusion_ae_plain_latent,persistent_false_alarms,0.75,1.0,0
none,123,0.01,fusion_ae_plain_latent,persistent_false_alarms,1.0,1.25,79
none,123,0.01,fusion_ae_plain_latent,persistent_false_alarms,1.25,inf,0
none,123,0.01,fusion_ae_plain_latent,retained_benign_negatives,0.0,0.25,7226
none,123,0.01,fusion_ae_plain_latent,retained_benign_negatives,0.25,0.5,489
none,123,0.01,fusion_ae_plain_latent,retained_benign_negatives,0.5,0.75,305
none,123,0.01,fusion_ae_plain_latent,retained_benign_negatives,0.75,1.0,183
none,123,0.01,fusion_ae_plain_latent,retained_benign_negatives,1.0,1.25,0
none,123,0.01,fusion_ae_plain_latent,retained_benign_negatives,1.25,inf,0
none,123,0.01,selective_fusion,recovered_attacks,0.0,0.25,0
none,123,0.01,selective_fusion,recovered_attacks,0.25,0.5,0
none,123,0.01,selective_fusion,recovered_attacks,0.5,0.75,0
none,123,0.01,selective_fusion,recovered_attacks,0.75,1.0,0
none,123,0.01,selective_fusion,recovered_attacks,1.0,1.25,0
none,123,0.01,selective_fusion,recovered_attacks,1.25,inf,0
none,123,0.01,selective_fusion,lost_attacks,0.0,0.25,0
none,123,0.01,selective_fusion,lost_attacks,0.25,0.5,0
none,123,0.01,selective_fusion,lost_attacks,0.5,0.75,0
none,123,0.01,selective_fusion,lost_attacks,0.75,1.0,0
none,123,0.01,selective_fusion,lost_attacks,1.0,1.25,0
none,123,0.01,selective_fusion,lost_attacks,1.25,inf,0
none,123,0.01,selective_fusion,removed_false_alarms,0.0,0.25,0
none,123,0.01,selective_fusion,removed_false_alarms,0.25,0.5,0
none,123,0.01,selective_fusion,removed_false_alarms,0.5,0.75,0
none,123,0.01,selective_fusion,removed_false_alarms,0.75,1.0,0
none,123,0.01,selective_fusion,removed_false_alarms,1.0,1.25,0
none,123,0.01,selective_fusion,removed_false_alarms,1.25,inf,0
none,123,0.01,selective_fusion,added_false_alarms,0.0,0.25,0
none,123,0.01,selective_fusion,added_false_alarms,0.25,0.5,0
none,123,0.01,selective_fusion,added_false_alarms,0.5,0.75,0
none,123,0.01,selective_fusion,added_false_alarms,0.75,1.0,0
none,123,0.01,selective_fusion,added_false_alarms,1.0,1.25,0
none,123,0.01,selective_fusion,added_false_alarms,1.25,inf,0
none,123,0.01,selective_fusion,persistent_attack_misses,0.0,0.25,196
none,123,0.01,selective_fusion,persistent_attack_misses,0.25,0.5,416
none,123,0.01,selective_fusion,persistent_attack_misses,0.5,0.75,597
none,123,0.01,selective_fusion,persistent_attack_misses,0.75,1.0,882
none,123,0.01,selective_fusion,persistent_attack_misses,1.0,1.25,0
none,123,0.01,selective_fusion,persistent_attack_misses,1.25,inf,0
none,123,0.01,selective_fusion,retained_attack_detections,0.0,0.25,0
none,123,0.01,selective_fusion,retained_attack_detections,0.25,0.5,0
none,123,0.01,selective_fusion,retained_attack_detections,0.5,0.75,0
none,123,0.01,selective_fusion,retained_attack_detections,0.75,1.0,0
none,123,0.01,selective_fusion,retained_attack_detections,1.0,1.25,16130
none,123,0.01,selective_fusion,retained_attack_detections,1.25,inf,0
none,123,0.01,selective_fusion,persistent_false_alarms,0.0,0.25,0
none,123,0.01,selective_fusion,persistent_false_alarms,0.25,0.5,0
none,123,0.01,selective_fusion,persistent_false_alarms,0.5,0.75,0
none,123,0.01,selective_fusion,persistent_false_alarms,0.75,1.0,0
none,123,0.01,selective_fusion,persistent_false_alarms,1.0,1.25,93
none,123,0.01,selective_fusion,persistent_false_alarms,1.25,inf,0
none,123,0.01,selective_fusion,retained_benign_negatives,0.0,0.25,7226
none,123,0.01,selective_fusion,retained_benign_negatives,0.25,0.5,489
none,123,0.01,selective_fusion,retained_benign_negatives,0.5,0.75,305
none,123,0.01,selective_fusion,retained_benign_negatives,0.75,1.0,200
none,123,0.01,selective_fusion,retained_benign_negatives,1.0,1.25,0
none,123,0.01,selective_fusion,retained_benign_negatives,1.25,inf,0
none,123,0.03,fusion_ae_plain_latent,recovered_attacks,0.0,0.25,0
none,123,0.03,fusion_ae_plain_latent,recovered_attacks,0.25,0.5,0
none,123,0.03,fusion_ae_plain_latent,recovered_attacks,0.5,0.75,0
none,123,0.03,fusion_ae_plain_latent,recovered_attacks,0.75,1.0,38
none,123,0.03,fusion_ae_plain_latent,recovered_attacks,1.0,1.25,0
none,123,0.03,fusion_ae_plain_latent,recovered_attacks,1.25,inf,0
none,123,0.03,fusion_ae_plain_latent,lost_attacks,0.0,0.25,0
none,123,0.03,fusion_ae_plain_latent,lost_attacks,0.25,0.5,0
none,123,0.03,fusion_ae_plain_latent,lost_attacks,0.5,0.75,0
none,123,0.03,fusion_ae_plain_latent,lost_attacks,0.75,1.0,0
none,123,0.03,fusion_ae_plain_latent,lost_attacks,1.0,1.25,71
none,123,0.03,fusion_ae_plain_latent,lost_attacks,1.25,inf,0
none,123,0.03,fusion_ae_plain_latent,removed_false_alarms,0.0,0.25,0
none,123,0.03,fusion_ae_plain_latent,removed_false_alarms,0.25,0.5,0
none,123,0.03,fusion_ae_plain_latent,removed_false_alarms,0.5,0.75,0
none,123,0.03,fusion_ae_plain_latent,removed_false_alarms,0.75,1.0,0
none,123,0.03,fusion_ae_plain_latent,removed_false_alarms,1.0,1.25,20
none,123,0.03,fusion_ae_plain_latent,removed_false_alarms,1.25,inf,0
none,123,0.03,fusion_ae_plain_latent,added_false_alarms,0.0,0.25,2
none,123,0.03,fusion_ae_plain_latent,added_false_alarms,0.25,0.5,0
none,123,0.03,fusion_ae_plain_latent,added_false_alarms,0.5,0.75,0
none,123,0.03,fusion_ae_plain_latent,added_false_alarms,0.75,1.0,11
none,123,0.03,fusion_ae_plain_latent,added_false_alarms,1.0,1.25,0
none,123,0.03,fusion_ae_plain_latent,added_false_alarms,1.25,inf,0
none,123,0.03,fusion_ae_plain_latent,persistent_attack_misses,0.0,0.25,124
none,123,0.03,fusion_ae_plain_latent,persistent_attack_misses,0.25,0.5,318
none,123,0.03,fusion_ae_plain_latent,persistent_attack_misses,0.5,0.75,347
none,123,0.03,fusion_ae_plain_latent,persistent_attack_misses,0.75,1.0,517
none,123,0.03,fusion_ae_plain_latent,persistent_attack_misses,1.0,1.25,0
none,123,0.03,fusion_ae_plain_latent,persistent_attack_misses,1.25,inf,0
none,123,0.03,fusion_ae_plain_latent,retained_attack_detections,0.0,0.25,0
none,123,0.03,fusion_ae_plain_latent,retained_attack_detections,0.25,0.5,0
none,123,0.03,fusion_ae_plain_latent,retained_attack_detections,0.5,0.75,0
none,123,0.03,fusion_ae_plain_latent,retained_attack_detections,0.75,1.0,0
none,123,0.03,fusion_ae_plain_latent,retained_attack_detections,1.0,1.25,664
none,123,0.03,fusion_ae_plain_latent,retained_attack_detections,1.25,inf,16142
none,123,0.03,fusion_ae_plain_latent,persistent_false_alarms,0.0,0.25,0
none,123,0.03,fusion_ae_plain_latent,persistent_false_alarms,0.25,0.5,0
none,123,0.03,fusion_ae_plain_latent,persistent_false_alarms,0.5,0.75,0
none,123,0.03,fusion_ae_plain_latent,persistent_false_alarms,0.75,1.0,0
none,123,0.03,fusion_ae_plain_latent,persistent_false_alarms,1.0,1.25,133
none,123,0.03,fusion_ae_plain_latent,persistent_false_alarms,1.25,inf,93
none,123,0.03,fusion_ae_plain_latent,retained_benign_negatives,0.0,0.25,7072
none,123,0.03,fusion_ae_plain_latent,retained_benign_negatives,0.25,0.5,478
none,123,0.03,fusion_ae_plain_latent,retained_benign_negatives,0.5,0.75,287
none,123,0.03,fusion_ae_plain_latent,retained_benign_negatives,0.75,1.0,217
none,123,0.03,fusion_ae_plain_latent,retained_benign_negatives,1.0,1.25,0
none,123,0.03,fusion_ae_plain_latent,retained_benign_negatives,1.25,inf,0
none,123,0.03,selective_fusion,recovered_attacks,0.0,0.25,0
none,123,0.03,selective_fusion,recovered_attacks,0.25,0.5,0
none,123,0.03,selective_fusion,recovered_attacks,0.5,0.75,0
none,123,0.03,selective_fusion,recovered_attacks,0.75,1.0,2
none,123,0.03,selective_fusion,recovered_attacks,1.0,1.25,0
none,123,0.03,selective_fusion,recovered_attacks,1.25,inf,0
none,123,0.03,selective_fusion,lost_attacks,0.0,0.25,0
none,123,0.03,selective_fusion,lost_attacks,0.25,0.5,0
none,123,0.03,selective_fusion,lost_attacks,0.5,0.75,0
none,123,0.03,selective_fusion,lost_attacks,0.75,1.0,0
none,123,0.03,selective_fusion,lost_attacks,1.0,1.25,0
none,123,0.03,selective_fusion,lost_attacks,1.25,inf,0
none,123,0.03,selective_fusion,removed_false_alarms,0.0,0.25,0
none,123,0.03,selective_fusion,removed_false_alarms,0.25,0.5,0
none,123,0.03,selective_fusion,removed_false_alarms,0.5,0.75,0
none,123,0.03,selective_fusion,removed_false_alarms,0.75,1.0,0
none,123,0.03,selective_fusion,removed_false_alarms,1.0,1.25,0
none,123,0.03,selective_fusion,removed_false_alarms,1.25,inf,0
none,123,0.03,selective_fusion,added_false_alarms,0.0,0.25,0
none,123,0.03,selective_fusion,added_false_alarms,0.25,0.5,0
none,123,0.03,selective_fusion,added_false_alarms,0.5,0.75,0
none,123,0.03,selective_fusion,added_false_alarms,0.75,1.0,0
none,123,0.03,selective_fusion,added_false_alarms,1.0,1.25,0
none,123,0.03,selective_fusion,added_false_alarms,1.25,inf,0
none,123,0.03,selective_fusion,persistent_attack_misses,0.0,0.25,124
none,123,0.03,selective_fusion,persistent_attack_misses,0.25,0.5,318
none,123,0.03,selective_fusion,persistent_attack_misses,0.5,0.75,347
none,123,0.03,selective_fusion,persistent_attack_misses,0.75,1.0,553
none,123,0.03,selective_fusion,persistent_attack_misses,1.0,1.25,0
none,123,0.03,selective_fusion,persistent_attack_misses,1.25,inf,0
none,123,0.03,selective_fusion,retained_attack_detections,0.0,0.25,0
none,123,0.03,selective_fusion,retained_attack_detections,0.25,0.5,0
none,123,0.03,selective_fusion,retained_attack_detections,0.5,0.75,0
none,123,0.03,selective_fusion,retained_attack_detections,0.75,1.0,0
none,123,0.03,selective_fusion,retained_attack_detections,1.0,1.25,735
none,123,0.03,selective_fusion,retained_attack_detections,1.25,inf,16142
none,123,0.03,selective_fusion,persistent_false_alarms,0.0,0.25,0
none,123,0.03,selective_fusion,persistent_false_alarms,0.25,0.5,0
none,123,0.03,selective_fusion,persistent_false_alarms,0.5,0.75,0
none,123,0.03,selective_fusion,persistent_false_alarms,0.75,1.0,0
none,123,0.03,selective_fusion,persistent_false_alarms,1.0,1.25,153
none,123,0.03,selective_fusion,persistent_false_alarms,1.25,inf,93
none,123,0.03,selective_fusion,retained_benign_negatives,0.0,0.25,7074
none,123,0.03,selective_fusion,retained_benign_negatives,0.25,0.5,478
none,123,0.03,selective_fusion,retained_benign_negatives,0.5,0.75,287
none,123,0.03,selective_fusion,retained_benign_negatives,0.75,1.0,228
none,123,0.03,selective_fusion,retained_benign_negatives,1.0,1.25,0
none,123,0.03,selective_fusion,retained_benign_negatives,1.25,inf,0
none,123,0.05,fusion_ae_plain_latent,recovered_attacks,0.0,0.25,0
none,123,0.05,fusion_ae_plain_latent,recovered_attacks,0.25,0.5,0
none,123,0.05,fusion_ae_plain_latent,recovered_attacks,0.5,0.75,0
none,123,0.05,fusion_ae_plain_latent,recovered_attacks,0.75,1.0,33
none,123,0.05,fusion_ae_plain_latent,recovered_attacks,1.0,1.25,0
none,123,0.05,fusion_ae_plain_latent,recovered_attacks,1.25,inf,0
none,123,0.05,fusion_ae_plain_latent,lost_attacks,0.0,0.25,0
none,123,0.05,fusion_ae_plain_latent,lost_attacks,0.25,0.5,0
none,123,0.05,fusion_ae_plain_latent,lost_attacks,0.5,0.75,0
none,123,0.05,fusion_ae_plain_latent,lost_attacks,0.75,1.0,0
none,123,0.05,fusion_ae_plain_latent,lost_attacks,1.0,1.25,54
none,123,0.05,fusion_ae_plain_latent,lost_attacks,1.25,inf,0
none,123,0.05,fusion_ae_plain_latent,removed_false_alarms,0.0,0.25,0
none,123,0.05,fusion_ae_plain_latent,removed_false_alarms,0.25,0.5,0
none,123,0.05,fusion_ae_plain_latent,removed_false_alarms,0.5,0.75,0
none,123,0.05,fusion_ae_plain_latent,removed_false_alarms,0.75,1.0,0
none,123,0.05,fusion_ae_plain_latent,removed_false_alarms,1.0,1.25,30
none,123,0.05,fusion_ae_plain_latent,removed_false_alarms,1.25,inf,0
none,123,0.05,fusion_ae_plain_latent,added_false_alarms,0.0,0.25,3
none,123,0.05,fusion_ae_plain_latent,added_false_alarms,0.25,0.5,0
none,123,0.05,fusion_ae_plain_latent,added_false_alarms,0.5,0.75,0
none,123,0.05,fusion_ae_plain_latent,added_false_alarms,0.75,1.0,21
none,123,0.05,fusion_ae_plain_latent,added_false_alarms,1.0,1.25,0
none,123,0.05,fusion_ae_plain_latent,added_false_alarms,1.25,inf,0
none,123,0.05,fusion_ae_plain_latent,persistent_attack_misses,0.0,0.25,73
none,123,0.05,fusion_ae_plain_latent,persistent_attack_misses,0.25,0.5,226
none,123,0.05,fusion_ae_plain_latent,persistent_attack_misses,0.5,0.75,261
none,123,0.05,fusion_ae_plain_latent,persistent_attack_misses,0.75,1.0,263
none,123,0.05,fusion_ae_plain_latent,persistent_attack_misses,1.0,1.25,0
none,123,0.05,fusion_ae_plain_latent,persistent_attack_misses,1.25,inf,0
none,123,0.05,fusion_ae_plain_latent,retained_attack_detections,0.0,0.25,0
none,123,0.05,fusion_ae_plain_latent,retained_attack_detections,0.25,0.5,0
none,123,0.05,fusion_ae_plain_latent,retained_attack_detections,0.5,0.75,0
none,123,0.05,fusion_ae_plain_latent,retained_attack_detections,0.75,1.0,0
none,123,0.05,fusion_ae_plain_latent,retained_attack_detections,1.0,1.25,409
none,123,0.05,fusion_ae_plain_latent,retained_attack_detections,1.25,inf,16902
none,123,0.05,fusion_ae_plain_latent,persistent_false_alarms,0.0,0.25,0
none,123,0.05,fusion_ae_plain_latent,persistent_false_alarms,0.25,0.5,0
none,123,0.05,fusion_ae_plain_latent,persistent_false_alarms,0.5,0.75,0
none,123,0.05,fusion_ae_plain_latent,persistent_false_alarms,0.75,1.0,0
none,123,0.05,fusion_ae_plain_latent,persistent_false_alarms,1.0,1.25,153
none,123,0.05,fusion_ae_plain_latent,persistent_false_alarms,1.25,inf,256
none,123,0.05,fusion_ae_plain_latent,retained_benign_negatives,0.0,0.25,6927
none,123,0.05,fusion_ae_plain_latent,retained_benign_negatives,0.25,0.5,469
none,123,0.05,fusion_ae_plain_latent,retained_benign_negatives,0.5,0.75,281
none,123,0.05,fusion_ae_plain_latent,retained_benign_negatives,0.75,1.0,173
none,123,0.05,fusion_ae_plain_latent,retained_benign_negatives,1.0,1.25,0
none,123,0.05,fusion_ae_plain_latent,retained_benign_negatives,1.25,inf,0
none,123,0.05,selective_fusion,recovered_attacks,0.0,0.25,0
none,123,0.05,selective_fusion,recovered_attacks,0.25,0.5,0
none,123,0.05,selective_fusion,recovered_attacks,0.5,0.75,0
none,123,0.05,selective_fusion,recovered_attacks,0.75,1.0,0
none,123,0.05,selective_fusion,recovered_attacks,1.0,1.25,0
none,123,0.05,selective_fusion,recovered_attacks,1.25,inf,0
none,123,0.05,selective_fusion,lost_attacks,0.0,0.25,0
none,123,0.05,selective_fusion,lost_attacks,0.25,0.5,0
none,123,0.05,selective_fusion,lost_attacks,0.5,0.75,0
none,123,0.05,selective_fusion,lost_attacks,0.75,1.0,0
none,123,0.05,selective_fusion,lost_attacks,1.0,1.25,0
none,123,0.05,selective_fusion,lost_attacks,1.25,inf,0
none,123,0.05,selective_fusion,removed_false_alarms,0.0,0.25,0
none,123,0.05,selective_fusion,removed_false_alarms,0.25,0.5,0
none,123,0.05,selective_fusion,removed_false_alarms,0.5,0.75,0
none,123,0.05,selective_fusion,removed_false_alarms,0.75,1.0,0
none,123,0.05,selective_fusion,removed_false_alarms,1.0,1.25,0
none,123,0.05,selective_fusion,removed_false_alarms,1.25,inf,0
none,123,0.05,selective_fusion,added_false_alarms,0.0,0.25,0
none,123,0.05,selective_fusion,added_false_alarms,0.25,0.5,0
none,123,0.05,selective_fusion,added_false_alarms,0.5,0.75,0
none,123,0.05,selective_fusion,added_false_alarms,0.75,1.0,0
none,123,0.05,selective_fusion,added_false_alarms,1.0,1.25,0
none,123,0.05,selective_fusion,added_false_alarms,1.25,inf,0
none,123,0.05,selective_fusion,persistent_attack_misses,0.0,0.25,73
none,123,0.05,selective_fusion,persistent_attack_misses,0.25,0.5,226
none,123,0.05,selective_fusion,persistent_attack_misses,0.5,0.75,261
none,123,0.05,selective_fusion,persistent_attack_misses,0.75,1.0,296
none,123,0.05,selective_fusion,persistent_attack_misses,1.0,1.25,0
none,123,0.05,selective_fusion,persistent_attack_misses,1.25,inf,0
none,123,0.05,selective_fusion,retained_attack_detections,0.0,0.25,0
none,123,0.05,selective_fusion,retained_attack_detections,0.25,0.5,0
none,123,0.05,selective_fusion,retained_attack_detections,0.5,0.75,0
none,123,0.05,selective_fusion,retained_attack_detections,0.75,1.0,0
none,123,0.05,selective_fusion,retained_attack_detections,1.0,1.25,463
none,123,0.05,selective_fusion,retained_attack_detections,1.25,inf,16902
none,123,0.05,selective_fusion,persistent_false_alarms,0.0,0.25,0
none,123,0.05,selective_fusion,persistent_false_alarms,0.25,0.5,0
none,123,0.05,selective_fusion,persistent_false_alarms,0.5,0.75,0
none,123,0.05,selective_fusion,persistent_false_alarms,0.75,1.0,0
none,123,0.05,selective_fusion,persistent_false_alarms,1.0,1.25,183
none,123,0.05,selective_fusion,persistent_false_alarms,1.25,inf,256
none,123,0.05,selective_fusion,retained_benign_negatives,0.0,0.25,6930
none,123,0.05,selective_fusion,retained_benign_negatives,0.25,0.5,469
none,123,0.05,selective_fusion,retained_benign_negatives,0.5,0.75,281
none,123,0.05,selective_fusion,retained_benign_negatives,0.75,1.0,194
none,123,0.05,selective_fusion,retained_benign_negatives,1.0,1.25,0
none,123,0.05,selective_fusion,retained_benign_negatives,1.25,inf,0
none,2026,0.01,fusion_ae_plain_latent,recovered_attacks,0.0,0.25,0
none,2026,0.01,fusion_ae_plain_latent,recovered_attacks,0.25,0.5,0
none,2026,0.01,fusion_ae_plain_latent,recovered_attacks,0.5,0.75,2
none,2026,0.01,fusion_ae_plain_latent,recovered_attacks,0.75,1.0,46
none,2026,0.01,fusion_ae_plain_latent,recovered_attacks,1.0,1.25,0
none,2026,0.01,fusion_ae_plain_latent,recovered_attacks,1.25,inf,0
none,2026,0.01,fusion_ae_plain_latent,lost_attacks,0.0,0.25,0
none,2026,0.01,fusion_ae_plain_latent,lost_attacks,0.25,0.5,0
none,2026,0.01,fusion_ae_plain_latent,lost_attacks,0.5,0.75,0
none,2026,0.01,fusion_ae_plain_latent,lost_attacks,0.75,1.0,0
none,2026,0.01,fusion_ae_plain_latent,lost_attacks,1.0,1.25,179
none,2026,0.01,fusion_ae_plain_latent,lost_attacks,1.25,inf,0
none,2026,0.01,fusion_ae_plain_latent,removed_false_alarms,0.0,0.25,0
none,2026,0.01,fusion_ae_plain_latent,removed_false_alarms,0.25,0.5,0
none,2026,0.01,fusion_ae_plain_latent,removed_false_alarms,0.5,0.75,0
none,2026,0.01,fusion_ae_plain_latent,removed_false_alarms,0.75,1.0,0
none,2026,0.01,fusion_ae_plain_latent,removed_false_alarms,1.0,1.25,27
none,2026,0.01,fusion_ae_plain_latent,removed_false_alarms,1.25,inf,0
none,2026,0.01,fusion_ae_plain_latent,added_false_alarms,0.0,0.25,0
none,2026,0.01,fusion_ae_plain_latent,added_false_alarms,0.25,0.5,0
none,2026,0.01,fusion_ae_plain_latent,added_false_alarms,0.5,0.75,0
none,2026,0.01,fusion_ae_plain_latent,added_false_alarms,0.75,1.0,21
none,2026,0.01,fusion_ae_plain_latent,added_false_alarms,1.0,1.25,0
none,2026,0.01,fusion_ae_plain_latent,added_false_alarms,1.25,inf,0
none,2026,0.01,fusion_ae_plain_latent,persistent_attack_misses,0.0,0.25,171
none,2026,0.01,fusion_ae_plain_latent,persistent_attack_misses,0.25,0.5,366
none,2026,0.01,fusion_ae_plain_latent,persistent_attack_misses,0.5,0.75,562
none,2026,0.01,fusion_ae_plain_latent,persistent_attack_misses,0.75,1.0,757
none,2026,0.01,fusion_ae_plain_latent,persistent_attack_misses,1.0,1.25,0
none,2026,0.01,fusion_ae_plain_latent,persistent_attack_misses,1.25,inf,0
none,2026,0.01,fusion_ae_plain_latent,retained_attack_detections,0.0,0.25,0
none,2026,0.01,fusion_ae_plain_latent,retained_attack_detections,0.25,0.5,0
none,2026,0.01,fusion_ae_plain_latent,retained_attack_detections,0.5,0.75,0
none,2026,0.01,fusion_ae_plain_latent,retained_attack_detections,0.75,1.0,0
none,2026,0.01,fusion_ae_plain_latent,retained_attack_detections,1.0,1.25,15985
none,2026,0.01,fusion_ae_plain_latent,retained_attack_detections,1.25,inf,0
none,2026,0.01,fusion_ae_plain_latent,persistent_false_alarms,0.0,0.25,0
none,2026,0.01,fusion_ae_plain_latent,persistent_false_alarms,0.25,0.5,0
none,2026,0.01,fusion_ae_plain_latent,persistent_false_alarms,0.5,0.75,0
none,2026,0.01,fusion_ae_plain_latent,persistent_false_alarms,0.75,1.0,0
none,2026,0.01,fusion_ae_plain_latent,persistent_false_alarms,1.0,1.25,79
none,2026,0.01,fusion_ae_plain_latent,persistent_false_alarms,1.25,inf,0
none,2026,0.01,fusion_ae_plain_latent,retained_benign_negatives,0.0,0.25,7308
none,2026,0.01,fusion_ae_plain_latent,retained_benign_negatives,0.25,0.5,469
none,2026,0.01,fusion_ae_plain_latent,retained_benign_negatives,0.5,0.75,294
none,2026,0.01,fusion_ae_plain_latent,retained_benign_negatives,0.75,1.0,174
none,2026,0.01,fusion_ae_plain_latent,retained_benign_negatives,1.0,1.25,0
none,2026,0.01,fusion_ae_plain_latent,retained_benign_negatives,1.25,inf,0
none,2026,0.01,selective_fusion,recovered_attacks,0.0,0.25,0
none,2026,0.01,selective_fusion,recovered_attacks,0.25,0.5,0
none,2026,0.01,selective_fusion,recovered_attacks,0.5,0.75,0
none,2026,0.01,selective_fusion,recovered_attacks,0.75,1.0,7
none,2026,0.01,selective_fusion,recovered_attacks,1.0,1.25,0
none,2026,0.01,selective_fusion,recovered_attacks,1.25,inf,0
none,2026,0.01,selective_fusion,lost_attacks,0.0,0.25,0
none,2026,0.01,selective_fusion,lost_attacks,0.25,0.5,0
none,2026,0.01,selective_fusion,lost_attacks,0.5,0.75,0
none,2026,0.01,selective_fusion,lost_attacks,0.75,1.0,0
none,2026,0.01,selective_fusion,lost_attacks,1.0,1.25,0
none,2026,0.01,selective_fusion,lost_attacks,1.25,inf,0
none,2026,0.01,selective_fusion,removed_false_alarms,0.0,0.25,0
none,2026,0.01,selective_fusion,removed_false_alarms,0.25,0.5,0
none,2026,0.01,selective_fusion,removed_false_alarms,0.5,0.75,0
none,2026,0.01,selective_fusion,removed_false_alarms,0.75,1.0,0
none,2026,0.01,selective_fusion,removed_false_alarms,1.0,1.25,0
none,2026,0.01,selective_fusion,removed_false_alarms,1.25,inf,0
none,2026,0.01,selective_fusion,added_false_alarms,0.0,0.25,0
none,2026,0.01,selective_fusion,added_false_alarms,0.25,0.5,0
none,2026,0.01,selective_fusion,added_false_alarms,0.5,0.75,0
none,2026,0.01,selective_fusion,added_false_alarms,0.75,1.0,6
none,2026,0.01,selective_fusion,added_false_alarms,1.0,1.25,0
none,2026,0.01,selective_fusion,added_false_alarms,1.25,inf,0
none,2026,0.01,selective_fusion,persistent_attack_misses,0.0,0.25,171
none,2026,0.01,selective_fusion,persistent_attack_misses,0.25,0.5,366
none,2026,0.01,selective_fusion,persistent_attack_misses,0.5,0.75,564
none,2026,0.01,selective_fusion,persistent_attack_misses,0.75,1.0,796
none,2026,0.01,selective_fusion,persistent_attack_misses,1.0,1.25,0
none,2026,0.01,selective_fusion,persistent_attack_misses,1.25,inf,0
none,2026,0.01,selective_fusion,retained_attack_detections,0.0,0.25,0
none,2026,0.01,selective_fusion,retained_attack_detections,0.25,0.5,0
none,2026,0.01,selective_fusion,retained_attack_detections,0.5,0.75,0
none,2026,0.01,selective_fusion,retained_attack_detections,0.75,1.0,0
none,2026,0.01,selective_fusion,retained_attack_detections,1.0,1.25,16164
none,2026,0.01,selective_fusion,retained_attack_detections,1.25,inf,0
none,2026,0.01,selective_fusion,persistent_false_alarms,0.0,0.25,0
none,2026,0.01,selective_fusion,persistent_false_alarms,0.25,0.5,0
none,2026,0.01,selective_fusion,persistent_false_alarms,0.5,0.75,0
none,2026,0.01,selective_fusion,persistent_false_alarms,0.75,1.0,0
none,2026,0.01,selective_fusion,persistent_false_alarms,1.0,1.25,106
none,2026,0.01,selective_fusion,persistent_false_alarms,1.25,inf,0
none,2026,0.01,selective_fusion,retained_benign_negatives,0.0,0.25,7308
none,2026,0.01,selective_fusion,retained_benign_negatives,0.25,0.5,469
none,2026,0.01,selective_fusion,retained_benign_negatives,0.5,0.75,294
none,2026,0.01,selective_fusion,retained_benign_negatives,0.75,1.0,189
none,2026,0.01,selective_fusion,retained_benign_negatives,1.0,1.25,0
none,2026,0.01,selective_fusion,retained_benign_negatives,1.25,inf,0
none,2026,0.03,fusion_ae_plain_latent,recovered_attacks,0.0,0.25,0
none,2026,0.03,fusion_ae_plain_latent,recovered_attacks,0.25,0.5,0
none,2026,0.03,fusion_ae_plain_latent,recovered_attacks,0.5,0.75,0
none,2026,0.03,fusion_ae_plain_latent,recovered_attacks,0.75,1.0,18
none,2026,0.03,fusion_ae_plain_latent,recovered_attacks,1.0,1.25,0
none,2026,0.03,fusion_ae_plain_latent,recovered_attacks,1.25,inf,0
none,2026,0.03,fusion_ae_plain_latent,lost_attacks,0.0,0.25,0
none,2026,0.03,fusion_ae_plain_latent,lost_attacks,0.25,0.5,0
none,2026,0.03,fusion_ae_plain_latent,lost_attacks,0.5,0.75,0
none,2026,0.03,fusion_ae_plain_latent,lost_attacks,0.75,1.0,0
none,2026,0.03,fusion_ae_plain_latent,lost_attacks,1.0,1.25,79
none,2026,0.03,fusion_ae_plain_latent,lost_attacks,1.25,inf,0
none,2026,0.03,fusion_ae_plain_latent,removed_false_alarms,0.0,0.25,0
none,2026,0.03,fusion_ae_plain_latent,removed_false_alarms,0.25,0.5,0
none,2026,0.03,fusion_ae_plain_latent,removed_false_alarms,0.5,0.75,0
none,2026,0.03,fusion_ae_plain_latent,removed_false_alarms,0.75,1.0,0
none,2026,0.03,fusion_ae_plain_latent,removed_false_alarms,1.0,1.25,32
none,2026,0.03,fusion_ae_plain_latent,removed_false_alarms,1.25,inf,0
none,2026,0.03,fusion_ae_plain_latent,added_false_alarms,0.0,0.25,0
none,2026,0.03,fusion_ae_plain_latent,added_false_alarms,0.25,0.5,0
none,2026,0.03,fusion_ae_plain_latent,added_false_alarms,0.5,0.75,0
none,2026,0.03,fusion_ae_plain_latent,added_false_alarms,0.75,1.0,8
none,2026,0.03,fusion_ae_plain_latent,added_false_alarms,1.0,1.25,0
none,2026,0.03,fusion_ae_plain_latent,added_false_alarms,1.25,inf,0
none,2026,0.03,fusion_ae_plain_latent,persistent_attack_misses,0.0,0.25,109
none,2026,0.03,fusion_ae_plain_latent,persistent_attack_misses,0.25,0.5,252
none,2026,0.03,fusion_ae_plain_latent,persistent_attack_misses,0.5,0.75,333
none,2026,0.03,fusion_ae_plain_latent,persistent_attack_misses,0.75,1.0,436
none,2026,0.03,fusion_ae_plain_latent,persistent_attack_misses,1.0,1.25,0
none,2026,0.03,fusion_ae_plain_latent,persistent_attack_misses,1.25,inf,0
none,2026,0.03,fusion_ae_plain_latent,retained_attack_detections,0.0,0.25,0
none,2026,0.03,fusion_ae_plain_latent,retained_attack_detections,0.25,0.5,0
none,2026,0.03,fusion_ae_plain_latent,retained_attack_detections,0.5,0.75,0
none,2026,0.03,fusion_ae_plain_latent,retained_attack_detections,0.75,1.0,0
none,2026,0.03,fusion_ae_plain_latent,retained_attack_detections,1.0,1.25,519
none,2026,0.03,fusion_ae_plain_latent,retained_attack_detections,1.25,inf,16322
none,2026,0.03,fusion_ae_plain_latent,persistent_false_alarms,0.0,0.25,0
none,2026,0.03,fusion_ae_plain_latent,persistent_false_alarms,0.25,0.5,0
none,2026,0.03,fusion_ae_plain_latent,persistent_false_alarms,0.5,0.75,0
none,2026,0.03,fusion_ae_plain_latent,persistent_false_alarms,0.75,1.0,0
none,2026,0.03,fusion_ae_plain_latent,persistent_false_alarms,1.0,1.25,113
none,2026,0.03,fusion_ae_plain_latent,persistent_false_alarms,1.25,inf,144
none,2026,0.03,fusion_ae_plain_latent,retained_benign_negatives,0.0,0.25,7125
none,2026,0.03,fusion_ae_plain_latent,retained_benign_negatives,0.25,0.5,489
none,2026,0.03,fusion_ae_plain_latent,retained_benign_negatives,0.5,0.75,257
none,2026,0.03,fusion_ae_plain_latent,retained_benign_negatives,0.75,1.0,204
none,2026,0.03,fusion_ae_plain_latent,retained_benign_negatives,1.0,1.25,0
none,2026,0.03,fusion_ae_plain_latent,retained_benign_negatives,1.25,inf,0
none,2026,0.03,selective_fusion,recovered_attacks,0.0,0.25,0
none,2026,0.03,selective_fusion,recovered_attacks,0.25,0.5,0
none,2026,0.03,selective_fusion,recovered_attacks,0.5,0.75,0
none,2026,0.03,selective_fusion,recovered_attacks,0.75,1.0,4
none,2026,0.03,selective_fusion,recovered_attacks,1.0,1.25,0
none,2026,0.03,selective_fusion,recovered_attacks,1.25,inf,0
none,2026,0.03,selective_fusion,lost_attacks,0.0,0.25,0
none,2026,0.03,selective_fusion,lost_attacks,0.25,0.5,0
none,2026,0.03,selective_fusion,lost_attacks,0.5,0.75,0
none,2026,0.03,selective_fusion,lost_attacks,0.75,1.0,0
none,2026,0.03,selective_fusion,lost_attacks,1.0,1.25,0
none,2026,0.03,selective_fusion,lost_attacks,1.25,inf,0
none,2026,0.03,selective_fusion,removed_false_alarms,0.0,0.25,0
none,2026,0.03,selective_fusion,removed_false_alarms,0.25,0.5,0
none,2026,0.03,selective_fusion,removed_false_alarms,0.5,0.75,0
none,2026,0.03,selective_fusion,removed_false_alarms,0.75,1.0,0
none,2026,0.03,selective_fusion,removed_false_alarms,1.0,1.25,0
none,2026,0.03,selective_fusion,removed_false_alarms,1.25,inf,0
none,2026,0.03,selective_fusion,added_false_alarms,0.0,0.25,0
none,2026,0.03,selective_fusion,added_false_alarms,0.25,0.5,0
none,2026,0.03,selective_fusion,added_false_alarms,0.5,0.75,0
none,2026,0.03,selective_fusion,added_false_alarms,0.75,1.0,0
none,2026,0.03,selective_fusion,added_false_alarms,1.0,1.25,0
none,2026,0.03,selective_fusion,added_false_alarms,1.25,inf,0
none,2026,0.03,selective_fusion,persistent_attack_misses,0.0,0.25,109
none,2026,0.03,selective_fusion,persistent_attack_misses,0.25,0.5,252
none,2026,0.03,selective_fusion,persistent_attack_misses,0.5,0.75,333
none,2026,0.03,selective_fusion,persistent_attack_misses,0.75,1.0,450
none,2026,0.03,selective_fusion,persistent_attack_misses,1.0,1.25,0
none,2026,0.03,selective_fusion,persistent_attack_misses,1.25,inf,0
none,2026,0.03,selective_fusion,retained_attack_detections,0.0,0.25,0
none,2026,0.03,selective_fusion,retained_attack_detections,0.25,0.5,0
none,2026,0.03,selective_fusion,retained_attack_detections,0.5,0.75,0
none,2026,0.03,selective_fusion,retained_attack_detections,0.75,1.0,0
none,2026,0.03,selective_fusion,retained_attack_detections,1.0,1.25,598
none,2026,0.03,selective_fusion,retained_attack_detections,1.25,inf,16322
none,2026,0.03,selective_fusion,persistent_false_alarms,0.0,0.25,0
none,2026,0.03,selective_fusion,persistent_false_alarms,0.25,0.5,0
none,2026,0.03,selective_fusion,persistent_false_alarms,0.5,0.75,0
none,2026,0.03,selective_fusion,persistent_false_alarms,0.75,1.0,0
none,2026,0.03,selective_fusion,persistent_false_alarms,1.0,1.25,145
none,2026,0.03,selective_fusion,persistent_false_alarms,1.25,inf,144
none,2026,0.03,selective_fusion,retained_benign_negatives,0.0,0.25,7125
none,2026,0.03,selective_fusion,retained_benign_negatives,0.25,0.5,489
none,2026,0.03,selective_fusion,retained_benign_negatives,0.5,0.75,257
none,2026,0.03,selective_fusion,retained_benign_negatives,0.75,1.0,212
none,2026,0.03,selective_fusion,retained_benign_negatives,1.0,1.25,0
none,2026,0.03,selective_fusion,retained_benign_negatives,1.25,inf,0
none,2026,0.05,fusion_ae_plain_latent,recovered_attacks,0.0,0.25,0
none,2026,0.05,fusion_ae_plain_latent,recovered_attacks,0.25,0.5,0
none,2026,0.05,fusion_ae_plain_latent,recovered_attacks,0.5,0.75,1
none,2026,0.05,fusion_ae_plain_latent,recovered_attacks,0.75,1.0,19
none,2026,0.05,fusion_ae_plain_latent,recovered_attacks,1.0,1.25,0
none,2026,0.05,fusion_ae_plain_latent,recovered_attacks,1.25,inf,0
none,2026,0.05,fusion_ae_plain_latent,lost_attacks,0.0,0.25,0
none,2026,0.05,fusion_ae_plain_latent,lost_attacks,0.25,0.5,0
none,2026,0.05,fusion_ae_plain_latent,lost_attacks,0.5,0.75,0
none,2026,0.05,fusion_ae_plain_latent,lost_attacks,0.75,1.0,0
none,2026,0.05,fusion_ae_plain_latent,lost_attacks,1.0,1.25,43
none,2026,0.05,fusion_ae_plain_latent,lost_attacks,1.25,inf,0
none,2026,0.05,fusion_ae_plain_latent,removed_false_alarms,0.0,0.25,0
none,2026,0.05,fusion_ae_plain_latent,removed_false_alarms,0.25,0.5,0
none,2026,0.05,fusion_ae_plain_latent,removed_false_alarms,0.5,0.75,0
none,2026,0.05,fusion_ae_plain_latent,removed_false_alarms,0.75,1.0,0
none,2026,0.05,fusion_ae_plain_latent,removed_false_alarms,1.0,1.25,25
none,2026,0.05,fusion_ae_plain_latent,removed_false_alarms,1.25,inf,0
none,2026,0.05,fusion_ae_plain_latent,added_false_alarms,0.0,0.25,0
none,2026,0.05,fusion_ae_plain_latent,added_false_alarms,0.25,0.5,0
none,2026,0.05,fusion_ae_plain_latent,added_false_alarms,0.5,0.75,0
none,2026,0.05,fusion_ae_plain_latent,added_false_alarms,0.75,1.0,13
none,2026,0.05,fusion_ae_plain_latent,added_false_alarms,1.0,1.25,0
none,2026,0.05,fusion_ae_plain_latent,added_false_alarms,1.25,inf,0
none,2026,0.05,fusion_ae_plain_latent,persistent_attack_misses,0.0,0.25,74
none,2026,0.05,fusion_ae_plain_latent,persistent_attack_misses,0.25,0.5,191
none,2026,0.05,fusion_ae_plain_latent,persistent_attack_misses,0.5,0.75,236
none,2026,0.05,fusion_ae_plain_latent,persistent_attack_misses,0.75,1.0,320
none,2026,0.05,fusion_ae_plain_latent,persistent_attack_misses,1.0,1.25,0
none,2026,0.05,fusion_ae_plain_latent,persistent_attack_misses,1.25,inf,0
none,2026,0.05,fusion_ae_plain_latent,retained_attack_detections,0.0,0.25,0
none,2026,0.05,fusion_ae_plain_latent,retained_attack_detections,0.25,0.5,0
none,2026,0.05,fusion_ae_plain_latent,retained_attack_detections,0.5,0.75,0
none,2026,0.05,fusion_ae_plain_latent,retained_attack_detections,0.75,1.0,0
none,2026,0.05,fusion_ae_plain_latent,retained_attack_detections,1.0,1.25,324
none,2026,0.05,fusion_ae_plain_latent,retained_attack_detections,1.25,inf,16860
none,2026,0.05,fusion_ae_plain_latent,persistent_false_alarms,0.0,0.25,0
none,2026,0.05,fusion_ae_plain_latent,persistent_false_alarms,0.25,0.5,0
none,2026,0.05,fusion_ae_plain_latent,persistent_false_alarms,0.5,0.75,0
none,2026,0.05,fusion_ae_plain_latent,persistent_false_alarms,0.75,1.0,0
none,2026,0.05,fusion_ae_plain_latent,persistent_false_alarms,1.0,1.25,129
none,2026,0.05,fusion_ae_plain_latent,persistent_false_alarms,1.25,inf,269
none,2026,0.05,fusion_ae_plain_latent,retained_benign_negatives,0.0,0.25,7031
none,2026,0.05,fusion_ae_plain_latent,retained_benign_negatives,0.25,0.5,427
none,2026,0.05,fusion_ae_plain_latent,retained_benign_negatives,0.5,0.75,280
none,2026,0.05,fusion_ae_plain_latent,retained_benign_negatives,0.75,1.0,198
none,2026,0.05,fusion_ae_plain_latent,retained_benign_negatives,1.0,1.25,0
none,2026,0.05,fusion_ae_plain_latent,retained_benign_negatives,1.25,inf,0
none,2026,0.05,selective_fusion,recovered_attacks,0.0,0.25,0
none,2026,0.05,selective_fusion,recovered_attacks,0.25,0.5,0
none,2026,0.05,selective_fusion,recovered_attacks,0.5,0.75,0
none,2026,0.05,selective_fusion,recovered_attacks,0.75,1.0,1
none,2026,0.05,selective_fusion,recovered_attacks,1.0,1.25,0
none,2026,0.05,selective_fusion,recovered_attacks,1.25,inf,0
none,2026,0.05,selective_fusion,lost_attacks,0.0,0.25,0
none,2026,0.05,selective_fusion,lost_attacks,0.25,0.5,0
none,2026,0.05,selective_fusion,lost_attacks,0.5,0.75,0
none,2026,0.05,selective_fusion,lost_attacks,0.75,1.0,0
none,2026,0.05,selective_fusion,lost_attacks,1.0,1.25,0
none,2026,0.05,selective_fusion,lost_attacks,1.25,inf,0
none,2026,0.05,selective_fusion,removed_false_alarms,0.0,0.25,0
none,2026,0.05,selective_fusion,removed_false_alarms,0.25,0.5,0
none,2026,0.05,selective_fusion,removed_false_alarms,0.5,0.75,0
none,2026,0.05,selective_fusion,removed_false_alarms,0.75,1.0,0
none,2026,0.05,selective_fusion,removed_false_alarms,1.0,1.25,0
none,2026,0.05,selective_fusion,removed_false_alarms,1.25,inf,0
none,2026,0.05,selective_fusion,added_false_alarms,0.0,0.25,0
none,2026,0.05,selective_fusion,added_false_alarms,0.25,0.5,0
none,2026,0.05,selective_fusion,added_false_alarms,0.5,0.75,0
none,2026,0.05,selective_fusion,added_false_alarms,0.75,1.0,3
none,2026,0.05,selective_fusion,added_false_alarms,1.0,1.25,0
none,2026,0.05,selective_fusion,added_false_alarms,1.25,inf,0
none,2026,0.05,selective_fusion,persistent_attack_misses,0.0,0.25,74
none,2026,0.05,selective_fusion,persistent_attack_misses,0.25,0.5,191
none,2026,0.05,selective_fusion,persistent_attack_misses,0.5,0.75,237
none,2026,0.05,selective_fusion,persistent_attack_misses,0.75,1.0,338
none,2026,0.05,selective_fusion,persistent_attack_misses,1.0,1.25,0
none,2026,0.05,selective_fusion,persistent_attack_misses,1.25,inf,0
none,2026,0.05,selective_fusion,retained_attack_detections,0.0,0.25,0
none,2026,0.05,selective_fusion,retained_attack_detections,0.25,0.5,0
none,2026,0.05,selective_fusion,retained_attack_detections,0.5,0.75,0
none,2026,0.05,selective_fusion,retained_attack_detections,0.75,1.0,0
none,2026,0.05,selective_fusion,retained_attack_detections,1.0,1.25,367
none,2026,0.05,selective_fusion,retained_attack_detections,1.25,inf,16860
none,2026,0.05,selective_fusion,persistent_false_alarms,0.0,0.25,0
none,2026,0.05,selective_fusion,persistent_false_alarms,0.25,0.5,0
none,2026,0.05,selective_fusion,persistent_false_alarms,0.5,0.75,0
none,2026,0.05,selective_fusion,persistent_false_alarms,0.75,1.0,0
none,2026,0.05,selective_fusion,persistent_false_alarms,1.0,1.25,154
none,2026,0.05,selective_fusion,persistent_false_alarms,1.25,inf,269
none,2026,0.05,selective_fusion,retained_benign_negatives,0.0,0.25,7031
none,2026,0.05,selective_fusion,retained_benign_negatives,0.25,0.5,427
none,2026,0.05,selective_fusion,retained_benign_negatives,0.5,0.75,280
none,2026,0.05,selective_fusion,retained_benign_negatives,0.75,1.0,208
none,2026,0.05,selective_fusion,retained_benign_negatives,1.0,1.25,0
none,2026,0.05,selective_fusion,retained_benign_negatives,1.25,inf,0
