precision,recall,f1,fpr,false_alerts_per_1000_benign,roc_auc,pr_auc,recovered_lightgbm_misses,lost_lightgbm_detections,additional_false_positives,removed_false_positives,net_additional_false_positives,net_recovered_attacks,recovered_per_additional_fp,recovery_ratio_status,withheld_family_recall,model,held_family,seed,budget,threshold,calibration_fpr,evaluation_budget_met,conditions_sha256,partition_sha256,data_sha256,calibration_policy,evaluation_policy,scenario,primary_budget_fraction,method_configuration,recall_delta,fpr_delta,detector_checkpoint_sha256,preserves_full_budget_baseline,routed_fraction,auc_score
0.9950361563917147,0.8879956248290949,0.9384735427564084,0.009761388286334056,9.761388286334057,0.9932140495553484,0.9968890450620811,0,0,0,0,0,0,,no_recovery_no_added_fp,,lightgbm,none,42,0.01,0.8630851398710006,0.009872554299048646,True,0b7faf22430359c6f3a96ed9e2c6945a109e3741b71552707344e8dbb69c67dc,b0f674cdecd61bbaaee08408caeb8a9576c33326954530e9bb532fbddfcb02e1,bec7dd5ec88dc2a0ccc7a07879d338395ed7421750f675fd0339e07dfe0648fa,benign calibration only; conservative >= cutoff with ties,frozen decisions on grouped internal development holdout,binary,1.0,lightgbm,0.0,0.0,0c5acc957a5e601bd6548a1b4bdac01d5d28026c16df00f71f9378a6cf16ed91,,,
0.9908730635282815,0.4512441892261416,0.6200961972042688,0.0091588334538443,9.1588334538443,0.8842517376218233,0.9514100644566781,74,8060,69,74,-5,-7986,1.0724637681159421,finite,,ae_plain,none,42,0.01,0.08485395461320878,0.010052055286304075,True,0b7faf22430359c6f3a96ed9e2c6945a109e3741b71552707344e8dbb69c67dc,b0f674cdecd61bbaaee08408caeb8a9576c33326954530e9bb532fbddfcb02e1,bec7dd5ec88dc2a0ccc7a07879d338395ed7421750f675fd0339e07dfe0648fa,benign calibration only; conservative >= cutoff with ties,frozen decisions on grouped internal development holdout,binary,1.0,ae_plain,-0.43675143560295326,-0.0006025548324897559,0c5acc957a5e601bd6548a1b4bdac01d5d28026c16df00f71f9378a6cf16ed91,,,
0.9516678012253234,0.07645611156685808,0.14154095373088996,0.008556278621354543,8.556278621354544,0.9217019424047872,0.9462597236379829,10,14849,68,78,-10,-14839,0.14705882352941177,finite,,ae_scaled,none,42,0.01,0.08992887288331987,0.010052055286304075,True,0b7faf22430359c6f3a96ed9e2c6945a109e3741b71552707344e8dbb69c67dc,b0f674cdecd61bbaaee08408caeb8a9576c33326954530e9bb532fbddfcb02e1,bec7dd5ec88dc2a0ccc7a07879d338395ed7421750f675fd0339e07dfe0648fa,benign calibration only; conservative >= cutoff with ties,frozen decisions on grouped internal development holdout,binary,1.0,ae_scaled,-0.8115395132622368,-0.0012051096649795135,0c5acc957a5e601bd6548a1b4bdac01d5d28026c16df00f71f9378a6cf16ed91,,,
0.9856700863051621,0.3310363686081488,0.49561942192745434,0.010604965051819716,10.604965051819715,0.878222900537162,0.9353274202576569,14,10198,84,77,7,-10184,0.16666666666666666,finite,,isolation_forest,none,42,0.01,0.5615229512929598,0.009693053311793215,False,0b7faf22430359c6f3a96ed9e2c6945a109e3741b71552707344e8dbb69c67dc,b0f674cdecd61bbaaee08408caeb8a9576c33326954530e9bb532fbddfcb02e1,bec7dd5ec88dc2a0ccc7a07879d338395ed7421750f675fd0339e07dfe0648fa,benign calibration only; conservative >= cutoff with ties,frozen decisions on grouped internal development holdout,binary,1.0,isolation_forest,-0.5569592562209461,0.0008435767654856596,0c5acc957a5e601bd6548a1b4bdac01d5d28026c16df00f71f9378a6cf16ed91,,,
0.9755753875058712,0.11359037462400876,0.2034878024884883,0.006266570257893469,6.266570257893468,0.9080818536056372,0.9440757693349011,17,14177,49,78,-29,-14160,0.3469387755102041,finite,,ae_denoising,none,42,0.01,1.3127440214157107,0.010052055286304075,True,0b7faf22430359c6f3a96ed9e2c6945a109e3741b71552707344e8dbb69c67dc,b0f674cdecd61bbaaee08408caeb8a9576c33326954530e9bb532fbddfcb02e1,bec7dd5ec88dc2a0ccc7a07879d338395ed7421750f675fd0339e07dfe0648fa,benign calibration only; conservative >= cutoff with ties,frozen decisions on grouped internal development holdout,binary,1.0,ae_denoising,-0.7744052502050861,-0.003494818028440588,0c5acc957a5e601bd6548a1b4bdac01d5d28026c16df00f71f9378a6cf16ed91,,,
0.9576968272620446,0.08914410719168718,0.16310601891229298,0.008676789587852495,8.676789587852495,0.9121221444058164,0.9376186839498671,11,14618,68,77,-9,-14607,0.16176470588235295,finite,,ae_latent,none,42,0.01,79.99049905867692,0.009872554299048646,True,0b7faf22430359c6f3a96ed9e2c6945a109e3741b71552707344e8dbb69c67dc,b0f674cdecd61bbaaee08408caeb8a9576c33326954530e9bb532fbddfcb02e1,bec7dd5ec88dc2a0ccc7a07879d338395ed7421750f675fd0339e07dfe0648fa,benign calibration only; conservative >= cutoff with ties,frozen decisions on grouped internal development holdout,binary,1.0,ae_latent,-0.7988515176374077,-0.0010845986984815616,0c5acc957a5e601bd6548a1b4bdac01d5d28026c16df00f71f9378a6cf16ed91,,,
0.9952038369304557,0.8851517637407711,0.9369572768322334,0.009399855386840203,9.399855386840203,0.9921453970577659,0.9960340679068431,70,122,10,13,-3,-52,7.0,finite,,learned_fusion,none,42,0.01,0.9289502077732996,0.009872554299048646,True,0b7faf22430359c6f3a96ed9e2c6945a109e3741b71552707344e8dbb69c67dc,b0f674cdecd61bbaaee08408caeb8a9576c33326954530e9bb532fbddfcb02e1,bec7dd5ec88dc2a0ccc7a07879d338395ed7421750f675fd0339e07dfe0648fa,benign calibration only; conservative >= cutoff with ties,frozen decisions on grouped internal development holdout,binary,1.0,learned_fusion,-0.002843861088323796,-0.0003615328994938539,0c5acc957a5e601bd6548a1b4bdac01d5d28026c16df00f71f9378a6cf16ed91,,,
0.9967407600547552,0.836259228876128,0.9094748111580325,0.006025548324897566,6.025548324897565,0.9893668465203043,0.9950443078641598,9,955,34,65,-31,-946,0.2647058823529412,finite,,rank_or,none,42,0.01,0.9967982924226255,0.008975049362771496,True,0b7faf22430359c6f3a96ed9e2c6945a109e3741b71552707344e8dbb69c67dc,b0f674cdecd61bbaaee08408caeb8a9576c33326954530e9bb532fbddfcb02e1,bec7dd5ec88dc2a0ccc7a07879d338395ed7421750f675fd0339e07dfe0648fa,benign calibration only; conservative >= cutoff with ties,frozen decisions on grouped internal development holdout,binary,1.0,rank_or,-0.05173639595296686,-0.0037358399614364907,0c5acc957a5e601bd6548a1b4bdac01d5d28026c16df00f71f9378a6cf16ed91,,,
0.9950361563917147,0.8879956248290949,0.9384735427564084,0.009761388286334056,9.761388286334057,0.9932140495553484,0.9968890450620811,0,0,0,0,0,0,,no_recovery_no_added_fp,,fusion_control,none,42,0.01,0.9404455653439056,0.009872554299048646,True,0b7faf22430359c6f3a96ed9e2c6945a109e3741b71552707344e8dbb69c67dc,b0f674cdecd61bbaaee08408caeb8a9576c33326954530e9bb532fbddfcb02e1,bec7dd5ec88dc2a0ccc7a07879d338395ed7421750f675fd0339e07dfe0648fa,benign calibration only; conservative >= cutoff with ties,frozen decisions on grouped internal development holdout,binary,1.0,['lightgbm'],0.0,0.0,0c5acc957a5e601bd6548a1b4bdac01d5d28026c16df00f71f9378a6cf16ed91,,,
0.9950221238938053,0.8854799015586546,0.9370605087247157,0.009761388286334056,9.761388286334057,0.9921247055521977,0.9960714195879333,76,122,12,12,0,-46,6.333333333333333,finite,,fusion_latent,none,42,0.01,0.9293381994739696,0.009872554299048646,True,0b7faf22430359c6f3a96ed9e2c6945a109e3741b71552707344e8dbb69c67dc,b0f674cdecd61bbaaee08408caeb8a9576c33326954530e9bb532fbddfcb02e1,bec7dd5ec88dc2a0ccc7a07879d338395ed7421750f675fd0339e07dfe0648fa,benign calibration only; conservative >= cutoff with ties,frozen decisions on grouped internal development holdout,binary,1.0,"['lightgbm', 'ae_latent']",-0.002515723270440251,0.0,0c5acc957a5e601bd6548a1b4bdac01d5d28026c16df00f71f9378a6cf16ed91,,,
0.9949739503524364,0.8877768662838392,0.9383236994219654,0.009881899252832008,9.881899252832008,0.992428639020917,0.9958482972976026,56,60,6,5,1,-4,9.333333333333334,finite,,fusion_ae_plain,none,42,0.01,0.924590936582891,0.009872554299048646,True,0b7faf22430359c6f3a96ed9e2c6945a109e3741b71552707344e8dbb69c67dc,b0f674cdecd61bbaaee08408caeb8a9576c33326954530e9bb532fbddfcb02e1,bec7dd5ec88dc2a0ccc7a07879d338395ed7421750f675fd0339e07dfe0648fa,benign calibration only; conservative >= cutoff with ties,frozen decisions on grouped internal development holdout,binary,1.0,"['lightgbm', 'ae_plain']",-0.00021875854525565952,0.00012051096649795187,0c5acc957a5e601bd6548a1b4bdac01d5d28026c16df00f71f9378a6cf16ed91,,,
0.9950233472597689,0.8856986601039103,0.9371835305691386,0.009761388286334056,9.761388286334057,0.9922236023149968,0.9957995800511903,67,109,9,9,0,-42,7.444444444444445,finite,,fusion_ae_plain_latent,none,42,0.01,0.9216750157443121,0.009872554299048646,True,0b7faf22430359c6f3a96ed9e2c6945a109e3741b71552707344e8dbb69c67dc,b0f674cdecd61bbaaee08408caeb8a9576c33326954530e9bb532fbddfcb02e1,bec7dd5ec88dc2a0ccc7a07879d338395ed7421750f675fd0339e07dfe0648fa,benign calibration only; conservative >= cutoff with ties,frozen decisions on grouped internal development holdout,binary,1.0,"['lightgbm', 'ae_plain', 'ae_latent']",-0.0022969647251845915,0.0,0c5acc957a5e601bd6548a1b4bdac01d5d28026c16df00f71f9378a6cf16ed91,,,
0.9952103162419405,0.8863549357396774,0.9376337865201041,0.009399855386840203,9.399855386840203,0.9925088610326324,0.9961328186227398,28,58,3,6,-3,-30,9.333333333333334,finite,,fusion_ae_denoising,none,42,0.01,0.9364003149637588,0.009872554299048646,True,0b7faf22430359c6f3a96ed9e2c6945a109e3741b71552707344e8dbb69c67dc,b0f674cdecd61bbaaee08408caeb8a9576c33326954530e9bb532fbddfcb02e1,bec7dd5ec88dc2a0ccc7a07879d338395ed7421750f675fd0339e07dfe0648fa,benign calibration only; conservative >= cutoff with ties,frozen decisions on grouped internal development holdout,binary,1.0,"['lightgbm', 'ae_denoising']",-0.001640689089417502,-0.0003615328994938539,0c5acc957a5e601bd6548a1b4bdac01d5d28026c16df00f71f9378a6cf16ed91,,,
0.9952038369304557,0.8851517637407711,0.9369572768322334,0.009399855386840203,9.399855386840203,0.9921453970577659,0.9960340679068431,70,122,10,13,-3,-52,7.0,finite,,fusion_ae_denoising_latent,none,42,0.01,0.9289502077732996,0.009872554299048646,True,0b7faf22430359c6f3a96ed9e2c6945a109e3741b71552707344e8dbb69c67dc,b0f674cdecd61bbaaee08408caeb8a9576c33326954530e9bb532fbddfcb02e1,bec7dd5ec88dc2a0ccc7a07879d338395ed7421750f675fd0339e07dfe0648fa,benign calibration only; conservative >= cutoff with ties,frozen decisions on grouped internal development holdout,binary,1.0,"['lightgbm', 'ae_denoising', 'ae_latent']",-0.002843861088323796,-0.0003615328994938539,0c5acc957a5e601bd6548a1b4bdac01d5d28026c16df00f71f9378a6cf16ed91,,,
0.9956744732126306,0.881214109926169,0.9349541603806429,0.008435767654856591,8.435767654856592,0.9921829179181584,0.9952024519633459,9,133,8,19,-11,-124,1.125,finite,,fusion_ae_scaled,none,42,0.01,0.9434853364325575,0.009693053311793215,True,0b7faf22430359c6f3a96ed9e2c6945a109e3741b71552707344e8dbb69c67dc,b0f674cdecd61bbaaee08408caeb8a9576c33326954530e9bb532fbddfcb02e1,bec7dd5ec88dc2a0ccc7a07879d338395ed7421750f675fd0339e07dfe0648fa,benign calibration only; conservative >= cutoff with ties,frozen decisions on grouped internal development holdout,binary,1.0,"['lightgbm', 'ae_scaled']",-0.006781514902925889,-0.0013256206314774654,0c5acc957a5e601bd6548a1b4bdac01d5d28026c16df00f71f9378a6cf16ed91,,,
0.9947769448199583,0.8853705222860268,0.9368905350270552,0.010243432152325862,10.243432152325862,0.9920408355875177,0.9960130161882896,69,117,14,10,4,-48,4.928571428571429,finite,,fusion_ae_scaled_latent,none,42,0.01,0.92900712636693,0.009872554299048646,False,0b7faf22430359c6f3a96ed9e2c6945a109e3741b71552707344e8dbb69c67dc,b0f674cdecd61bbaaee08408caeb8a9576c33326954530e9bb532fbddfcb02e1,bec7dd5ec88dc2a0ccc7a07879d338395ed7421750f675fd0339e07dfe0648fa,benign calibration only; conservative >= cutoff with ties,frozen decisions on grouped internal development holdout,binary,1.0,"['lightgbm', 'ae_scaled', 'ae_latent']",-0.0026251025430681363,0.00048204386599180575,0c5acc957a5e601bd6548a1b4bdac01d5d28026c16df00f71f9378a6cf16ed91,,,
0.9950379808870375,0.8883237626469784,0.9386575746193186,0.009761388286334056,9.761388286334057,0.9929639060922658,0.9967837715030791,6,0,0,0,0,6,,recovery_without_additional_fp,,selective_fusion,none,42,0.01,0.9621563684600509,0.009872554299048646,True,0b7faf22430359c6f3a96ed9e2c6945a109e3741b71552707344e8dbb69c67dc,b0f674cdecd61bbaaee08408caeb8a9576c33326954530e9bb532fbddfcb02e1,bec7dd5ec88dc2a0ccc7a07879d338395ed7421750f675fd0339e07dfe0648fa,benign calibration only; conservative >= cutoff with ties,frozen decisions on grouped internal development holdout,binary,1.0,selective_fusion,0.0003281378178835448,0.0,0c5acc957a5e601bd6548a1b4bdac01d5d28026c16df00f71f9378a6cf16ed91,True,0.07858405748034458,budget-dependent conditional ranking
0.9949167074963253,0.8884331419196062,0.9386646635657123,0.010002410219329958,10.00241021932996,0.992958943294466,0.9967814292854406,70,62,10,8,2,8,7.0,finite,,selective_fusion_primary_0.75,none,42,0.01,0.9292852494259719,0.009693053311793215,False,0b7faf22430359c6f3a96ed9e2c6945a109e3741b71552707344e8dbb69c67dc,b0f674cdecd61bbaaee08408caeb8a9576c33326954530e9bb532fbddfcb02e1,bec7dd5ec88dc2a0ccc7a07879d338395ed7421750f675fd0339e07dfe0648fa,benign calibration only; conservative >= cutoff with ties,frozen decisions on grouped internal development holdout,binary,0.75,selective_fusion_primary_0.75,0.00043751709051131904,0.000241021932995902,0c5acc957a5e601bd6548a1b4bdac01d5d28026c16df00f71f9378a6cf16ed91,False,0.08238347816273558,budget-dependent conditional ranking
0.9951432435755564,0.885261143013399,0.9369916934386848,0.009520366353338154,9.520366353338154,0.9929385220076355,0.9967718999034643,70,120,10,12,-2,-50,7.0,finite,,selective_fusion_primary_0.5,none,42,0.01,0.9290240799304925,0.009693053311793215,True,0b7faf22430359c6f3a96ed9e2c6945a109e3741b71552707344e8dbb69c67dc,b0f674cdecd61bbaaee08408caeb8a9576c33326954530e9bb532fbddfcb02e1,bec7dd5ec88dc2a0ccc7a07879d338395ed7421750f675fd0339e07dfe0648fa,benign calibration only; conservative >= cutoff with ties,frozen decisions on grouped internal development holdout,binary,0.5,selective_fusion_primary_0.5,-0.0027344818156959105,-0.000241021932995902,0c5acc957a5e601bd6548a1b4bdac01d5d28026c16df00f71f9378a6cf16ed91,False,0.08900425083700109,budget-dependent conditional ranking
0.9867792661619104,0.9266065080667214,0.9557467211958821,0.02735598939503495,27.35598939503495,0.9932140495553484,0.9968890450620811,0,0,0,0,0,0,,no_recovery_no_added_fp,,lightgbm,none,42,0.03,0.6978202256256647,0.029976664871656795,True,0b7faf22430359c6f3a96ed9e2c6945a109e3741b71552707344e8dbb69c67dc,b0f674cdecd61bbaaee08408caeb8a9576c33326954530e9bb532fbddfcb02e1,bec7dd5ec88dc2a0ccc7a07879d338395ed7421750f675fd0339e07dfe0648fa,benign calibration only; conservative >= cutoff with ties,frozen decisions on grouped internal development holdout,binary,1.0,lightgbm,0.0,0.0,0c5acc957a5e601bd6548a1b4bdac01d5d28026c16df00f71f9378a6cf16ed91,,,
0.9815426775207544,0.6660103910308997,0.7935618402189496,0.02759701132803085,27.597011328030852,0.8842517376218233,0.9514100644566781,72,4837,194,192,2,-4765,0.3711340206185567,finite,,ae_plain,none,42,0.03,0.038161028176546104,0.030156165858912225,True,0b7faf22430359c6f3a96ed9e2c6945a109e3741b71552707344e8dbb69c67dc,b0f674cdecd61bbaaee08408caeb8a9576c33326954530e9bb532fbddfcb02e1,bec7dd5ec88dc2a0ccc7a07879d338395ed7421750f675fd0339e07dfe0648fa,benign calibration only; conservative >= cutoff with ties,frozen decisions on grouped internal development holdout,binary,1.0,ae_plain,-0.26059611703582175,0.00024102193299590027,0c5acc957a5e601bd6548a1b4bdac01d5d28026c16df00f71f9378a6cf16ed91,,,
0.966585732454619,0.45720535958435876,0.6207767134476869,0.03482766931790793,34.82766931790793,0.9217019424047872,0.9462597236379829,63,8646,258,196,62,-8583,0.2441860465116279,finite,,ae_scaled,none,42,0.03,0.030271381139755252,0.030156165858912225,False,0b7faf22430359c6f3a96ed9e2c6945a109e3741b71552707344e8dbb69c67dc,b0f674cdecd61bbaaee08408caeb8a9576c33326954530e9bb532fbddfcb02e1,bec7dd5ec88dc2a0ccc7a07879d338395ed7421750f675fd0339e07dfe0648fa,benign calibration only; conservative >= cutoff with ties,frozen decisions on grouped internal development holdout,binary,1.0,ae_scaled,-0.46940114848236264,0.007471679922872978,0c5acc957a5e601bd6548a1b4bdac01d5d28026c16df00f71f9378a6cf16ed91,,,
0.9653992395437262,0.4165709598031173,0.5820057306590258,0.03289949385394071,32.89949385394071,0.878222900537162,0.9353274202576569,24,9350,253,207,46,-9326,0.09486166007905138,finite,,isolation_forest,none,42,0.03,0.5226431747215449,0.029976664871656795,False,0b7faf22430359c6f3a96ed9e2c6945a109e3741b71552707344e8dbb69c67dc,b0f674cdecd61bbaaee08408caeb8a9576c33326954530e9bb532fbddfcb02e1,bec7dd5ec88dc2a0ccc7a07879d338395ed7421750f675fd0339e07dfe0648fa,benign calibration only; conservative >= cutoff with ties,frozen decisions on grouped internal development holdout,binary,1.0,isolation_forest,-0.5100355482636041,0.005543504458905762,0c5acc957a5e601bd6548a1b4bdac01d5d28026c16df00f71f9378a6cf16ed91,,,
0.9702132336777314,0.4827454197429587,0.6447065697695651,0.03265847192094481,32.658471920944805,0.9080818536056372,0.9440757693349011,84,8200,229,185,44,-8116,0.36681222707423583,finite,,ae_denoising,none,42,0.03,0.29098653793334966,0.030156165858912225,False,0b7faf22430359c6f3a96ed9e2c6945a109e3741b71552707344e8dbb69c67dc,b0f674cdecd61bbaaee08408caeb8a9576c33326954530e9bb532fbddfcb02e1,bec7dd5ec88dc2a0ccc7a07879d338395ed7421750f675fd0339e07dfe0648fa,benign calibration only; conservative >= cutoff with ties,frozen decisions on grouped internal development holdout,binary,1.0,ae_denoising,-0.4438610883237627,0.005302482525909858,0c5acc957a5e601bd6548a1b4bdac01d5d28026c16df00f71f9378a6cf16ed91,,,
0.9643508771929824,0.3757724911129341,0.5408107044470681,0.030609785490479633,30.609785490479634,0.9121221444058164,0.9376186839498671,62,10134,230,203,27,-10072,0.26956521739130435,finite,,ae_latent,none,42,0.03,37.22464754312106,0.029797163884401363,False,0b7faf22430359c6f3a96ed9e2c6945a109e3741b71552707344e8dbb69c67dc,b0f674cdecd61bbaaee08408caeb8a9576c33326954530e9bb532fbddfcb02e1,bec7dd5ec88dc2a0ccc7a07879d338395ed7421750f675fd0339e07dfe0648fa,benign calibration only; conservative >= cutoff with ties,frozen decisions on grouped internal development holdout,binary,1.0,ae_latent,-0.5508340169537873,0.003253796095444683,0c5acc957a5e601bd6548a1b4bdac01d5d28026c16df00f71f9378a6cf16ed91,,,
0.9866588989222255,0.9262236806125239,0.9554866008462624,0.02759701132803085,27.597011328030852,0.9921453970577659,0.9960340679068431,37,44,11,9,2,-7,3.3636363636363638,finite,,learned_fusion,none,42,0.03,0.7736837941692013,0.029976664871656795,True,0b7faf22430359c6f3a96ed9e2c6945a109e3741b71552707344e8dbb69c67dc,b0f674cdecd61bbaaee08408caeb8a9576c33326954530e9bb532fbddfcb02e1,bec7dd5ec88dc2a0ccc7a07879d338395ed7421750f675fd0339e07dfe0648fa,benign calibration only; conservative >= cutoff with ties,frozen decisions on grouped internal development holdout,binary,1.0,learned_fusion,-0.0003828274541974874,0.00024102193299590027,0c5acc957a5e601bd6548a1b4bdac01d5d28026c16df00f71f9378a6cf16ed91,,,
0.9872561924135456,0.9024336888159694,0.942941226892197,0.02566883586406363,25.66883586406363,0.9893668465203043,0.9950443078641598,23,465,101,115,-14,-442,0.22772277227722773,finite,,rank_or,none,42,0.03,0.9857701885450019,0.029258660922635075,True,0b7faf22430359c6f3a96ed9e2c6945a109e3741b71552707344e8dbb69c67dc,b0f674cdecd61bbaaee08408caeb8a9576c33326954530e9bb532fbddfcb02e1,bec7dd5ec88dc2a0ccc7a07879d338395ed7421750f675fd0339e07dfe0648fa,benign calibration only; conservative >= cutoff with ties,frozen decisions on grouped internal development holdout,binary,1.0,rank_or,-0.024172819250751987,-0.0016871535309713193,0c5acc957a5e601bd6548a1b4bdac01d5d28026c16df00f71f9378a6cf16ed91,,,
0.9867792661619104,0.9266065080667214,0.9557467211958821,0.02735598939503495,27.35598939503495,0.9932140495553484,0.9968890450620811,0,0,0,0,0,0,,no_recovery_no_added_fp,,fusion_control,none,42,0.03,0.7936983614622255,0.029976664871656795,True,0b7faf22430359c6f3a96ed9e2c6945a109e3741b71552707344e8dbb69c67dc,b0f674cdecd61bbaaee08408caeb8a9576c33326954530e9bb532fbddfcb02e1,bec7dd5ec88dc2a0ccc7a07879d338395ed7421750f675fd0339e07dfe0648fa,benign calibration only; conservative >= cutoff with ties,frozen decisions on grouped internal development holdout,binary,1.0,['lightgbm'],0.0,0.0,0c5acc957a5e601bd6548a1b4bdac01d5d28026c16df00f71f9378a6cf16ed91,,,
0.9867684775005829,0.9258408531583265,0.955334217431788,0.02735598939503495,27.35598939503495,0.9921247055521977,0.9960714195879333,35,49,11,11,0,-14,3.1818181818181817,finite,,fusion_latent,none,42,0.03,0.7796192197074174,0.029976664871656795,True,0b7faf22430359c6f3a96ed9e2c6945a109e3741b71552707344e8dbb69c67dc,b0f674cdecd61bbaaee08408caeb8a9576c33326954530e9bb532fbddfcb02e1,bec7dd5ec88dc2a0ccc7a07879d338395ed7421750f675fd0339e07dfe0648fa,benign calibration only; conservative >= cutoff with ties,frozen decisions on grouped internal development holdout,binary,1.0,"['lightgbm', 'ae_latent']",-0.0007656549083948638,0.0,0c5acc957a5e601bd6548a1b4bdac01d5d28026c16df00f71f9378a6cf16ed91,,,
0.9874985395490128,0.9244736122504785,0.9549473208485156,0.025789346830561583,25.78934683056158,0.992428639020917,0.9958482972976026,17,56,4,17,-13,-39,4.25,finite,,fusion_ae_plain,none,42,0.03,0.7690961286347447,0.029976664871656795,True,0b7faf22430359c6f3a96ed9e2c6945a109e3741b71552707344e8dbb69c67dc,b0f674cdecd61bbaaee08408caeb8a9576c33326954530e9bb532fbddfcb02e1,bec7dd5ec88dc2a0ccc7a07879d338395ed7421750f675fd0339e07dfe0648fa,benign calibration only; conservative >= cutoff with ties,frozen decisions on grouped internal development holdout,binary,1.0,"['lightgbm', 'ae_plain']",-0.0021328958162428746,-0.0015666425644733674,0c5acc957a5e601bd6548a1b4bdac01d5d28026c16df00f71f9378a6cf16ed91,,,
0.9867692487031532,0.9258955427946404,0.9553636927938604,0.02735598939503495,27.35598939503495,0.9922236023149968,0.9957995800511903,32,45,12,12,0,-13,2.6666666666666665,finite,,fusion_ae_plain_latent,none,42,0.03,0.7606295019540642,0.029976664871656795,True,0b7faf22430359c6f3a96ed9e2c6945a109e3741b71552707344e8dbb69c67dc,b0f674cdecd61bbaaee08408caeb8a9576c33326954530e9bb532fbddfcb02e1,bec7dd5ec88dc2a0ccc7a07879d338395ed7421750f675fd0339e07dfe0648fa,benign calibration only; conservative >= cutoff with ties,frozen decisions on grouped internal development holdout,binary,1.0,"['lightgbm', 'ae_plain', 'ae_latent']",-0.0007109652720810322,0.0,0c5acc957a5e601bd6548a1b4bdac01d5d28026c16df00f71f9378a6cf16ed91,,,
0.9872775021885031,0.9251845775225594,0.9552230378317335,0.026271390696553387,26.271390696553386,0.9925088610326324,0.9961328186227398,16,42,3,12,-9,-26,5.333333333333333,finite,,fusion_ae_denoising,none,42,0.03,0.7850791442251026,0.029976664871656795,True,0b7faf22430359c6f3a96ed9e2c6945a109e3741b71552707344e8dbb69c67dc,b0f674cdecd61bbaaee08408caeb8a9576c33326954530e9bb532fbddfcb02e1,bec7dd5ec88dc2a0ccc7a07879d338395ed7421750f675fd0339e07dfe0648fa,benign calibration only; conservative >= cutoff with ties,frozen decisions on grouped internal development holdout,binary,1.0,"['lightgbm', 'ae_denoising']",-0.0014219305441619534,-0.0010845986984815634,0c5acc957a5e601bd6548a1b4bdac01d5d28026c16df00f71f9378a6cf16ed91,,,
0.9866588989222255,0.9262236806125239,0.9554866008462624,0.02759701132803085,27.597011328030852,0.9921453970577659,0.9960340679068431,37,44,11,9,2,-7,3.3636363636363638,finite,,fusion_ae_denoising_latent,none,42,0.03,0.7736837941692013,0.029976664871656795,True,0b7faf22430359c6f3a96ed9e2c6945a109e3741b71552707344e8dbb69c67dc,b0f674cdecd61bbaaee08408caeb8a9576c33326954530e9bb532fbddfcb02e1,bec7dd5ec88dc2a0ccc7a07879d338395ed7421750f675fd0339e07dfe0648fa,benign calibration only; conservative >= cutoff with ties,frozen decisions on grouped internal development holdout,binary,1.0,"['lightgbm', 'ae_denoising', 'ae_latent']",-0.0003828274541974874,0.00024102193299590027,0c5acc957a5e601bd6548a1b4bdac01d5d28026c16df00f71f9378a6cf16ed91,,,
0.987260402057036,0.9239267158873393,0.9545441704099218,0.026271390696553387,26.271390696553386,0.9921829179181584,0.9952024519633459,11,60,7,16,-9,-49,1.5714285714285714,finite,,fusion_ae_scaled,none,42,0.03,0.793125311553582,0.029617662897145933,True,0b7faf22430359c6f3a96ed9e2c6945a109e3741b71552707344e8dbb69c67dc,b0f674cdecd61bbaaee08408caeb8a9576c33326954530e9bb532fbddfcb02e1,bec7dd5ec88dc2a0ccc7a07879d338395ed7421750f675fd0339e07dfe0648fa,benign calibration only; conservative >= cutoff with ties,frozen decisions on grouped internal development holdout,binary,1.0,"['lightgbm', 'ae_scaled']",-0.002679792179382079,-0.0010845986984815634,0c5acc957a5e601bd6548a1b4bdac01d5d28026c16df00f71f9378a6cf16ed91,,,
0.9865920485018072,0.9255674049767569,0.9551059567143543,0.027717522294528802,27.717522294528802,0.9920408355875177,0.9960130161882896,30,49,14,11,3,-19,2.142857142857143,finite,,fusion_ae_scaled_latent,none,42,0.03,0.7804498367186045,0.029976664871656795,True,0b7faf22430359c6f3a96ed9e2c6945a109e3741b71552707344e8dbb69c67dc,b0f674cdecd61bbaaee08408caeb8a9576c33326954530e9bb532fbddfcb02e1,bec7dd5ec88dc2a0ccc7a07879d338395ed7421750f675fd0339e07dfe0648fa,benign calibration only; conservative >= cutoff with ties,frozen decisions on grouped internal development holdout,binary,1.0,"['lightgbm', 'ae_scaled', 'ae_latent']",-0.001039103089964466,0.00036153289949385214,0c5acc957a5e601bd6548a1b4bdac01d5d28026c16df00f71f9378a6cf16ed91,,,
0.9867792661619104,0.9266065080667214,0.9557467211958821,0.02735598939503495,27.35598939503495,0.9930452715905924,0.9968198103490634,0,0,0,0,0,0,,no_recovery_no_added_fp,,selective_fusion,none,42,0.03,0.9290240918091556,0.029976664871656795,True,0b7faf22430359c6f3a96ed9e2c6945a109e3741b71552707344e8dbb69c67dc,b0f674cdecd61bbaaee08408caeb8a9576c33326954530e9bb532fbddfcb02e1,bec7dd5ec88dc2a0ccc7a07879d338395ed7421750f675fd0339e07dfe0648fa,benign calibration only; conservative >= cutoff with ties,frozen decisions on grouped internal development holdout,binary,1.0,selective_fusion,0.0,0.0,0c5acc957a5e601bd6548a1b4bdac01d5d28026c16df00f71f9378a6cf16ed91,True,0.0586465034044314,budget-dependent conditional ranking
0.9866588989222255,0.9262236806125239,0.9554866008462624,0.02759701132803085,27.597011328030852,0.9930177125746553,0.9968077273796494,37,44,11,9,2,-7,3.3636363636363638,finite,,selective_fusion_primary_0.75,none,42,0.03,0.7736838347332605,0.029797163884401363,True,0b7faf22430359c6f3a96ed9e2c6945a109e3741b71552707344e8dbb69c67dc,b0f674cdecd61bbaaee08408caeb8a9576c33326954530e9bb532fbddfcb02e1,bec7dd5ec88dc2a0ccc7a07879d338395ed7421750f675fd0339e07dfe0648fa,benign calibration only; conservative >= cutoff with ties,frozen decisions on grouped internal development holdout,binary,0.75,selective_fusion_primary_0.75,-0.0003828274541974874,0.00024102193299590027,0c5acc957a5e601bd6548a1b4bdac01d5d28026c16df00f71f9378a6cf16ed91,False,0.0641387352819471,budget-dependent conditional ranking
0.9866588989222255,0.9262236806125239,0.9554866008462624,0.02759701132803085,27.597011328030852,0.9929862947033239,0.9967937356757682,37,44,11,9,2,-7,3.3636363636363638,finite,,selective_fusion_primary_0.5,none,42,0.03,0.7736838347332605,0.029797163884401363,True,0b7faf22430359c6f3a96ed9e2c6945a109e3741b71552707344e8dbb69c67dc,b0f674cdecd61bbaaee08408caeb8a9576c33326954530e9bb532fbddfcb02e1,bec7dd5ec88dc2a0ccc7a07879d338395ed7421750f675fd0339e07dfe0648fa,benign calibration only; conservative >= cutoff with ties,frozen decisions on grouped internal development holdout,binary,0.5,selective_fusion_primary_0.5,-0.0003828274541974874,0.00024102193299590027,0c5acc957a5e601bd6548a1b4bdac01d5d28026c16df00f71f9378a6cf16ed91,False,0.07094759808900425,budget-dependent conditional ranking
0.9771168334645226,0.9504511894995898,0.9635995675196141,0.049047963364666186,49.04796336466619,0.9932140495553484,0.9968890450620811,0,0,0,0,0,0,,no_recovery_no_added_fp,,lightgbm,none,42,0.05,0.5515350455724304,0.049901274457009516,True,0b7faf22430359c6f3a96ed9e2c6945a109e3741b71552707344e8dbb69c67dc,b0f674cdecd61bbaaee08408caeb8a9576c33326954530e9bb532fbddfcb02e1,bec7dd5ec88dc2a0ccc7a07879d338395ed7421750f675fd0339e07dfe0648fa,benign calibration only; conservative >= cutoff with ties,frozen decisions on grouped internal development holdout,binary,1.0,lightgbm,0.0,0.0,0c5acc957a5e601bd6548a1b4bdac01d5d28026c16df00f71f9378a6cf16ed91,,,
0.9703672787979967,0.7629204265791633,0.8542298153761366,0.05133767172812726,51.33767172812726,0.8842517376218233,0.9514100644566781,97,3526,338,319,19,-3429,0.2869822485207101,finite,,ae_plain,none,42,0.05,0.024744737893342975,0.050080775444264945,False,0b7faf22430359c6f3a96ed9e2c6945a109e3741b71552707344e8dbb69c67dc,b0f674cdecd61bbaaee08408caeb8a9576c33326954530e9bb532fbddfcb02e1,bec7dd5ec88dc2a0ccc7a07879d338395ed7421750f675fd0339e07dfe0648fa,benign calibration only; conservative >= cutoff with ties,frozen decisions on grouped internal development holdout,binary,1.0,ae_plain,-0.18753076292042659,0.002289708363461075,0c5acc957a5e601bd6548a1b4bdac01d5d28026c16df00f71f9378a6cf16ed91,,,
0.955994070780063,0.5643423571233251,0.7097217923587469,0.05724270908652687,57.24270908652687,0.9217019424047872,0.9462597236379829,70,7130,398,330,68,-7060,0.17587939698492464,finite,,ae_scaled,none,42,0.05,0.02149748615920544,0.050080775444264945,False,0b7faf22430359c6f3a96ed9e2c6945a109e3741b71552707344e8dbb69c67dc,b0f674cdecd61bbaaee08408caeb8a9576c33326954530e9bb532fbddfcb02e1,bec7dd5ec88dc2a0ccc7a07879d338395ed7421750f675fd0339e07dfe0648fa,benign calibration only; conservative >= cutoff with ties,frozen decisions on grouped internal development holdout,binary,1.0,ae_scaled,-0.3861088323762647,0.008194745721860686,0c5acc957a5e601bd6548a1b4bdac01d5d28026c16df00f71f9378a6cf16ed91,,,
0.9541075874012339,0.48208914410719167,0.6405318994332219,0.05109664979513136,51.096649795131356,0.878222900537162,0.9353274202576569,55,8619,376,359,17,-8564,0.14627659574468085,finite,,isolation_forest,none,42,0.05,0.500143925008034,0.04900376952073236,False,0b7faf22430359c6f3a96ed9e2c6945a109e3741b71552707344e8dbb69c67dc,b0f674cdecd61bbaaee08408caeb8a9576c33326954530e9bb532fbddfcb02e1,bec7dd5ec88dc2a0ccc7a07879d338395ed7421750f675fd0339e07dfe0648fa,benign calibration only; conservative >= cutoff with ties,frozen decisions on grouped internal development holdout,binary,1.0,isolation_forest,-0.4683620453923982,0.0020486864304651714,0c5acc957a5e601bd6548a1b4bdac01d5d28026c16df00f71f9378a6cf16ed91,,,
0.9615710652726759,0.5583264971287941,0.7064563006020345,0.049168474331164135,49.168474331164134,0.9080818536056372,0.9440757693349011,90,7260,315,314,1,-7170,0.2857142857142857,finite,,ae_denoising,none,42,0.05,0.16676250100135806,0.050080775444264945,True,0b7faf22430359c6f3a96ed9e2c6945a109e3741b71552707344e8dbb69c67dc,b0f674cdecd61bbaaee08408caeb8a9576c33326954530e9bb532fbddfcb02e1,bec7dd5ec88dc2a0ccc7a07879d338395ed7421750f675fd0339e07dfe0648fa,benign calibration only; conservative >= cutoff with ties,frozen decisions on grouped internal development holdout,binary,1.0,ae_denoising,-0.3921246923707957,0.0001205109664979484,0c5acc957a5e601bd6548a1b4bdac01d5d28026c16df00f71f9378a6cf16ed91,,,
0.9499320344358858,0.45862729012852066,0.6185962453435622,0.05326584719209448,53.26584719209448,0.9121221444058164,0.9376186839498671,103,9096,384,349,35,-8993,0.2682291666666667,finite,,ae_latent,none,42,0.05,29.140591853526928,0.049901274457009516,False,0b7faf22430359c6f3a96ed9e2c6945a109e3741b71552707344e8dbb69c67dc,b0f674cdecd61bbaaee08408caeb8a9576c33326954530e9bb532fbddfcb02e1,bec7dd5ec88dc2a0ccc7a07879d338395ed7421750f675fd0339e07dfe0648fa,benign calibration only; conservative >= cutoff with ties,frozen decisions on grouped internal development holdout,binary,1.0,ae_latent,-0.4918238993710692,0.004217883827428291,0c5acc957a5e601bd6548a1b4bdac01d5d28026c16df00f71f9378a6cf16ed91,,,
0.9763598677945213,0.9531856713152858,0.9646336063759132,0.050855627862135454,50.85562786213546,0.9921453970577659,0.9960340679068431,64,14,23,8,15,50,2.782608695652174,finite,,learned_fusion,none,42,0.05,0.5083256163573467,0.049901274457009516,False,0b7faf22430359c6f3a96ed9e2c6945a109e3741b71552707344e8dbb69c67dc,b0f674cdecd61bbaaee08408caeb8a9576c33326954530e9bb532fbddfcb02e1,bec7dd5ec88dc2a0ccc7a07879d338395ed7421750f675fd0339e07dfe0648fa,benign calibration only; conservative >= cutoff with ties,frozen decisions on grouped internal development holdout,binary,1.0,learned_fusion,0.0027344818156959105,0.0018076644974692677,0c5acc957a5e601bd6548a1b4bdac01d5d28026c16df00f71f9378a6cf16ed91,,,
0.9765575379640857,0.9249658189773038,0.9500617908100214,0.04892745239816823,48.927452398168235,0.9893668465203043,0.9950443078641598,34,500,191,192,-1,-466,0.17801047120418848,finite,,rank_or,none,42,0.05,0.9747420846673782,0.049901274457009516,True,0b7faf22430359c6f3a96ed9e2c6945a109e3741b71552707344e8dbb69c67dc,b0f674cdecd61bbaaee08408caeb8a9576c33326954530e9bb532fbddfcb02e1,bec7dd5ec88dc2a0ccc7a07879d338395ed7421750f675fd0339e07dfe0648fa,benign calibration only; conservative >= cutoff with ties,frozen decisions on grouped internal development holdout,binary,1.0,rank_or,-0.025485370522286055,-0.00012051096649795534,0c5acc957a5e601bd6548a1b4bdac01d5d28026c16df00f71f9378a6cf16ed91,,,
0.9771168334645226,0.9504511894995898,0.9635995675196141,0.049047963364666186,49.04796336466619,0.9932140495553484,0.9968890450620811,0,0,0,0,0,0,,no_recovery_no_added_fp,,fusion_control,none,42,0.05,0.5243399377513929,0.049901274457009516,True,0b7faf22430359c6f3a96ed9e2c6945a109e3741b71552707344e8dbb69c67dc,b0f674cdecd61bbaaee08408caeb8a9576c33326954530e9bb532fbddfcb02e1,bec7dd5ec88dc2a0ccc7a07879d338395ed7421750f675fd0339e07dfe0648fa,benign calibration only; conservative >= cutoff with ties,frozen decisions on grouped internal development holdout,binary,1.0,['lightgbm'],0.0,0.0,0c5acc957a5e601bd6548a1b4bdac01d5d28026c16df00f71f9378a6cf16ed91,,,
0.9763638400358463,0.9533497402242275,0.9647195550513296,0.050855627862135454,50.85562786213546,0.9921247055521977,0.9960714195879333,71,18,25,10,15,53,2.84,finite,,fusion_latent,none,42,0.05,0.5157063694376753,0.049901274457009516,False,0b7faf22430359c6f3a96ed9e2c6945a109e3741b71552707344e8dbb69c67dc,b0f674cdecd61bbaaee08408caeb8a9576c33326954530e9bb532fbddfcb02e1,bec7dd5ec88dc2a0ccc7a07879d338395ed7421750f675fd0339e07dfe0648fa,benign calibration only; conservative >= cutoff with ties,frozen decisions on grouped internal development holdout,binary,1.0,"['lightgbm', 'ae_latent']",0.0028985507246376274,0.0018076644974692677,0c5acc957a5e601bd6548a1b4bdac01d5d28026c16df00f71f9378a6cf16ed91,,,
0.9770185986402202,0.9509433962264151,0.9638046671470539,0.04928898529766209,49.28898529766209,0.992428639020917,0.9958482972976026,14,5,5,3,2,9,2.8,finite,,fusion_ae_plain,none,42,0.05,0.48307448975097594,0.049901274457009516,True,0b7faf22430359c6f3a96ed9e2c6945a109e3741b71552707344e8dbb69c67dc,b0f674cdecd61bbaaee08408caeb8a9576c33326954530e9bb532fbddfcb02e1,bec7dd5ec88dc2a0ccc7a07879d338395ed7421750f675fd0339e07dfe0648fa,benign calibration only; conservative >= cutoff with ties,frozen decisions on grouped internal development holdout,binary,1.0,"['lightgbm', 'ae_plain']",0.0004922067268252617,0.00024102193299590374,0c5acc957a5e601bd6548a1b4bdac01d5d28026c16df00f71f9378a6cf16ed91,,,
0.9761491517832148,0.9535138091331693,0.9646987218502739,0.05133767172812726,51.33767172812726,0.9922236023149968,0.9957995800511903,64,8,25,6,19,56,2.56,finite,,fusion_ae_plain_latent,none,42,0.05,0.486005418074931,0.049901274457009516,False,0b7faf22430359c6f3a96ed9e2c6945a109e3741b71552707344e8dbb69c67dc,b0f674cdecd61bbaaee08408caeb8a9576c33326954530e9bb532fbddfcb02e1,bec7dd5ec88dc2a0ccc7a07879d338395ed7421750f675fd0339e07dfe0648fa,benign calibration only; conservative >= cutoff with ties,frozen decisions on grouped internal development holdout,binary,1.0,"['lightgbm', 'ae_plain', 'ae_latent']",0.0030626196335794553,0.002289708363461075,0c5acc957a5e601bd6548a1b4bdac01d5d28026c16df00f71f9378a6cf16ed91,,,
0.9773763295627216,0.9497949138638228,0.963388250956898,0.04844540853217643,48.44540853217643,0.9925088610326324,0.9961328186227398,14,26,3,8,-5,-12,4.666666666666667,finite,,fusion_ae_denoising,none,42,0.05,0.5120933642115274,0.049901274457009516,True,0b7faf22430359c6f3a96ed9e2c6945a109e3741b71552707344e8dbb69c67dc,b0f674cdecd61bbaaee08408caeb8a9576c33326954530e9bb532fbddfcb02e1,bec7dd5ec88dc2a0ccc7a07879d338395ed7421750f675fd0339e07dfe0648fa,benign calibration only; conservative >= cutoff with ties,frozen decisions on grouped internal development holdout,binary,1.0,"['lightgbm', 'ae_denoising']",-0.0006562756357670896,-0.0006025548324897559,0c5acc957a5e601bd6548a1b4bdac01d5d28026c16df00f71f9378a6cf16ed91,,,
0.9763598677945213,0.9531856713152858,0.9646336063759132,0.050855627862135454,50.85562786213546,0.9921453970577659,0.9960340679068431,64,14,23,8,15,50,2.782608695652174,finite,,fusion_ae_denoising_latent,none,42,0.05,0.5083256163573467,0.049901274457009516,False,0b7faf22430359c6f3a96ed9e2c6945a109e3741b71552707344e8dbb69c67dc,b0f674cdecd61bbaaee08408caeb8a9576c33326954530e9bb532fbddfcb02e1,bec7dd5ec88dc2a0ccc7a07879d338395ed7421750f675fd0339e07dfe0648fa,benign calibration only; conservative >= cutoff with ties,frozen decisions on grouped internal development holdout,binary,1.0,"['lightgbm', 'ae_denoising', 'ae_latent']",0.0027344818156959105,0.0018076644974692677,0c5acc957a5e601bd6548a1b4bdac01d5d28026c16df00f71f9378a6cf16ed91,,,
0.9773610407163372,0.9491386382280558,0.9630431163642417,0.04844540853217643,48.44540853217643,0.9921829179181584,0.9952024519633459,8,32,9,14,-5,-24,0.8888888888888888,finite,,fusion_ae_scaled,none,42,0.05,0.5247946695266937,0.049901274457009516,True,0b7faf22430359c6f3a96ed9e2c6945a109e3741b71552707344e8dbb69c67dc,b0f674cdecd61bbaaee08408caeb8a9576c33326954530e9bb532fbddfcb02e1,bec7dd5ec88dc2a0ccc7a07879d338395ed7421750f675fd0339e07dfe0648fa,benign calibration only; conservative >= cutoff with ties,frozen decisions on grouped internal development holdout,binary,1.0,"['lightgbm', 'ae_scaled']",-0.0013125512715340681,-0.0006025548324897559,0c5acc957a5e601bd6548a1b4bdac01d5d28026c16df00f71f9378a6cf16ed91,,,
0.9762958811992155,0.9528028438610884,0.9644063105452533,0.0509761388286334,50.9761388286334,0.9920408355875177,0.9960130161882896,62,19,26,10,16,43,2.3846153846153846,finite,,fusion_ae_scaled_latent,none,42,0.05,0.5155298319186847,0.04972177346975409,False,0b7faf22430359c6f3a96ed9e2c6945a109e3741b71552707344e8dbb69c67dc,b0f674cdecd61bbaaee08408caeb8a9576c33326954530e9bb532fbddfcb02e1,bec7dd5ec88dc2a0ccc7a07879d338395ed7421750f675fd0339e07dfe0648fa,benign calibration only; conservative >= cutoff with ties,frozen decisions on grouped internal development holdout,binary,1.0,"['lightgbm', 'ae_scaled', 'ae_latent']",0.002351654361498534,0.001928175463967216,0c5acc957a5e601bd6548a1b4bdac01d5d28026c16df00f71f9378a6cf16ed91,,,
0.9771168334645226,0.9504511894995898,0.9635995675196141,0.049047963364666186,49.04796336466619,0.9930777110205681,0.9968336189000798,0,0,0,0,0,0,,no_recovery_no_added_fp,,selective_fusion,none,42,0.05,0.9290240918091556,0.049901274457009516,True,0b7faf22430359c6f3a96ed9e2c6945a109e3741b71552707344e8dbb69c67dc,b0f674cdecd61bbaaee08408caeb8a9576c33326954530e9bb532fbddfcb02e1,bec7dd5ec88dc2a0ccc7a07879d338395ed7421750f675fd0339e07dfe0648fa,benign calibration only; conservative >= cutoff with ties,frozen decisions on grouped internal development holdout,binary,1.0,selective_fusion,0.0,0.0,0c5acc957a5e601bd6548a1b4bdac01d5d28026c16df00f71f9378a6cf16ed91,True,0.04747394951660836,budget-dependent conditional ranking
0.9763558942178395,0.953021602406344,0.9645476434284449,0.050855627862135454,50.85562786213546,0.9930604302027307,0.9968261938416133,63,16,23,8,15,47,2.739130434782609,finite,,selective_fusion_primary_0.75,none,42,0.05,0.5095106924826623,0.04954227248249865,False,0b7faf22430359c6f3a96ed9e2c6945a109e3741b71552707344e8dbb69c67dc,b0f674cdecd61bbaaee08408caeb8a9576c33326954530e9bb532fbddfcb02e1,bec7dd5ec88dc2a0ccc7a07879d338395ed7421750f675fd0339e07dfe0648fa,benign calibration only; conservative >= cutoff with ties,frozen decisions on grouped internal development holdout,binary,0.75,selective_fusion_primary_0.75,0.0025704129067541936,0.0018076644974692677,0c5acc957a5e601bd6548a1b4bdac01d5d28026c16df00f71f9378a6cf16ed91,False,0.054320430350223825,budget-dependent conditional ranking
0.9763558942178395,0.953021602406344,0.9645476434284449,0.050855627862135454,50.85562786213546,0.9930269922815641,0.9968119218381214,63,16,23,8,15,47,2.739130434782609,finite,,selective_fusion_primary_0.5,none,42,0.05,0.5095106924826623,0.04954227248249865,False,0b7faf22430359c6f3a96ed9e2c6945a109e3741b71552707344e8dbb69c67dc,b0f674cdecd61bbaaee08408caeb8a9576c33326954530e9bb532fbddfcb02e1,bec7dd5ec88dc2a0ccc7a07879d338395ed7421750f675fd0339e07dfe0648fa,benign calibration only; conservative >= cutoff with ties,frozen decisions on grouped internal development holdout,binary,0.5,selective_fusion_primary_0.5,0.0025704129067541936,0.0018076644974692677,0c5acc957a5e601bd6548a1b4bdac01d5d28026c16df00f71f9378a6cf16ed91,False,0.06180641763533085,budget-dependent conditional ranking
0.9920654296875,0.8889253486464315,0.9376676569846261,0.01566642564473367,15.666425644733671,0.9893668465203043,0.9950443078641598,17,0,49,0,49,17,0.3469387755102041,finite,,naive_or,none,42,0.01,,,False,0b7faf22430359c6f3a96ed9e2c6945a109e3741b71552707344e8dbb69c67dc,b0f674cdecd61bbaaee08408caeb8a9576c33326954530e9bb532fbddfcb02e1,bec7dd5ec88dc2a0ccc7a07879d338395ed7421750f675fd0339e07dfe0648fa,benign calibration only; conservative >= cutoff with ties,frozen decisions on grouped internal development holdout,binary,1.0,naive_or,0.0009297238173365807,0.005905037358399614,0c5acc957a5e601bd6548a1b4bdac01d5d28026c16df00f71f9378a6cf16ed91,,,rank_or (naive OR has two cutoffs)
0.9739175198764514,0.9312004375170905,0.9520800715723552,0.0549530007230658,54.9530007230658,0.9893668465203043,0.9950443078641598,84,0,229,0,229,84,0.36681222707423583,finite,,naive_or,none,42,0.03,,,False,0b7faf22430359c6f3a96ed9e2c6945a109e3741b71552707344e8dbb69c67dc,b0f674cdecd61bbaaee08408caeb8a9576c33326954530e9bb532fbddfcb02e1,bec7dd5ec88dc2a0ccc7a07879d338395ed7421750f675fd0339e07dfe0648fa,benign calibration only; conservative >= cutoff with ties,frozen decisions on grouped internal development holdout,binary,1.0,naive_or,0.004593929450369072,0.027597011328030847,0c5acc957a5e601bd6548a1b4bdac01d5d28026c16df00f71f9378a6cf16ed91,,,rank_or (naive OR has two cutoffs)
0.9603100434280688,0.9553732567678425,0.9578352889571224,0.08700891781152084,87.00891781152085,0.9893668465203043,0.9950443078641598,90,0,315,0,315,90,0.2857142857142857,finite,,naive_or,none,42,0.05,,,False,0b7faf22430359c6f3a96ed9e2c6945a109e3741b71552707344e8dbb69c67dc,b0f674cdecd61bbaaee08408caeb8a9576c33326954530e9bb532fbddfcb02e1,bec7dd5ec88dc2a0ccc7a07879d338395ed7421750f675fd0339e07dfe0648fa,benign calibration only; conservative >= cutoff with ties,frozen decisions on grouped internal development holdout,binary,1.0,naive_or,0.004922067268252617,0.037960954446854656,0c5acc957a5e601bd6548a1b4bdac01d5d28026c16df00f71f9378a6cf16ed91,,,rank_or (naive OR has two cutoffs)
0.9942673981384454,0.8852423028373855,0.9365927302287771,0.011187297004691447,11.187297004691446,0.9928442654893812,0.9966985387956941,0,0,0,0,0,0,,no_recovery_no_added_fp,,lightgbm,none,123,0.01,0.8681974538944108,0.009989297181591153,False,0b7faf22430359c6f3a96ed9e2c6945a109e3741b71552707344e8dbb69c67dc,faa91df3057e6c055d3db09612c0a7b8611d63e349fd32a239326f9dd28f1850,bec7dd5ec88dc2a0ccc7a07879d338395ed7421750f675fd0339e07dfe0648fa,benign calibration only; conservative >= cutoff with ties,frozen decisions on grouped internal development holdout,binary,1.0,lightgbm,0.0,0.0,262c5f52ee14f44e49a9a34e7171b7c0b02ee60bbe22fea7244f0d2ae0e8c15b,,,
0.9895930776426567,0.4644640799077987,0.6322040862062526,0.010706122939973535,10.706122939973536,0.8669944181392192,0.9442725116600714,55,7722,69,73,-4,-7667,0.7971014492753623,finite,,ae_plain,none,123,0.01,0.07441560178995134,0.01016767748840528,False,0b7faf22430359c6f3a96ed9e2c6945a109e3741b71552707344e8dbb69c67dc,faa91df3057e6c055d3db09612c0a7b8611d63e349fd32a239326f9dd28f1850,bec7dd5ec88dc2a0ccc7a07879d338395ed7421750f675fd0339e07dfe0648fa,benign calibration only; conservative >= cutoff with ties,frozen decisions on grouped internal development holdout,binary,1.0,ae_plain,-0.4207782229295868,-0.00048117406471791246,262c5f52ee14f44e49a9a34e7171b7c0b02ee60bbe22fea7244f0d2ae0e8c15b,,,
0.9671729544341009,0.21667306953515175,0.3540330897188719,0.016119331168050043,16.119331168050042,0.9015581169362175,0.9310274523259866,13,12195,130,89,41,-12182,0.1,finite,,ae_scaled,none,123,0.01,0.0821322873234749,0.01016767748840528,False,0b7faf22430359c6f3a96ed9e2c6945a109e3741b71552707344e8dbb69c67dc,faa91df3057e6c055d3db09612c0a7b8611d63e349fd32a239326f9dd28f1850,bec7dd5ec88dc2a0ccc7a07879d338395ed7421750f675fd0339e07dfe0648fa,benign calibration only; conservative >= cutoff with ties,frozen decisions on grouped internal development holdout,binary,1.0,ae_scaled,-0.6685692333022337,0.004932034163358596,262c5f52ee14f44e49a9a34e7171b7c0b02ee60bbe22fea7244f0d2ae0e8c15b,,,
0.9697787371829466,0.2958674057406289,0.4534062237174096,0.020209310718152292,20.20931071815229,0.8578330643811678,0.9098054178330316,10,10749,159,84,75,-10739,0.06289308176100629,finite,,isolation_forest,none,123,0.01,0.5689923147314095,0.009989297181591153,False,0b7faf22430359c6f3a96ed9e2c6945a109e3741b71552707344e8dbb69c67dc,faa91df3057e6c055d3db09612c0a7b8611d63e349fd32a239326f9dd28f1850,bec7dd5ec88dc2a0ccc7a07879d338395ed7421750f675fd0339e07dfe0648fa,benign calibration only; conservative >= cutoff with ties,frozen decisions on grouped internal development holdout,binary,1.0,isolation_forest,-0.5893748970967565,0.009022013713460845,262c5f52ee14f44e49a9a34e7171b7c0b02ee60bbe22fea7244f0d2ae0e8c15b,,,
0.9868204283360791,0.36161571812743537,0.5292794601976062,0.010585829423794057,10.585829423794058,0.8976307755931883,0.9408974315385521,84,9625,73,78,-5,-9541,1.1506849315068493,finite,,ae_denoising,none,123,0.01,0.8639821410179139,0.01016767748840528,False,0b7faf22430359c6f3a96ed9e2c6945a109e3741b71552707344e8dbb69c67dc,faa91df3057e6c055d3db09612c0a7b8611d63e349fd32a239326f9dd28f1850,bec7dd5ec88dc2a0ccc7a07879d338395ed7421750f675fd0339e07dfe0648fa,benign calibration only; conservative >= cutoff with ties,frozen decisions on grouped internal development holdout,binary,1.0,ae_denoising,-0.5236265847099502,-0.0006014675808973906,262c5f52ee14f44e49a9a34e7171b7c0b02ee60bbe22fea7244f0d2ae0e8c15b,,,
0.9565637065637066,0.21755117721310577,0.3544824502570981,0.021652832912306026,21.652832912306028,0.9061001494984131,0.9210544993417727,25,12191,176,89,87,-12166,0.14204545454545456,finite,,ae_latent,none,123,0.01,49.340163275799135,0.009989297181591153,False,0b7faf22430359c6f3a96ed9e2c6945a109e3741b71552707344e8dbb69c67dc,faa91df3057e6c055d3db09612c0a7b8611d63e349fd32a239326f9dd28f1850,bec7dd5ec88dc2a0ccc7a07879d338395ed7421750f675fd0339e07dfe0648fa,benign calibration only; conservative >= cutoff with ties,frozen decisions on grouped internal development holdout,binary,1.0,ae_latent,-0.6676911256242797,0.010465535907614579,262c5f52ee14f44e49a9a34e7171b7c0b02ee60bbe22fea7244f0d2ae0e8c15b,,,
0.9940630797773655,0.8821689259645464,0.9347794481114245,0.01154817755322988,11.54817755322988,0.9914349808329538,0.9952047986692842,105,161,15,12,3,-56,7.0,finite,,learned_fusion,none,123,0.01,0.9292248270936027,0.009989297181591153,False,0b7faf22430359c6f3a96ed9e2c6945a109e3741b71552707344e8dbb69c67dc,faa91df3057e6c055d3db09612c0a7b8611d63e349fd32a239326f9dd28f1850,bec7dd5ec88dc2a0ccc7a07879d338395ed7421750f675fd0339e07dfe0648fa,benign calibration only; conservative >= cutoff with ties,frozen decisions on grouped internal development holdout,binary,1.0,learned_fusion,-0.00307337687283904,0.0003608805485384326,262c5f52ee14f44e49a9a34e7171b7c0b02ee60bbe22fea7244f0d2ae0e8c15b,,,
0.9943770533232247,0.8637835464573843,0.9244911744838321,0.010706122939973535,10.706122939973536,0.9879699452779704,0.9943448283194635,23,414,40,44,-4,-391,0.575,finite,,rank_or,none,123,0.01,0.9942568743473722,0.009810916874777025,False,0b7faf22430359c6f3a96ed9e2c6945a109e3741b71552707344e8dbb69c67dc,faa91df3057e6c055d3db09612c0a7b8611d63e349fd32a239326f9dd28f1850,bec7dd5ec88dc2a0ccc7a07879d338395ed7421750f675fd0339e07dfe0648fa,benign calibration only; conservative >= cutoff with ties,frozen decisions on grouped internal development holdout,binary,1.0,rank_or,-0.021458756380001165,-0.00048117406471791246,262c5f52ee14f44e49a9a34e7171b7c0b02ee60bbe22fea7244f0d2ae0e8c15b,,,
0.9942673981384454,0.8852423028373855,0.9365927302287771,0.011187297004691447,11.187297004691446,0.9928442654893812,0.9966985387956941,0,0,0,0,0,0,,no_recovery_no_added_fp,,fusion_control,none,123,0.01,0.9457035875526301,0.009989297181591153,False,0b7faf22430359c6f3a96ed9e2c6945a109e3741b71552707344e8dbb69c67dc,faa91df3057e6c055d3db09612c0a7b8611d63e349fd32a239326f9dd28f1850,bec7dd5ec88dc2a0ccc7a07879d338395ed7421750f675fd0339e07dfe0648fa,benign calibration only; conservative >= cutoff with ties,frozen decisions on grouped internal development holdout,binary,1.0,['lightgbm'],0.0,0.0,262c5f52ee14f44e49a9a34e7171b7c0b02ee60bbe22fea7244f0d2ae0e8c15b,,,
0.9940634469111372,0.8822238076944185,0.934810421028146,0.01154817755322988,11.54817755322988,0.9914303198800739,0.9952335255539551,110,165,15,12,3,-55,7.333333333333333,finite,,fusion_latent,none,123,0.01,0.9290945757457499,0.009989297181591153,False,0b7faf22430359c6f3a96ed9e2c6945a109e3741b71552707344e8dbb69c67dc,faa91df3057e6c055d3db09612c0a7b8611d63e349fd32a239326f9dd28f1850,bec7dd5ec88dc2a0ccc7a07879d338395ed7421750f675fd0339e07dfe0648fa,benign calibration only; conservative >= cutoff with ties,frozen decisions on grouped internal development holdout,binary,1.0,"['lightgbm', 'ae_latent']",-0.003018495142966926,0.0003608805485384326,262c5f52ee14f44e49a9a34e7171b7c0b02ee60bbe22fea7244f0d2ae0e8c15b,,,
0.9938359119768231,0.8848581307282806,0.9361862733712694,0.012029351617947793,12.029351617947793,0.991823883215059,0.995353736399469,28,35,11,4,7,-7,2.5454545454545454,finite,,fusion_ae_plain,none,123,0.01,0.926582980613639,0.009989297181591153,False,0b7faf22430359c6f3a96ed9e2c6945a109e3741b71552707344e8dbb69c67dc,faa91df3057e6c055d3db09612c0a7b8611d63e349fd32a239326f9dd28f1850,bec7dd5ec88dc2a0ccc7a07879d338395ed7421750f675fd0339e07dfe0648fa,benign calibration only; conservative >= cutoff with ties,frozen decisions on grouped internal development holdout,binary,1.0,"['lightgbm', 'ae_plain']",-0.00038417210910490773,0.0008420546132563451,262c5f52ee14f44e49a9a34e7171b7c0b02ee60bbe22fea7244f0d2ae0e8c15b,,,
0.9940394883894201,0.8786564952527304,0.932793427913887,0.01154817755322988,11.54817755322988,0.9912276740604629,0.9951163618610662,84,204,17,14,3,-120,4.9411764705882355,finite,,fusion_ae_plain_latent,none,123,0.01,0.9243683151476867,0.009989297181591153,False,0b7faf22430359c6f3a96ed9e2c6945a109e3741b71552707344e8dbb69c67dc,faa91df3057e6c055d3db09612c0a7b8611d63e349fd32a239326f9dd28f1850,bec7dd5ec88dc2a0ccc7a07879d338395ed7421750f675fd0339e07dfe0648fa,benign calibration only; conservative >= cutoff with ties,frozen decisions on grouped internal development holdout,binary,1.0,"['lightgbm', 'ae_plain', 'ae_latent']",-0.006585807584655101,0.0003608805485384326,262c5f52ee14f44e49a9a34e7171b7c0b02ee60bbe22fea7244f0d2ae0e8c15b,,,
0.9937350285608992,0.8879315076011196,0.9378586748594284,0.012269938650306749,12.269938650306749,0.9920960307081005,0.9953952776738287,57,8,9,0,9,49,6.333333333333333,finite,,fusion_ae_denoising,none,123,0.01,0.9349292422997841,0.009989297181591153,False,0b7faf22430359c6f3a96ed9e2c6945a109e3741b71552707344e8dbb69c67dc,faa91df3057e6c055d3db09612c0a7b8611d63e349fd32a239326f9dd28f1850,bec7dd5ec88dc2a0ccc7a07879d338395ed7421750f675fd0339e07dfe0648fa,benign calibration only; conservative >= cutoff with ties,frozen decisions on grouped internal development holdout,binary,1.0,"['lightgbm', 'ae_denoising']",0.002689204763734132,0.0010826416456153013,262c5f52ee14f44e49a9a34e7171b7c0b02ee60bbe22fea7244f0d2ae0e8c15b,,,
0.9940630797773655,0.8821689259645464,0.9347794481114245,0.01154817755322988,11.54817755322988,0.9914349808329538,0.9952047986692842,105,161,15,12,3,-56,7.0,finite,,fusion_ae_denoising_latent,none,123,0.01,0.9292248270936027,0.009989297181591153,False,0b7faf22430359c6f3a96ed9e2c6945a109e3741b71552707344e8dbb69c67dc,faa91df3057e6c055d3db09612c0a7b8611d63e349fd32a239326f9dd28f1850,bec7dd5ec88dc2a0ccc7a07879d338395ed7421750f675fd0339e07dfe0648fa,benign calibration only; conservative >= cutoff with ties,frozen decisions on grouped internal development holdout,binary,1.0,"['lightgbm', 'ae_denoising', 'ae_latent']",-0.00307337687283904,0.0003608805485384326,262c5f52ee14f44e49a9a34e7171b7c0b02ee60bbe22fea7244f0d2ae0e8c15b,,,
0.9943192343315839,0.8837604961308381,0.9357856810785681,0.01106700348851197,11.067003488511968,0.9920001741849584,0.9950502612771683,9,36,4,5,-1,-27,2.25,finite,,fusion_ae_scaled,none,123,0.01,0.9429854456551355,0.009989297181591153,False,0b7faf22430359c6f3a96ed9e2c6945a109e3741b71552707344e8dbb69c67dc,faa91df3057e6c055d3db09612c0a7b8611d63e349fd32a239326f9dd28f1850,bec7dd5ec88dc2a0ccc7a07879d338395ed7421750f675fd0339e07dfe0648fa,benign calibration only; conservative >= cutoff with ties,frozen decisions on grouped internal development holdout,binary,1.0,"['lightgbm', 'ae_scaled']",-0.001481806706547406,-0.00012029351617947812,262c5f52ee14f44e49a9a34e7171b7c0b02ee60bbe22fea7244f0d2ae0e8c15b,,,
0.994065648760586,0.8825530980736512,0.9349962207105065,0.01154817755322988,11.54817755322988,0.9914003669860008,0.9955574677944129,119,168,15,12,3,-49,7.933333333333334,finite,,fusion_ae_scaled_latent,none,123,0.01,0.9289593921996462,0.009989297181591153,False,0b7faf22430359c6f3a96ed9e2c6945a109e3741b71552707344e8dbb69c67dc,faa91df3057e6c055d3db09612c0a7b8611d63e349fd32a239326f9dd28f1850,bec7dd5ec88dc2a0ccc7a07879d338395ed7421750f675fd0339e07dfe0648fa,benign calibration only; conservative >= cutoff with ties,frozen decisions on grouped internal development holdout,binary,1.0,"['lightgbm', 'ae_scaled', 'ae_latent']",-0.002689204763734243,0.0003608805485384326,262c5f52ee14f44e49a9a34e7171b7c0b02ee60bbe22fea7244f0d2ae0e8c15b,,,
0.9942673981384454,0.8852423028373855,0.9365927302287771,0.011187297004691447,11.187297004691446,0.9926375198797729,0.9966108254427559,0,0,0,0,0,0,,no_recovery_no_added_fp,,selective_fusion,none,123,0.01,0.9811975823786631,0.009989297181591153,False,0b7faf22430359c6f3a96ed9e2c6945a109e3741b71552707344e8dbb69c67dc,faa91df3057e6c055d3db09612c0a7b8611d63e349fd32a239326f9dd28f1850,bec7dd5ec88dc2a0ccc7a07879d338395ed7421750f675fd0339e07dfe0648fa,benign calibration only; conservative >= cutoff with ties,frozen decisions on grouped internal development holdout,binary,1.0,selective_fusion,0.0,0.0,262c5f52ee14f44e49a9a34e7171b7c0b02ee60bbe22fea7244f0d2ae0e8c15b,True,0.07692017788497776,budget-dependent conditional ranking
0.9942628007402837,0.8845288403490478,0.9361912230257616,0.011187297004691447,11.187297004691446,0.9926236558556261,0.9966043243827346,67,80,6,6,0,-13,11.166666666666666,finite,,selective_fusion_primary_0.75,none,123,0.01,0.9368568628445106,0.009989297181591153,False,0b7faf22430359c6f3a96ed9e2c6945a109e3741b71552707344e8dbb69c67dc,faa91df3057e6c055d3db09612c0a7b8611d63e349fd32a239326f9dd28f1850,bec7dd5ec88dc2a0ccc7a07879d338395ed7421750f675fd0339e07dfe0648fa,benign calibration only; conservative >= cutoff with ties,frozen decisions on grouped internal development holdout,binary,0.75,selective_fusion_primary_0.75,-0.0007134624883377017,0.0,262c5f52ee14f44e49a9a34e7171b7c0b02ee60bbe22fea7244f0d2ae0e8c15b,False,0.08223411472073566,budget-dependent conditional ranking
0.9944168734491315,0.8797541298501729,0.933577938906846,0.010826416456153013,10.826416456153014,0.992588329001717,0.9965872673033761,77,177,10,13,-3,-100,7.7,finite,,selective_fusion_primary_0.5,none,123,0.01,0.9339391681583941,0.009989297181591153,False,0b7faf22430359c6f3a96ed9e2c6945a109e3741b71552707344e8dbb69c67dc,faa91df3057e6c055d3db09612c0a7b8611d63e349fd32a239326f9dd28f1850,bec7dd5ec88dc2a0ccc7a07879d338395ed7421750f675fd0339e07dfe0648fa,benign calibration only; conservative >= cutoff with ties,frozen decisions on grouped internal development holdout,binary,0.5,selective_fusion_primary_0.5,-0.005488172987212603,-0.00036088054853843435,262c5f52ee14f44e49a9a34e7171b7c0b02ee60bbe22fea7244f0d2ae0e8c15b,False,0.09109067611366549,budget-dependent conditional ranking
0.9856333586404251,0.9262389550518633,0.9550135808057945,0.02959220498015157,29.59220498015157,0.9928442654893812,0.9966985387956941,0,0,0,0,0,0,,no_recovery_no_added_fp,,lightgbm,none,123,0.03,0.6919265344030638,0.029967891544773455,True,0b7faf22430359c6f3a96ed9e2c6945a109e3741b71552707344e8dbb69c67dc,faa91df3057e6c055d3db09612c0a7b8611d63e349fd32a239326f9dd28f1850,bec7dd5ec88dc2a0ccc7a07879d338395ed7421750f675fd0339e07dfe0648fa,benign calibration only; conservative >= cutoff with ties,frozen decisions on grouped internal development holdout,binary,1.0,lightgbm,0.0,0.0,262c5f52ee14f44e49a9a34e7171b7c0b02ee60bbe22fea7244f0d2ae0e8c15b,,,
0.9844364219815483,0.6734537072608529,0.7997784005735514,0.023336942138818716,23.336942138818717,0.8669944181392192,0.9442725116600714,44,4650,154,206,-52,-4606,0.2857142857142857,finite,,ae_plain,none,123,0.03,0.040843591094017036,0.030146271851587584,True,0b7faf22430359c6f3a96ed9e2c6945a109e3741b71552707344e8dbb69c67dc,faa91df3057e6c055d3db09612c0a7b8611d63e349fd32a239326f9dd28f1850,bec7dd5ec88dc2a0ccc7a07879d338395ed7421750f675fd0339e07dfe0648fa,benign calibration only; conservative >= cutoff with ties,frozen decisions on grouped internal development holdout,binary,1.0,ae_plain,-0.2527852477910104,-0.006255262841332855,262c5f52ee14f44e49a9a34e7171b7c0b02ee60bbe22fea7244f0d2ae0e8c15b,,,
0.9561848408002254,0.37248230064211624,0.5361191200284371,0.037411283531817635,37.41128353181764,0.9015581169362175,0.9310274523259866,41,10131,300,235,65,-10090,0.13666666666666666,finite,,ae_scaled,none,123,0.03,0.03650259971618653,0.030146271851587584,False,0b7faf22430359c6f3a96ed9e2c6945a109e3741b71552707344e8dbb69c67dc,faa91df3057e6c055d3db09612c0a7b8611d63e349fd32a239326f9dd28f1850,bec7dd5ec88dc2a0ccc7a07879d338395ed7421750f675fd0339e07dfe0648fa,benign calibration only; conservative >= cutoff with ties,frozen decisions on grouped internal development holdout,binary,1.0,ae_scaled,-0.553756654409747,0.007819078551666064,262c5f52ee14f44e49a9a34e7171b7c0b02ee60bbe22fea7244f0d2ae0e8c15b,,,
0.9594757457065382,0.3495417375555678,0.5124099923568929,0.03235895585227956,32.358955852279564,0.8578330643811678,0.9098054178330316,14,10522,257,234,23,-10508,0.054474708171206226,finite,,isolation_forest,none,123,0.03,0.5396460422818452,0.02978951123795933,False,0b7faf22430359c6f3a96ed9e2c6945a109e3741b71552707344e8dbb69c67dc,faa91df3057e6c055d3db09612c0a7b8611d63e349fd32a239326f9dd28f1850,bec7dd5ec88dc2a0ccc7a07879d338395ed7421750f675fd0339e07dfe0648fa,benign calibration only; conservative >= cutoff with ties,frozen decisions on grouped internal development holdout,binary,1.0,isolation_forest,-0.5766972174962954,0.0027667508721279897,262c5f52ee14f44e49a9a34e7171b7c0b02ee60bbe22fea7244f0d2ae0e8c15b,,,
0.965625,0.4917951813841172,0.651685393258427,0.03837363166125346,38.373631661253455,0.8976307755931883,0.9408974315385521,80,7996,276,203,73,-7916,0.2898550724637681,finite,,ae_denoising,none,123,0.03,0.24460980296134952,0.030146271851587584,False,0b7faf22430359c6f3a96ed9e2c6945a109e3741b71552707344e8dbb69c67dc,faa91df3057e6c055d3db09612c0a7b8611d63e349fd32a239326f9dd28f1850,bec7dd5ec88dc2a0ccc7a07879d338395ed7421750f675fd0339e07dfe0648fa,benign calibration only; conservative >= cutoff with ties,frozen decisions on grouped internal development holdout,binary,1.0,ae_denoising,-0.43444377366774606,0.008781426681101889,262c5f52ee14f44e49a9a34e7171b7c0b02ee60bbe22fea7244f0d2ae0e8c15b,,,
0.9540997584197811,0.3684759343614511,0.5316335418481273,0.03885480572597137,38.85480572597137,0.9061001494984131,0.9210544993417727,92,10255,304,227,77,-10163,0.3026315789473684,finite,,ae_latent,none,123,0.03,31.81020666068716,0.029967891544773455,False,0b7faf22430359c6f3a96ed9e2c6945a109e3741b71552707344e8dbb69c67dc,faa91df3057e6c055d3db09612c0a7b8611d63e349fd32a239326f9dd28f1850,bec7dd5ec88dc2a0ccc7a07879d338395ed7421750f675fd0339e07dfe0648fa,benign calibration only; conservative >= cutoff with ties,frozen decisions on grouped internal development holdout,binary,1.0,ae_latent,-0.5577630206904122,0.009262600745819801,262c5f52ee14f44e49a9a34e7171b7c0b02ee60bbe22fea7244f0d2ae0e8c15b,,,
0.9855597778427361,0.9251962021842929,0.9544245031987771,0.029712498496331046,29.712498496331047,0.9914349808329538,0.9952047986692842,46,65,18,17,1,-19,2.5555555555555554,finite,,learned_fusion,none,123,0.03,0.7893508609446509,0.029967891544773455,True,0b7faf22430359c6f3a96ed9e2c6945a109e3741b71552707344e8dbb69c67dc,faa91df3057e6c055d3db09612c0a7b8611d63e349fd32a239326f9dd28f1850,bec7dd5ec88dc2a0ccc7a07879d338395ed7421750f675fd0339e07dfe0648fa,benign calibration only; conservative >= cutoff with ties,frozen decisions on grouped internal development holdout,binary,1.0,learned_fusion,-0.0010427528675703845,0.00012029351617947465,262c5f52ee14f44e49a9a34e7171b7c0b02ee60bbe22fea7244f0d2ae0e8c15b,,,
0.9845520696647978,0.9059327149991768,0.9436076256895418,0.031156020690484783,31.156020690484784,0.9879699452779704,0.9943448283194635,45,415,101,88,13,-370,0.44554455445544555,finite,,rank_or,none,123,0.03,0.9829446571528021,0.02978951123795933,False,0b7faf22430359c6f3a96ed9e2c6945a109e3741b71552707344e8dbb69c67dc,faa91df3057e6c055d3db09612c0a7b8611d63e349fd32a239326f9dd28f1850,bec7dd5ec88dc2a0ccc7a07879d338395ed7421750f675fd0339e07dfe0648fa,benign calibration only; conservative >= cutoff with ties,frozen decisions on grouped internal development holdout,binary,1.0,rank_or,-0.02030624005268644,0.001563815710333212,262c5f52ee14f44e49a9a34e7171b7c0b02ee60bbe22fea7244f0d2ae0e8c15b,,,
0.9856333586404251,0.9262389550518633,0.9550135808057945,0.02959220498015157,29.59220498015157,0.9928442654893812,0.9966985387956941,0,0,0,0,0,0,,no_recovery_no_added_fp,,fusion_control,none,123,0.03,0.7998884800810083,0.029967891544773455,True,0b7faf22430359c6f3a96ed9e2c6945a109e3741b71552707344e8dbb69c67dc,faa91df3057e6c055d3db09612c0a7b8611d63e349fd32a239326f9dd28f1850,bec7dd5ec88dc2a0ccc7a07879d338395ed7421750f675fd0339e07dfe0648fa,benign calibration only; conservative >= cutoff with ties,frozen decisions on grouped internal development holdout,binary,1.0,['lightgbm'],0.0,0.0,262c5f52ee14f44e49a9a34e7171b7c0b02ee60bbe22fea7244f0d2ae0e8c15b,,,
0.9855021629837484,0.9251962021842929,0.9543974863418915,0.029832792012510524,29.832792012510527,0.9914303198800739,0.9952335255539551,46,65,19,17,2,-19,2.4210526315789473,finite,,fusion_latent,none,123,0.03,0.7883684304910015,0.029967891544773455,True,0b7faf22430359c6f3a96ed9e2c6945a109e3741b71552707344e8dbb69c67dc,faa91df3057e6c055d3db09612c0a7b8611d63e349fd32a239326f9dd28f1850,bec7dd5ec88dc2a0ccc7a07879d338395ed7421750f675fd0339e07dfe0648fa,benign calibration only; conservative >= cutoff with ties,frozen decisions on grouped internal development holdout,binary,1.0,"['lightgbm', 'ae_latent']",-0.0010427528675703845,0.00024058703235895276,262c5f52ee14f44e49a9a34e7171b7c0b02ee60bbe22fea7244f0d2ae0e8c15b,,,
0.9856383910327515,0.926568245431096,0.9551909476661952,0.02959220498015157,29.59220498015157,0.991823883215059,0.995353736399469,16,10,5,5,0,6,3.2,finite,,fusion_ae_plain,none,123,0.03,0.7588835392920502,0.029967891544773455,True,0b7faf22430359c6f3a96ed9e2c6945a109e3741b71552707344e8dbb69c67dc,faa91df3057e6c055d3db09612c0a7b8611d63e349fd32a239326f9dd28f1850,bec7dd5ec88dc2a0ccc7a07879d338395ed7421750f675fd0339e07dfe0648fa,benign calibration only; conservative >= cutoff with ties,frozen decisions on grouped internal development holdout,binary,1.0,"['lightgbm', 'ae_plain']",0.0003292903792326829,0.0,262c5f52ee14f44e49a9a34e7171b7c0b02ee60bbe22fea7244f0d2ae0e8c15b,,,
0.9860094831118656,0.9244278579660831,0.9542261500113302,0.028750150366895225,28.750150366895223,0.9912276740604629,0.9951163618610662,38,71,13,20,-7,-33,2.923076923076923,finite,,fusion_ae_plain_latent,none,123,0.03,0.777465680190184,0.029967891544773455,True,0b7faf22430359c6f3a96ed9e2c6945a109e3741b71552707344e8dbb69c67dc,faa91df3057e6c055d3db09612c0a7b8611d63e349fd32a239326f9dd28f1850,bec7dd5ec88dc2a0ccc7a07879d338395ed7421750f675fd0339e07dfe0648fa,benign calibration only; conservative >= cutoff with ties,frozen decisions on grouped internal development holdout,binary,1.0,"['lightgbm', 'ae_plain', 'ae_latent']",-0.0018110970857802,-0.0008420546132563468,262c5f52ee14f44e49a9a34e7171b7c0b02ee60bbe22fea7244f0d2ae0e8c15b,,,
0.9853584553462055,0.9270621809999451,0.955321796176903,0.03019367256104896,30.19367256104896,0.9920960307081005,0.9953952776738287,21,6,5,0,5,15,4.2,finite,,fusion_ae_denoising,none,123,0.03,0.7789154367248161,0.029967891544773455,False,0b7faf22430359c6f3a96ed9e2c6945a109e3741b71552707344e8dbb69c67dc,faa91df3057e6c055d3db09612c0a7b8611d63e349fd32a239326f9dd28f1850,bec7dd5ec88dc2a0ccc7a07879d338395ed7421750f675fd0339e07dfe0648fa,benign calibration only; conservative >= cutoff with ties,frozen decisions on grouped internal development holdout,binary,1.0,"['lightgbm', 'ae_denoising']",0.0008232259480818183,0.0006014675808973871,262c5f52ee14f44e49a9a34e7171b7c0b02ee60bbe22fea7244f0d2ae0e8c15b,,,
0.9855597778427361,0.9251962021842929,0.9544245031987771,0.029712498496331046,29.712498496331047,0.9914349808329538,0.9952047986692842,46,65,18,17,1,-19,2.5555555555555554,finite,,fusion_ae_denoising_latent,none,123,0.03,0.7893508609446509,0.029967891544773455,True,0b7faf22430359c6f3a96ed9e2c6945a109e3741b71552707344e8dbb69c67dc,faa91df3057e6c055d3db09612c0a7b8611d63e349fd32a239326f9dd28f1850,bec7dd5ec88dc2a0ccc7a07879d338395ed7421750f675fd0339e07dfe0648fa,benign calibration only; conservative >= cutoff with ties,frozen decisions on grouped internal development holdout,binary,1.0,"['lightgbm', 'ae_denoising', 'ae_latent']",-0.0010427528675703845,0.00012029351617947465,262c5f52ee14f44e49a9a34e7171b7c0b02ee60bbe22fea7244f0d2ae0e8c15b,,,
0.9854176388240784,0.9271719444596894,0.9554078891559451,0.03007337904486948,30.07337904486948,0.9920001741849584,0.9950502612771683,21,4,4,0,4,17,5.25,finite,,fusion_ae_scaled,none,123,0.03,0.7862106412556585,0.029967891544773455,False,0b7faf22430359c6f3a96ed9e2c6945a109e3741b71552707344e8dbb69c67dc,faa91df3057e6c055d3db09612c0a7b8611d63e349fd32a239326f9dd28f1850,bec7dd5ec88dc2a0ccc7a07879d338395ed7421750f675fd0339e07dfe0648fa,benign calibration only; conservative >= cutoff with ties,frozen decisions on grouped internal development holdout,binary,1.0,"['lightgbm', 'ae_scaled']",0.0009329894078261569,0.000481174064717909,262c5f52ee14f44e49a9a34e7171b7c0b02ee60bbe22fea7244f0d2ae0e8c15b,,,
0.985619921669492,0.9253608473739092,0.9545403079710145,0.02959220498015157,29.59220498015157,0.9914003669860008,0.9955574677944129,50,66,18,18,0,-16,2.7777777777777777,finite,,fusion_ae_scaled_latent,none,123,0.03,0.7894074056075567,0.029967891544773455,True,0b7faf22430359c6f3a96ed9e2c6945a109e3741b71552707344e8dbb69c67dc,faa91df3057e6c055d3db09612c0a7b8611d63e349fd32a239326f9dd28f1850,bec7dd5ec88dc2a0ccc7a07879d338395ed7421750f675fd0339e07dfe0648fa,benign calibration only; conservative >= cutoff with ties,frozen decisions on grouped internal development holdout,binary,1.0,"['lightgbm', 'ae_scaled', 'ae_latent']",-0.0008781076779540431,0.0,262c5f52ee14f44e49a9a34e7171b7c0b02ee60bbe22fea7244f0d2ae0e8c15b,,,
0.9856350364963503,0.9263487185116075,0.9550727097832853,0.02959220498015157,29.59220498015157,0.9926906157912965,0.9966339964675117,2,0,0,0,0,2,,recovery_without_additional_fp,,selective_fusion,none,123,0.03,0.9291934865147662,0.029967891544773455,True,0b7faf22430359c6f3a96ed9e2c6945a109e3741b71552707344e8dbb69c67dc,faa91df3057e6c055d3db09612c0a7b8611d63e349fd32a239326f9dd28f1850,bec7dd5ec88dc2a0ccc7a07879d338395ed7421750f675fd0339e07dfe0648fa,benign calibration only; conservative >= cutoff with ties,frozen decisions on grouped internal development holdout,binary,1.0,selective_fusion,0.00010976345974422763,0.0,262c5f52ee14f44e49a9a34e7171b7c0b02ee60bbe22fea7244f0d2ae0e8c15b,True,0.05547599306550087,budget-dependent conditional ranking
0.9855038578442834,0.9253059656440371,0.9544566786492683,0.029832792012510524,29.832792012510527,0.9926703545102934,0.9966252812775838,46,63,18,16,2,-17,2.5555555555555554,finite,,selective_fusion_primary_0.75,none,123,0.03,0.7893508609446509,0.029967891544773455,True,0b7faf22430359c6f3a96ed9e2c6945a109e3741b71552707344e8dbb69c67dc,faa91df3057e6c055d3db09612c0a7b8611d63e349fd32a239326f9dd28f1850,bec7dd5ec88dc2a0ccc7a07879d338395ed7421750f675fd0339e07dfe0648fa,benign calibration only; conservative >= cutoff with ties,frozen decisions on grouped internal development holdout,binary,0.75,selective_fusion_primary_0.75,-0.0009329894078261569,0.00024058703235895276,262c5f52ee14f44e49a9a34e7171b7c0b02ee60bbe22fea7244f0d2ae0e8c15b,False,0.061807492274063465,budget-dependent conditional ranking
0.9855597778427361,0.9251962021842929,0.9544245031987771,0.029712498496331046,29.712498496331047,0.9926435408274021,0.9966128632203112,46,65,18,17,1,-19,2.5555555555555554,finite,,selective_fusion_primary_0.5,none,123,0.03,0.7893508609446509,0.029967891544773455,True,0b7faf22430359c6f3a96ed9e2c6945a109e3741b71552707344e8dbb69c67dc,faa91df3057e6c055d3db09612c0a7b8611d63e349fd32a239326f9dd28f1850,bec7dd5ec88dc2a0ccc7a07879d338395ed7421750f675fd0339e07dfe0648fa,benign calibration only; conservative >= cutoff with ties,frozen decisions on grouped internal development holdout,binary,0.5,selective_fusion_primary_0.5,-0.0010427528675703845,0.00012029351617947465,262c5f52ee14f44e49a9a34e7171b7c0b02ee60bbe22fea7244f0d2ae0e8c15b,False,0.06900580387427452,budget-dependent conditional ranking
0.9753426196360369,0.9530212392294605,0.9640527411519778,0.052808853602790806,52.80885360279081,0.9928442654893812,0.9966985387956941,0,0,0,0,0,0,,no_recovery_no_added_fp,,lightgbm,none,123,0.05,0.5480375455043739,0.049946485907955765,False,0b7faf22430359c6f3a96ed9e2c6945a109e3741b71552707344e8dbb69c67dc,faa91df3057e6c055d3db09612c0a7b8611d63e349fd32a239326f9dd28f1850,bec7dd5ec88dc2a0ccc7a07879d338395ed7421750f675fd0339e07dfe0648fa,benign calibration only; conservative >= cutoff with ties,frozen decisions on grouped internal development holdout,binary,1.0,lightgbm,0.0,0.0,262c5f52ee14f44e49a9a34e7171b7c0b02ee60bbe22fea7244f0d2ae0e8c15b,,,
0.9718067978533095,0.7453487733933374,0.8436451733134551,0.0473956453747143,47.395645374714306,0.8669944181392192,0.9442725116600714,56,3840,311,356,-45,-3784,0.18006430868167203,finite,,ae_plain,none,123,0.05,0.026056891307234768,0.050124866214769886,True,0b7faf22430359c6f3a96ed9e2c6945a109e3741b71552707344e8dbb69c67dc,faa91df3057e6c055d3db09612c0a7b8611d63e349fd32a239326f9dd28f1850,bec7dd5ec88dc2a0ccc7a07879d338395ed7421750f675fd0339e07dfe0648fa,benign calibration only; conservative >= cutoff with ties,frozen decisions on grouped internal development holdout,binary,1.0,ae_plain,-0.2076724658361231,-0.005413208228076505,262c5f52ee14f44e49a9a34e7171b7c0b02ee60bbe22fea7244f0d2ae0e8c15b,,,
0.9474423504623668,0.44421272158498437,0.6048423255118817,0.05401178876458559,54.01178876458559,0.9015581169362175,0.9310274523259866,62,9333,408,398,10,-9271,0.15196078431372548,finite,,ae_scaled,none,123,0.05,0.02796544134616852,0.050124866214769886,False,0b7faf22430359c6f3a96ed9e2c6945a109e3741b71552707344e8dbb69c67dc,faa91df3057e6c055d3db09612c0a7b8611d63e349fd32a239326f9dd28f1850,bec7dd5ec88dc2a0ccc7a07879d338395ed7421750f675fd0339e07dfe0648fa,benign calibration only; conservative >= cutoff with ties,frozen decisions on grouped internal development holdout,binary,1.0,ae_scaled,-0.5088085176444761,0.0012029351617947812,262c5f52ee14f44e49a9a34e7171b7c0b02ee60bbe22fea7244f0d2ae0e8c15b,,,
0.9445151438024942,0.40733219911091595,0.569193604049235,0.052447973054252375,52.44797305425237,0.8578330643811678,0.9098054178330316,35,9978,402,405,-3,-9943,0.08706467661691543,finite,,isolation_forest,none,123,0.05,0.513670365802697,0.049946485907955765,False,0b7faf22430359c6f3a96ed9e2c6945a109e3741b71552707344e8dbb69c67dc,faa91df3057e6c055d3db09612c0a7b8611d63e349fd32a239326f9dd28f1850,bec7dd5ec88dc2a0ccc7a07879d338395ed7421750f675fd0339e07dfe0648fa,benign calibration only; conservative >= cutoff with ties,frozen decisions on grouped internal development holdout,binary,1.0,isolation_forest,-0.5456890401185446,-0.0003608805485384309,262c5f52ee14f44e49a9a34e7171b7c0b02ee60bbe22fea7244f0d2ae0e8c15b,,,
0.9485003946329913,0.5276329509906152,0.6780689071481468,0.06279321544568747,62.79321544568748,0.8976307755931883,0.9408974315385521,59,7810,448,365,83,-7751,0.13169642857142858,finite,,ae_denoising,none,123,0.05,0.16206502914428714,0.050124866214769886,False,0b7faf22430359c6f3a96ed9e2c6945a109e3741b71552707344e8dbb69c67dc,faa91df3057e6c055d3db09612c0a7b8611d63e349fd32a239326f9dd28f1850,bec7dd5ec88dc2a0ccc7a07879d338395ed7421750f675fd0339e07dfe0648fa,benign calibration only; conservative >= cutoff with ties,frozen decisions on grouped internal development holdout,binary,1.0,ae_denoising,-0.4253882882388452,0.009984361842896666,262c5f52ee14f44e49a9a34e7171b7c0b02ee60bbe22fea7244f0d2ae0e8c15b,,,
0.9451714801444043,0.459799132868668,0.6186450064611408,0.058462648863226274,58.46264886322627,0.9061001494984131,0.9210544993417727,109,9096,438,391,47,-8987,0.24885844748858446,finite,,ae_latent,none,123,0.05,22.002709104691508,0.049768105601141636,False,0b7faf22430359c6f3a96ed9e2c6945a109e3741b71552707344e8dbb69c67dc,faa91df3057e6c055d3db09612c0a7b8611d63e349fd32a239326f9dd28f1850,bec7dd5ec88dc2a0ccc7a07879d338395ed7421750f675fd0339e07dfe0648fa,benign calibration only; conservative >= cutoff with ties,frozen decisions on grouped internal development holdout,binary,1.0,ae_latent,-0.49322210636079244,0.005653795260435468,262c5f52ee14f44e49a9a34e7171b7c0b02ee60bbe22fea7244f0d2ae0e8c15b,,,
0.9754356379988758,0.952362658470995,0.9637610730054705,0.05256826657043186,52.56826657043185,0.9914349808329538,0.9952047986692842,42,54,28,30,-2,-12,1.5,finite,,learned_fusion,none,123,0.05,0.5545990712974528,0.049946485907955765,False,0b7faf22430359c6f3a96ed9e2c6945a109e3741b71552707344e8dbb69c67dc,faa91df3057e6c055d3db09612c0a7b8611d63e349fd32a239326f9dd28f1850,bec7dd5ec88dc2a0ccc7a07879d338395ed7421750f675fd0339e07dfe0648fa,benign calibration only; conservative >= cutoff with ties,frozen decisions on grouped internal development holdout,binary,1.0,learned_fusion,-0.0006585807584654768,-0.0002405870323589493,262c5f52ee14f44e49a9a34e7171b7c0b02ee60bbe22fea7244f0d2ae0e8c15b,,,
0.9722238229700916,0.9259096646726305,0.948501714735481,0.05798147479850836,57.98147479850836,0.9879699452779704,0.9943448283194635,27,521,248,205,43,-494,0.10887096774193548,finite,,rank_or,none,123,0.05,0.9712843717368606,0.049946485907955765,False,0b7faf22430359c6f3a96ed9e2c6945a109e3741b71552707344e8dbb69c67dc,faa91df3057e6c055d3db09612c0a7b8611d63e349fd32a239326f9dd28f1850,bec7dd5ec88dc2a0ccc7a07879d338395ed7421750f675fd0339e07dfe0648fa,benign calibration only; conservative >= cutoff with ties,frozen decisions on grouped internal development holdout,binary,1.0,rank_or,-0.027111574556829998,0.0051726211957175555,262c5f52ee14f44e49a9a34e7171b7c0b02ee60bbe22fea7244f0d2ae0e8c15b,,,
0.9753426196360369,0.9530212392294605,0.9640527411519778,0.052808853602790806,52.80885360279081,0.9928442654893812,0.9966985387956941,0,0,0,0,0,0,,no_recovery_no_added_fp,,fusion_control,none,123,0.05,0.5458992109445014,0.049946485907955765,False,0b7faf22430359c6f3a96ed9e2c6945a109e3741b71552707344e8dbb69c67dc,faa91df3057e6c055d3db09612c0a7b8611d63e349fd32a239326f9dd28f1850,bec7dd5ec88dc2a0ccc7a07879d338395ed7421750f675fd0339e07dfe0648fa,benign calibration only; conservative >= cutoff with ties,frozen decisions on grouped internal development holdout,binary,1.0,['lightgbm'],0.0,0.0,262c5f52ee14f44e49a9a34e7171b7c0b02ee60bbe22fea7244f0d2ae0e8c15b,,,
0.9753794266441821,0.9523077767411229,0.9637055344200384,0.05268856008661133,52.68856008661133,0.9914303198800739,0.9952335255539551,41,54,29,30,-1,-13,1.4137931034482758,finite,,fusion_latent,none,123,0.05,0.5544172819027818,0.049946485907955765,False,0b7faf22430359c6f3a96ed9e2c6945a109e3741b71552707344e8dbb69c67dc,faa91df3057e6c055d3db09612c0a7b8611d63e349fd32a239326f9dd28f1850,bec7dd5ec88dc2a0ccc7a07879d338395ed7421750f675fd0339e07dfe0648fa,benign calibration only; conservative >= cutoff with ties,frozen decisions on grouped internal development holdout,binary,1.0,"['lightgbm', 'ae_latent']",-0.0007134624883375906,-0.00012029351617947465,262c5f52ee14f44e49a9a34e7171b7c0b02ee60bbe22fea7244f0d2ae0e8c15b,,,
0.9757456387169386,0.9515943142527853,0.9635186574421383,0.05184650547335499,51.84650547335499,0.991823883215059,0.995353736399469,7,33,5,13,-8,-26,1.4,finite,,fusion_ae_plain,none,123,0.05,0.5168292814001609,0.049946485907955765,False,0b7faf22430359c6f3a96ed9e2c6945a109e3741b71552707344e8dbb69c67dc,faa91df3057e6c055d3db09612c0a7b8611d63e349fd32a239326f9dd28f1850,bec7dd5ec88dc2a0ccc7a07879d338395ed7421750f675fd0339e07dfe0648fa,benign calibration only; conservative >= cutoff with ties,frozen decisions on grouped internal development holdout,binary,1.0,"['lightgbm', 'ae_plain']",-0.0014269249766751813,-0.000962348129435818,262c5f52ee14f44e49a9a34e7171b7c0b02ee60bbe22fea7244f0d2ae0e8c15b,,,
0.9756426843674411,0.9518687229021459,0.9636090893938553,0.052087092505713944,52.08709250571394,0.9912276740604629,0.9951163618610662,33,54,24,30,-6,-21,1.375,finite,,fusion_ae_plain_latent,none,123,0.05,0.5369718612473476,0.049946485907955765,False,0b7faf22430359c6f3a96ed9e2c6945a109e3741b71552707344e8dbb69c67dc,faa91df3057e6c055d3db09612c0a7b8611d63e349fd32a239326f9dd28f1850,bec7dd5ec88dc2a0ccc7a07879d338395ed7421750f675fd0339e07dfe0648fa,benign calibration only; conservative >= cutoff with ties,frozen decisions on grouped internal development holdout,binary,1.0,"['lightgbm', 'ae_plain', 'ae_latent']",-0.0011525163273146122,-0.0007217610970768618,262c5f52ee14f44e49a9a34e7171b7c0b02ee60bbe22fea7244f0d2ae0e8c15b,,,
0.9753356930164616,0.9527468305800999,0.9639089394780678,0.052808853602790806,52.80885360279081,0.9920960307081005,0.9953952776738287,6,11,3,3,0,-5,2.0,finite,,fusion_ae_denoising,none,123,0.05,0.5307993897519069,0.049946485907955765,False,0b7faf22430359c6f3a96ed9e2c6945a109e3741b71552707344e8dbb69c67dc,faa91df3057e6c055d3db09612c0a7b8611d63e349fd32a239326f9dd28f1850,bec7dd5ec88dc2a0ccc7a07879d338395ed7421750f675fd0339e07dfe0648fa,benign calibration only; conservative >= cutoff with ties,frozen decisions on grouped internal development holdout,binary,1.0,"['lightgbm', 'ae_denoising']",-0.0002744086493605691,0.0,262c5f52ee14f44e49a9a34e7171b7c0b02ee60bbe22fea7244f0d2ae0e8c15b,,,
0.9754356379988758,0.952362658470995,0.9637610730054705,0.05256826657043186,52.56826657043185,0.9914349808329538,0.9952047986692842,42,54,28,30,-2,-12,1.5,finite,,fusion_ae_denoising_latent,none,123,0.05,0.5545990712974528,0.049946485907955765,False,0b7faf22430359c6f3a96ed9e2c6945a109e3741b71552707344e8dbb69c67dc,faa91df3057e6c055d3db09612c0a7b8611d63e349fd32a239326f9dd28f1850,bec7dd5ec88dc2a0ccc7a07879d338395ed7421750f675fd0339e07dfe0648fa,benign calibration only; conservative >= cutoff with ties,frozen decisions on grouped internal development holdout,binary,1.0,"['lightgbm', 'ae_denoising', 'ae_latent']",-0.0006585807584654768,-0.0002405870323589493,262c5f52ee14f44e49a9a34e7171b7c0b02ee60bbe22fea7244f0d2ae0e8c15b,,,
0.9750196474682834,0.953240766148949,0.9640072152074373,0.053530614699867675,53.53061469986768,0.9920001741849584,0.9950502612771683,8,4,6,0,6,4,1.3333333333333333,finite,,fusion_ae_scaled,none,123,0.05,0.5316589115862467,0.049946485907955765,False,0b7faf22430359c6f3a96ed9e2c6945a109e3741b71552707344e8dbb69c67dc,faa91df3057e6c055d3db09612c0a7b8611d63e349fd32a239326f9dd28f1850,bec7dd5ec88dc2a0ccc7a07879d338395ed7421750f675fd0339e07dfe0648fa,benign calibration only; conservative >= cutoff with ties,frozen decisions on grouped internal development holdout,binary,1.0,"['lightgbm', 'ae_scaled']",0.00021952691948856629,0.0007217610970768687,262c5f52ee14f44e49a9a34e7171b7c0b02ee60bbe22fea7244f0d2ae0e8c15b,,,
0.9753891105242457,0.9526919488502278,0.9639069354211783,0.05268856008661133,52.68856008661133,0.9914003669860008,0.9955574677944129,46,52,29,30,-1,-6,1.5862068965517242,finite,,fusion_ae_scaled_latent,none,123,0.05,0.5520143847920489,0.049946485907955765,False,0b7faf22430359c6f3a96ed9e2c6945a109e3741b71552707344e8dbb69c67dc,faa91df3057e6c055d3db09612c0a7b8611d63e349fd32a239326f9dd28f1850,bec7dd5ec88dc2a0ccc7a07879d338395ed7421750f675fd0339e07dfe0648fa,benign calibration only; conservative >= cutoff with ties,frozen decisions on grouped internal development holdout,binary,1.0,"['lightgbm', 'ae_scaled', 'ae_latent']",-0.0003292903792326829,-0.00012029351617947465,262c5f52ee14f44e49a9a34e7171b7c0b02ee60bbe22fea7244f0d2ae0e8c15b,,,
0.9753426196360369,0.9530212392294605,0.9640527411519778,0.052808853602790806,52.80885360279081,0.9927535617618806,0.9966613741650008,0,0,0,0,0,0,,no_recovery_no_added_fp,,selective_fusion,none,123,0.05,0.8083752291125132,0.049946485907955765,False,0b7faf22430359c6f3a96ed9e2c6945a109e3741b71552707344e8dbb69c67dc,faa91df3057e6c055d3db09612c0a7b8611d63e349fd32a239326f9dd28f1850,bec7dd5ec88dc2a0ccc7a07879d338395ed7421750f675fd0339e07dfe0648fa,benign calibration only; conservative >= cutoff with ties,frozen decisions on grouped internal development holdout,binary,1.0,selective_fusion,0.0,0.0,262c5f52ee14f44e49a9a34e7171b7c0b02ee60bbe22fea7244f0d2ae0e8c15b,True,0.04089093238863345,budget-dependent conditional ranking
0.9753315351764441,0.9525821853904836,0.9638226393092151,0.052808853602790806,52.80885360279081,0.9927141714285134,0.9966442216667063,42,50,30,30,0,-8,1.4,finite,,selective_fusion_primary_0.75,none,123,0.05,0.5507488705858083,0.049946485907955765,False,0b7faf22430359c6f3a96ed9e2c6945a109e3741b71552707344e8dbb69c67dc,faa91df3057e6c055d3db09612c0a7b8611d63e349fd32a239326f9dd28f1850,bec7dd5ec88dc2a0ccc7a07879d338395ed7421750f675fd0339e07dfe0648fa,benign calibration only; conservative >= cutoff with ties,frozen decisions on grouped internal development holdout,binary,0.75,selective_fusion_primary_0.75,-0.0004390538389769105,0.0,262c5f52ee14f44e49a9a34e7171b7c0b02ee60bbe22fea7244f0d2ae0e8c15b,False,0.050425868696766414,budget-dependent conditional ranking
0.9753315351764441,0.9525821853904836,0.9638226393092151,0.052808853602790806,52.80885360279081,0.9926756393442598,0.9966273758155187,42,50,30,30,0,-8,1.4,finite,,selective_fusion_primary_0.5,none,123,0.05,0.5507488705858083,0.049946485907955765,False,0b7faf22430359c6f3a96ed9e2c6945a109e3741b71552707344e8dbb69c67dc,faa91df3057e6c055d3db09612c0a7b8611d63e349fd32a239326f9dd28f1850,bec7dd5ec88dc2a0ccc7a07879d338395ed7421750f675fd0339e07dfe0648fa,benign calibration only; conservative >= cutoff with ties,frozen decisions on grouped internal development holdout,binary,0.5,selective_fusion_primary_0.5,-0.0004390538389769105,0.0,262c5f52ee14f44e49a9a34e7171b7c0b02ee60bbe22fea7244f0d2ae0e8c15b,False,0.05965930504258687,budget-dependent conditional ranking
0.9898656898656899,0.889852368146644,0.9371983468685876,0.019968723685793336,19.968723685793336,0.9879699452779704,0.9943448283194635,84,0,73,0,73,84,1.1506849315068493,finite,,naive_or,none,123,0.01,,,False,0b7faf22430359c6f3a96ed9e2c6945a109e3741b71552707344e8dbb69c67dc,faa91df3057e6c055d3db09612c0a7b8611d63e349fd32a239326f9dd28f1850,bec7dd5ec88dc2a0ccc7a07879d338395ed7421750f675fd0339e07dfe0648fa,benign calibration only; conservative >= cutoff with ties,frozen decisions on grouped internal development holdout,binary,1.0,naive_or,0.00461006530925856,0.008781426681101889,262c5f52ee14f44e49a9a34e7171b7c0b02ee60bbe22fea7244f0d2ae0e8c15b,,,rank_or (naive OR has two cutoffs)
0.9701355912809657,0.9306294934416333,0.9499719887955183,0.06279321544568747,62.79321544568748,0.9879699452779704,0.9943448283194635,80,0,276,0,276,80,0.2898550724637681,finite,,naive_or,none,123,0.03,,,False,0b7faf22430359c6f3a96ed9e2c6945a109e3741b71552707344e8dbb69c67dc,faa91df3057e6c055d3db09612c0a7b8611d63e349fd32a239326f9dd28f1850,bec7dd5ec88dc2a0ccc7a07879d338395ed7421750f675fd0339e07dfe0648fa,benign calibration only; conservative >= cutoff with ties,frozen decisions on grouped internal development holdout,binary,1.0,naive_or,0.0043905383897699934,0.033201010465535905,262c5f52ee14f44e49a9a34e7171b7c0b02ee60bbe22fea7244f0d2ae0e8c15b,,,rank_or (naive OR has two cutoffs)
0.9515591720823549,0.956259261291916,0.9539034271323771,0.10670034885119692,106.70034885119692,0.9879699452779704,0.9943448283194635,59,0,448,0,448,59,0.13169642857142858,finite,,naive_or,none,123,0.05,,,False,0b7faf22430359c6f3a96ed9e2c6945a109e3741b71552707344e8dbb69c67dc,faa91df3057e6c055d3db09612c0a7b8611d63e349fd32a239326f9dd28f1850,bec7dd5ec88dc2a0ccc7a07879d338395ed7421750f675fd0339e07dfe0648fa,benign calibration only; conservative >= cutoff with ties,frozen decisions on grouped internal development holdout,binary,1.0,naive_or,0.0032380220624554923,0.05389149524840611,262c5f52ee14f44e49a9a34e7171b7c0b02ee60bbe22fea7244f0d2ae0e8c15b,,,rank_or (naive OR has two cutoffs)
0.9934849416103257,0.8946203232233784,0.9414642669928359,0.012661251791686574,12.661251791686574,0.9933076916730458,0.9968664327057195,0,0,0,0,0,0,,no_recovery_no_added_fp,,lightgbm,none,2026,0.01,0.8599444888350419,0.00990990990990991,False,0b7faf22430359c6f3a96ed9e2c6945a109e3741b71552707344e8dbb69c67dc,59ab97447e4426a86f417a1da27c82c4e76622f67282d05eca25047f19c02558,bec7dd5ec88dc2a0ccc7a07879d338395ed7421750f675fd0339e07dfe0648fa,benign calibration only; conservative >= cutoff with ties,frozen decisions on grouped internal development holdout,binary,1.0,lightgbm,0.0,0.0,8d4a04333cd57eb681f98456c42dac8cb3c3e172bd43a1bf52c03fd759922aa6,,,
0.9899412148922273,0.4194155412884658,0.5892003265560005,0.00919732441471572,9.19732441471572,0.8734666972125582,0.9448866911576858,36,8622,69,98,-29,-8586,0.5217391304347826,finite,,ae_plain,none,2026,0.01,0.09617537260055543,0.01009009009009009,True,0b7faf22430359c6f3a96ed9e2c6945a109e3741b71552707344e8dbb69c67dc,59ab97447e4426a86f417a1da27c82c4e76622f67282d05eca25047f19c02558,bec7dd5ec88dc2a0ccc7a07879d338395ed7421750f675fd0339e07dfe0648fa,benign calibration only; conservative >= cutoff with ties,frozen decisions on grouped internal development holdout,binary,1.0,ae_plain,-0.47520478193491256,-0.003463927376970854,8d4a04333cd57eb681f98456c42dac8cb3c3e172bd43a1bf52c03fd759922aa6,,,
0.9898957497995189,0.34159840602169583,0.5079208328189936,0.007525083612040134,7.525083612040134,0.9122665717059121,0.9509703373015254,12,10004,63,106,-43,-9992,0.19047619047619047,finite,,ae_scaled,none,2026,0.01,0.06270053982734682,0.01009009009009009,True,0b7faf22430359c6f3a96ed9e2c6945a109e3741b71552707344e8dbb69c67dc,59ab97447e4426a86f417a1da27c82c4e76622f67282d05eca25047f19c02558,bec7dd5ec88dc2a0ccc7a07879d338395ed7421750f675fd0339e07dfe0648fa,benign calibration only; conservative >= cutoff with ties,frozen decisions on grouped internal development holdout,binary,1.0,ae_scaled,-0.5530219172016826,-0.00513616817964644,8d4a04333cd57eb681f98456c42dac8cb3c3e172bd43a1bf52c03fd759922aa6,,,
0.9850793152190985,0.34713305291122426,0.5133619807652957,0.011347348303870044,11.347348303870042,0.8618400118689484,0.926664643907842,11,9903,89,100,-11,-9892,0.12359550561797752,finite,,isolation_forest,none,2026,0.01,0.5592971270537869,0.00990990990990991,False,0b7faf22430359c6f3a96ed9e2c6945a109e3741b71552707344e8dbb69c67dc,59ab97447e4426a86f417a1da27c82c4e76622f67282d05eca25047f19c02558,bec7dd5ec88dc2a0ccc7a07879d338395ed7421750f675fd0339e07dfe0648fa,benign calibration only; conservative >= cutoff with ties,frozen decisions on grouped internal development holdout,binary,1.0,isolation_forest,-0.547487270312154,-0.0013139034878165302,8d4a04333cd57eb681f98456c42dac8cb3c3e172bd43a1bf52c03fd759922aa6,,,
0.9768822243049047,0.17306840823555458,0.2940429733414829,0.008838987099856666,8.838987099856665,0.9137036924847589,0.9446059892239922,23,13060,71,103,-32,-13037,0.323943661971831,finite,,ae_denoising,none,2026,0.01,0.3755088150501252,0.01009009009009009,True,0b7faf22430359c6f3a96ed9e2c6945a109e3741b71552707344e8dbb69c67dc,59ab97447e4426a86f417a1da27c82c4e76622f67282d05eca25047f19c02558,bec7dd5ec88dc2a0ccc7a07879d338395ed7421750f675fd0339e07dfe0648fa,benign calibration only; conservative >= cutoff with ties,frozen decisions on grouped internal development holdout,binary,1.0,ae_denoising,-0.7215519149878238,-0.003822264691829908,8d4a04333cd57eb681f98456c42dac8cb3c3e172bd43a1bf52c03fd759922aa6,,,
0.930567315834039,0.06082576931591764,0.11418775001298768,0.009794553272814142,9.794553272814142,0.8981995017548506,0.9196799184145541,11,15076,79,103,-24,-15065,0.13924050632911392,finite,,ae_latent,none,2026,0.01,58.04214250181452,0.00990990990990991,True,0b7faf22430359c6f3a96ed9e2c6945a109e3741b71552707344e8dbb69c67dc,59ab97447e4426a86f417a1da27c82c4e76622f67282d05eca25047f19c02558,bec7dd5ec88dc2a0ccc7a07879d338395ed7421750f675fd0339e07dfe0648fa,benign calibration only; conservative >= cutoff with ties,frozen decisions on grouped internal development holdout,binary,1.0,ae_latent,-0.8337945539074607,-0.002866698518872432,8d4a04333cd57eb681f98456c42dac8cb3c3e172bd43a1bf52c03fd759922aa6,,,
0.9933366238894373,0.8910781492140801,0.9394328393044696,0.012900143334925944,12.900143334925943,0.9922084739119541,0.9959457586277463,65,129,18,16,2,-64,3.611111111111111,finite,,learned_fusion,none,2026,0.01,0.9332415004066223,0.00990990990990991,False,0b7faf22430359c6f3a96ed9e2c6945a109e3741b71552707344e8dbb69c67dc,59ab97447e4426a86f417a1da27c82c4e76622f67282d05eca25047f19c02558,bec7dd5ec88dc2a0ccc7a07879d338395ed7421750f675fd0339e07dfe0648fa,benign calibration only; conservative >= cutoff with ties,frozen decisions on grouped internal development holdout,binary,1.0,learned_fusion,-0.003542174009298238,0.0002388915432393699,8d4a04333cd57eb681f98456c42dac8cb3c3e172bd43a1bf52c03fd759922aa6,,,
0.994983922829582,0.8563205667478415,0.9204592777678624,0.009316770186335404,9.316770186335404,0.9894133747637661,0.9948483067871473,16,708,40,68,-28,-692,0.4,finite,,rank_or,none,2026,0.01,0.9955027882712719,0.009369369369369369,True,0b7faf22430359c6f3a96ed9e2c6945a109e3741b71552707344e8dbb69c67dc,59ab97447e4426a86f417a1da27c82c4e76622f67282d05eca25047f19c02558,bec7dd5ec88dc2a0ccc7a07879d338395ed7421750f675fd0339e07dfe0648fa,benign calibration only; conservative >= cutoff with ties,frozen decisions on grouped internal development holdout,binary,1.0,rank_or,-0.03829975647553685,-0.00334448160535117,8d4a04333cd57eb681f98456c42dac8cb3c3e172bd43a1bf52c03fd759922aa6,,,
0.9934849416103257,0.8946203232233784,0.9414642669928359,0.012661251791686574,12.661251791686574,0.9933076916730458,0.9968664327057195,0,0,0,0,0,0,,no_recovery_no_added_fp,,fusion_control,none,2026,0.01,0.9390469835214629,0.00990990990990991,False,0b7faf22430359c6f3a96ed9e2c6945a109e3741b71552707344e8dbb69c67dc,59ab97447e4426a86f417a1da27c82c4e76622f67282d05eca25047f19c02558,bec7dd5ec88dc2a0ccc7a07879d338395ed7421750f675fd0339e07dfe0648fa,benign calibration only; conservative >= cutoff with ties,frozen decisions on grouped internal development holdout,binary,1.0,['lightgbm'],0.0,0.0,8d4a04333cd57eb681f98456c42dac8cb3c3e172bd43a1bf52c03fd759922aa6,,,
0.9933378570106718,0.891244188620766,0.9395256571078503,0.012900143334925944,12.900143334925943,0.9922071054553053,0.9959870038426865,68,129,18,16,2,-61,3.7777777777777777,finite,,fusion_latent,none,2026,0.01,0.933124730132371,0.00990990990990991,False,0b7faf22430359c6f3a96ed9e2c6945a109e3741b71552707344e8dbb69c67dc,59ab97447e4426a86f417a1da27c82c4e76622f67282d05eca25047f19c02558,bec7dd5ec88dc2a0ccc7a07879d338395ed7421750f675fd0339e07dfe0648fa,benign calibration only; conservative >= cutoff with ties,frozen decisions on grouped internal development holdout,binary,1.0,"['lightgbm', 'ae_latent']",-0.003376134602612324,0.0002388915432393699,8d4a04333cd57eb681f98456c42dac8cb3c3e172bd43a1bf52c03fd759922aa6,,,
0.9936317546679857,0.8894731016161169,0.9386718065533556,0.01230291447682752,12.302914476827521,0.9927150342534616,0.9964226225271662,25,118,11,14,-3,-93,2.272727272727273,finite,,fusion_ae_plain,none,2026,0.01,0.9303801861724705,0.00990990990990991,False,0b7faf22430359c6f3a96ed9e2c6945a109e3741b71552707344e8dbb69c67dc,59ab97447e4426a86f417a1da27c82c4e76622f67282d05eca25047f19c02558,bec7dd5ec88dc2a0ccc7a07879d338395ed7421750f675fd0339e07dfe0648fa,benign calibration only; conservative >= cutoff with ties,frozen decisions on grouped internal development holdout,binary,1.0,"['lightgbm', 'ae_plain']",-0.005147221607261443,-0.000358337314859054,8d4a04333cd57eb681f98456c42dac8cb3c3e172bd43a1bf52c03fd759922aa6,,,
0.993801524824893,0.8873699357980961,0.9375749247098039,0.011944577161968466,11.944577161968466,0.9922696710288393,0.9962097738828328,48,179,21,27,-6,-131,2.2857142857142856,finite,,fusion_ae_plain_latent,none,2026,0.01,0.927733010600351,0.00990990990990991,False,0b7faf22430359c6f3a96ed9e2c6945a109e3741b71552707344e8dbb69c67dc,59ab97447e4426a86f417a1da27c82c4e76622f67282d05eca25047f19c02558,bec7dd5ec88dc2a0ccc7a07879d338395ed7421750f675fd0339e07dfe0648fa,benign calibration only; conservative >= cutoff with ties,frozen decisions on grouped internal development holdout,binary,1.0,"['lightgbm', 'ae_plain', 'ae_latent']",-0.007250387425282279,-0.000716674629718108,8d4a04333cd57eb681f98456c42dac8cb3c3e172bd43a1bf52c03fd759922aa6,,,
0.993485342019544,0.8946756696922736,0.9414950930428958,0.012661251791686574,12.661251791686574,0.9927117387189721,0.9959688724003072,18,17,6,6,0,1,3.0,finite,,fusion_ae_denoising,none,2026,0.01,0.9344944753373889,0.00990990990990991,False,0b7faf22430359c6f3a96ed9e2c6945a109e3741b71552707344e8dbb69c67dc,59ab97447e4426a86f417a1da27c82c4e76622f67282d05eca25047f19c02558,bec7dd5ec88dc2a0ccc7a07879d338395ed7421750f675fd0339e07dfe0648fa,benign calibration only; conservative >= cutoff with ties,frozen decisions on grouped internal development holdout,binary,1.0,"['lightgbm', 'ae_denoising']",5.534646889526762e-05,0.0,8d4a04333cd57eb681f98456c42dac8cb3c3e172bd43a1bf52c03fd759922aa6,,,
0.9933366238894373,0.8910781492140801,0.9394328393044696,0.012900143334925944,12.900143334925943,0.9922084739119541,0.9959457586277463,65,129,18,16,2,-64,3.611111111111111,finite,,fusion_ae_denoising_latent,none,2026,0.01,0.9332415004066223,0.00990990990990991,False,0b7faf22430359c6f3a96ed9e2c6945a109e3741b71552707344e8dbb69c67dc,59ab97447e4426a86f417a1da27c82c4e76622f67282d05eca25047f19c02558,bec7dd5ec88dc2a0ccc7a07879d338395ed7421750f675fd0339e07dfe0648fa,benign calibration only; conservative >= cutoff with ties,frozen decisions on grouped internal development holdout,binary,1.0,"['lightgbm', 'ae_denoising', 'ae_latent']",-0.003542174009298238,0.0002388915432393699,8d4a04333cd57eb681f98456c42dac8cb3c3e172bd43a1bf52c03fd759922aa6,,,
0.9936003938219187,0.8936794332521585,0.9409947842303097,0.012422360248447204,12.422360248447205,0.9928969596568931,0.9961620372333678,11,28,5,7,-2,-17,2.2,finite,,fusion_ae_scaled,none,2026,0.01,0.9327690971111289,0.00990990990990991,False,0b7faf22430359c6f3a96ed9e2c6945a109e3741b71552707344e8dbb69c67dc,59ab97447e4426a86f417a1da27c82c4e76622f67282d05eca25047f19c02558,bec7dd5ec88dc2a0ccc7a07879d338395ed7421750f675fd0339e07dfe0648fa,benign calibration only; conservative >= cutoff with ties,frozen decisions on grouped internal development holdout,binary,1.0,"['lightgbm', 'ae_scaled']",-0.0009408899712198826,-0.0002388915432393699,8d4a04333cd57eb681f98456c42dac8cb3c3e172bd43a1bf52c03fd759922aa6,,,
0.9933308632826973,0.8903032986495462,0.9389994746366237,0.012900143334925944,12.900143334925943,0.9923880524452879,0.9962300650482375,47,125,19,17,2,-78,2.473684210526316,finite,,fusion_ae_scaled_latent,none,2026,0.01,0.9327150215134646,0.00990990990990991,False,0b7faf22430359c6f3a96ed9e2c6945a109e3741b71552707344e8dbb69c67dc,59ab97447e4426a86f417a1da27c82c4e76622f67282d05eca25047f19c02558,bec7dd5ec88dc2a0ccc7a07879d338395ed7421750f675fd0339e07dfe0648fa,benign calibration only; conservative >= cutoff with ties,frozen decisions on grouped internal development holdout,binary,1.0,"['lightgbm', 'ae_scaled', 'ae_latent']",-0.004317024573832207,0.0002388915432393699,8d4a04333cd57eb681f98456c42dac8cb3c3e172bd43a1bf52c03fd759922aa6,,,
0.9931216606276485,0.8950077485056454,0.9415155308433525,0.013377926421404682,13.377926421404682,0.9930558196243504,0.9967613270210051,7,0,6,0,6,7,1.1666666666666667,finite,,selective_fusion,none,2026,0.01,0.9524452552297232,0.00990990990990991,False,0b7faf22430359c6f3a96ed9e2c6945a109e3741b71552707344e8dbb69c67dc,59ab97447e4426a86f417a1da27c82c4e76622f67282d05eca25047f19c02558,bec7dd5ec88dc2a0ccc7a07879d338395ed7421750f675fd0339e07dfe0648fa,benign calibration only; conservative >= cutoff with ties,frozen decisions on grouped internal development holdout,binary,1.0,selective_fusion,0.00038742528226698436,0.000716674629718108,8d4a04333cd57eb681f98456c42dac8cb3c3e172bd43a1bf52c03fd759922aa6,True,0.07344931921331316,budget-dependent conditional ranking
0.9933995435198322,0.8912995350896613,0.9395840018670323,0.012780697563306258,12.780697563306259,0.9930053387790945,0.9967376852265292,49,109,17,16,1,-60,2.8823529411764706,finite,,selective_fusion_primary_0.75,none,2026,0.01,0.9376400976721778,0.00972972972972973,False,0b7faf22430359c6f3a96ed9e2c6945a109e3741b71552707344e8dbb69c67dc,59ab97447e4426a86f417a1da27c82c4e76622f67282d05eca25047f19c02558,bec7dd5ec88dc2a0ccc7a07879d338395ed7421750f675fd0339e07dfe0648fa,benign calibration only; conservative >= cutoff with ties,frozen decisions on grouped internal development holdout,binary,0.75,selective_fusion_primary_0.75,-0.0033207881337170564,0.00011944577161968409,8d4a04333cd57eb681f98456c42dac8cb3c3e172bd43a1bf52c03fd759922aa6,False,0.08033282904689863,budget-dependent conditional ranking
0.9936313609101589,0.8894177551472217,0.9386408107239859,0.01230291447682752,12.302914476827521,0.9929574064364374,0.9967144150174458,55,149,17,20,-3,-94,3.235294117647059,finite,,selective_fusion_primary_0.5,none,2026,0.01,0.9366088016991347,0.00972972972972973,False,0b7faf22430359c6f3a96ed9e2c6945a109e3741b71552707344e8dbb69c67dc,59ab97447e4426a86f417a1da27c82c4e76622f67282d05eca25047f19c02558,bec7dd5ec88dc2a0ccc7a07879d338395ed7421750f675fd0339e07dfe0648fa,benign calibration only; conservative >= cutoff with ties,frozen decisions on grouped internal development holdout,binary,0.5,selective_fusion_primary_0.5,-0.005202568076156711,-0.000358337314859054,8d4a04333cd57eb681f98456c42dac8cb3c3e172bd43a1bf52c03fd759922aa6,False,0.094553706505295,budget-dependent conditional ranking
0.9832064617351386,0.9364622537082135,0.9592652436431669,0.034519827998088864,34.519827998088864,0.9933076916730458,0.9968664327057195,0,0,0,0,0,0,,no_recovery_no_added_fp,,lightgbm,none,2026,0.03,0.6581818724119789,0.02990990990990991,False,0b7faf22430359c6f3a96ed9e2c6945a109e3741b71552707344e8dbb69c67dc,59ab97447e4426a86f417a1da27c82c4e76622f67282d05eca25047f19c02558,bec7dd5ec88dc2a0ccc7a07879d338395ed7421750f675fd0339e07dfe0648fa,benign calibration only; conservative >= cutoff with ties,frozen decisions on grouped internal development holdout,binary,1.0,lightgbm,0.0,0.0,8d4a04333cd57eb681f98456c42dac8cb3c3e172bd43a1bf52c03fd759922aa6,,,
0.9798211600854633,0.6852999778614124,0.8065135971340173,0.030458671763019588,30.458671763019588,0.8734666972125582,0.9448866911576858,39,4577,216,250,-34,-4538,0.18055555555555555,finite,,ae_plain,none,2026,0.03,0.037626821547746665,0.03009009009009009,False,0b7faf22430359c6f3a96ed9e2c6945a109e3741b71552707344e8dbb69c67dc,59ab97447e4426a86f417a1da27c82c4e76622f67282d05eca25047f19c02558,bec7dd5ec88dc2a0ccc7a07879d338395ed7421750f675fd0339e07dfe0648fa,benign calibration only; conservative >= cutoff with ties,frozen decisions on grouped internal development holdout,binary,1.0,ae_plain,-0.25116227584680106,-0.004061156235069276,8d4a04333cd57eb681f98456c42dac8cb3c3e172bd43a1bf52c03fd759922aa6,,,
0.9733975461529641,0.46983617445206993,0.6337675911754824,0.02771141901576684,27.711419015766843,0.9122665717059121,0.9509703373015254,30,8461,203,260,-57,-8431,0.1477832512315271,finite,,ae_scaled,none,2026,0.03,0.02755241468548775,0.03009009009009009,True,0b7faf22430359c6f3a96ed9e2c6945a109e3741b71552707344e8dbb69c67dc,59ab97447e4426a86f417a1da27c82c4e76622f67282d05eca25047f19c02558,bec7dd5ec88dc2a0ccc7a07879d338395ed7421750f675fd0339e07dfe0648fa,benign calibration only; conservative >= cutoff with ties,frozen decisions on grouped internal development holdout,binary,1.0,ae_scaled,-0.4666260792561435,-0.006808408982322024,8d4a04333cd57eb681f98456c42dac8cb3c3e172bd43a1bf52c03fd759922aa6,,,
0.965752490107791,0.39174230684082356,0.5573886679529079,0.029980888676540852,29.98088867654085,0.8618400118689484,0.926664643907842,20,9862,222,260,-38,-9842,0.09009009009009009,finite,,isolation_forest,none,2026,0.03,0.5279143193747248,0.02990990990990991,True,0b7faf22430359c6f3a96ed9e2c6945a109e3741b71552707344e8dbb69c67dc,59ab97447e4426a86f417a1da27c82c4e76622f67282d05eca25047f19c02558,bec7dd5ec88dc2a0ccc7a07879d338395ed7421750f675fd0339e07dfe0648fa,benign calibration only; conservative >= cutoff with ties,frozen decisions on grouped internal development holdout,binary,1.0,isolation_forest,-0.5447199468673899,-0.004538939321548013,8d4a04333cd57eb681f98456c42dac8cb3c3e172bd43a1bf52c03fd759922aa6,,,
0.9722293319682621,0.4204671241974762,0.5870489143033769,0.025919732441471572,25.91973244147157,0.9137036924847589,0.9446059892239922,31,9354,182,254,-72,-9323,0.17032967032967034,finite,,ae_denoising,none,2026,0.03,0.11282382905483247,0.03009009009009009,True,0b7faf22430359c6f3a96ed9e2c6945a109e3741b71552707344e8dbb69c67dc,59ab97447e4426a86f417a1da27c82c4e76622f67282d05eca25047f19c02558,bec7dd5ec88dc2a0ccc7a07879d338395ed7421750f675fd0339e07dfe0648fa,benign calibration only; conservative >= cutoff with ties,frozen decisions on grouped internal development holdout,binary,1.0,ae_denoising,-0.5159951295107372,-0.008600095556617292,8d4a04333cd57eb681f98456c42dac8cb3c3e172bd43a1bf52c03fd759922aa6,,,
0.9468721251149954,0.2278614124418862,0.36732690935046397,0.027591973244147156,27.59197324414716,0.8981995017548506,0.9196799184145541,42,12845,210,268,-58,-12803,0.2,finite,,ae_latent,none,2026,0.03,32.11369484888228,0.02990990990990991,True,0b7faf22430359c6f3a96ed9e2c6945a109e3741b71552707344e8dbb69c67dc,59ab97447e4426a86f417a1da27c82c4e76622f67282d05eca25047f19c02558,bec7dd5ec88dc2a0ccc7a07879d338395ed7421750f675fd0339e07dfe0648fa,benign calibration only; conservative >= cutoff with ties,frozen decisions on grouped internal development holdout,binary,1.0,ae_latent,-0.7086008412663273,-0.006927854753941708,8d4a04333cd57eb681f98456c42dac8cb3c3e172bd43a1bf52c03fd759922aa6,,,
0.9843066332185987,0.9338056232012397,0.9583913204010338,0.032130912565695176,32.130912565695176,0.9922084739119541,0.9959457586277463,19,67,6,26,-20,-48,3.1666666666666665,finite,,learned_fusion,none,2026,0.03,0.7472035815915153,0.02990990990990991,False,0b7faf22430359c6f3a96ed9e2c6945a109e3741b71552707344e8dbb69c67dc,59ab97447e4426a86f417a1da27c82c4e76622f67282d05eca25047f19c02558,bec7dd5ec88dc2a0ccc7a07879d338395ed7421750f675fd0339e07dfe0648fa,benign calibration only; conservative >= cutoff with ties,frozen decisions on grouped internal development holdout,binary,1.0,learned_fusion,-0.002656630506973734,-0.0023889154323936887,8d4a04333cd57eb681f98456c42dac8cb3c3e172bd43a1bf52c03fd759922aa6,,,
0.9837750135208221,0.9060770422847022,0.9433288196145092,0.032250358337314856,32.25035833731486,0.9894133747637661,0.9948483067871473,13,562,114,133,-19,-549,0.11403508771929824,finite,,rank_or,none,2026,0.03,0.9850692570606225,0.02972972972972973,False,0b7faf22430359c6f3a96ed9e2c6945a109e3741b71552707344e8dbb69c67dc,59ab97447e4426a86f417a1da27c82c4e76622f67282d05eca25047f19c02558,bec7dd5ec88dc2a0ccc7a07879d338395ed7421750f675fd0339e07dfe0648fa,benign calibration only; conservative >= cutoff with ties,frozen decisions on grouped internal development holdout,binary,1.0,rank_or,-0.03038521142351125,-0.002269469660774008,8d4a04333cd57eb681f98456c42dac8cb3c3e172bd43a1bf52c03fd759922aa6,,,
0.9832064617351386,0.9364622537082135,0.9592652436431669,0.034519827998088864,34.519827998088864,0.9933076916730458,0.9968664327057195,0,0,0,0,0,0,,no_recovery_no_added_fp,,fusion_control,none,2026,0.03,0.7392481682826514,0.02990990990990991,False,0b7faf22430359c6f3a96ed9e2c6945a109e3741b71552707344e8dbb69c67dc,59ab97447e4426a86f417a1da27c82c4e76622f67282d05eca25047f19c02558,bec7dd5ec88dc2a0ccc7a07879d338395ed7421750f675fd0339e07dfe0648fa,benign calibration only; conservative >= cutoff with ties,frozen decisions on grouped internal development holdout,binary,1.0,['lightgbm'],0.0,0.0,8d4a04333cd57eb681f98456c42dac8cb3c3e172bd43a1bf52c03fd759922aa6,,,
0.984303886101062,0.9336395837945539,0.9583025620632847,0.032130912565695176,32.130912565695176,0.9922071054553053,0.9959870038426865,19,70,6,26,-20,-51,3.1666666666666665,finite,,fusion_latent,none,2026,0.03,0.7485447114235201,0.02990990990990991,False,0b7faf22430359c6f3a96ed9e2c6945a109e3741b71552707344e8dbb69c67dc,59ab97447e4426a86f417a1da27c82c4e76622f67282d05eca25047f19c02558,bec7dd5ec88dc2a0ccc7a07879d338395ed7421750f675fd0339e07dfe0648fa,benign calibration only; conservative >= cutoff with ties,frozen decisions on grouped internal development holdout,binary,1.0,"['lightgbm', 'ae_latent']",-0.002822669913659537,-0.0023889154323936887,8d4a04333cd57eb681f98456c42dac8cb3c3e172bd43a1bf52c03fd759922aa6,,,
0.984295638974838,0.9331414655744964,0.9580361962667273,0.032130912565695176,32.130912565695176,0.9927150342534616,0.9964226225271662,9,69,5,25,-20,-60,1.8,finite,,fusion_ae_plain,none,2026,0.03,0.735886105903195,0.02990990990990991,False,0b7faf22430359c6f3a96ed9e2c6945a109e3741b71552707344e8dbb69c67dc,59ab97447e4426a86f417a1da27c82c4e76622f67282d05eca25047f19c02558,bec7dd5ec88dc2a0ccc7a07879d338395ed7421750f675fd0339e07dfe0648fa,benign calibration only; conservative >= cutoff with ties,frozen decisions on grouped internal development holdout,binary,1.0,"['lightgbm', 'ae_plain']",-0.0033207881337170564,-0.0023889154323936887,8d4a04333cd57eb681f98456c42dac8cb3c3e172bd43a1bf52c03fd759922aa6,,,
0.984524643774819,0.933086119105601,0.9581154807910889,0.03165312947921643,31.653129479216435,0.9922696710288393,0.9962097738828328,18,79,8,32,-24,-61,2.25,finite,,fusion_ae_plain_latent,none,2026,0.03,0.7317632175752747,0.02990990990990991,False,0b7faf22430359c6f3a96ed9e2c6945a109e3741b71552707344e8dbb69c67dc,59ab97447e4426a86f417a1da27c82c4e76622f67282d05eca25047f19c02558,bec7dd5ec88dc2a0ccc7a07879d338395ed7421750f675fd0339e07dfe0648fa,benign calibration only; conservative >= cutoff with ties,frozen decisions on grouped internal development holdout,binary,1.0,"['lightgbm', 'ae_plain', 'ae_latent']",-0.003376134602612435,-0.002866698518872432,8d4a04333cd57eb681f98456c42dac8cb3c3e172bd43a1bf52c03fd759922aa6,,,
0.9831463939094555,0.9362962143015275,0.9591495393338058,0.03463927376970855,34.63927376970855,0.9927117387189721,0.9959688724003072,6,9,2,1,1,-3,3.0,finite,,fusion_ae_denoising,none,2026,0.03,0.7299975302587468,0.02990990990990991,False,0b7faf22430359c6f3a96ed9e2c6945a109e3741b71552707344e8dbb69c67dc,59ab97447e4426a86f417a1da27c82c4e76622f67282d05eca25047f19c02558,bec7dd5ec88dc2a0ccc7a07879d338395ed7421750f675fd0339e07dfe0648fa,benign calibration only; conservative >= cutoff with ties,frozen decisions on grouped internal development holdout,binary,1.0,"['lightgbm', 'ae_denoising']",-0.00016603940668591388,0.00011944577161968756,8d4a04333cd57eb681f98456c42dac8cb3c3e172bd43a1bf52c03fd759922aa6,,,
0.9843066332185987,0.9338056232012397,0.9583913204010338,0.032130912565695176,32.130912565695176,0.9922084739119541,0.9959457586277463,19,67,6,26,-20,-48,3.1666666666666665,finite,,fusion_ae_denoising_latent,none,2026,0.03,0.7472035815915153,0.02990990990990991,False,0b7faf22430359c6f3a96ed9e2c6945a109e3741b71552707344e8dbb69c67dc,59ab97447e4426a86f417a1da27c82c4e76622f67282d05eca25047f19c02558,bec7dd5ec88dc2a0ccc7a07879d338395ed7421750f675fd0339e07dfe0648fa,benign calibration only; conservative >= cutoff with ties,frozen decisions on grouped internal development holdout,binary,1.0,"['lightgbm', 'ae_denoising', 'ae_latent']",-0.002656630506973734,-0.0023889154323936887,8d4a04333cd57eb681f98456c42dac8cb3c3e172bd43a1bf52c03fd759922aa6,,,
0.9832499709200884,0.9356874031436795,0.9588792467812376,0.034400382226469184,34.40038222646918,0.9928969596568931,0.9961620372333678,5,19,3,4,-1,-14,1.6666666666666667,finite,,fusion_ae_scaled,none,2026,0.03,0.7284751202141666,0.02990990990990991,False,0b7faf22430359c6f3a96ed9e2c6945a109e3741b71552707344e8dbb69c67dc,59ab97447e4426a86f417a1da27c82c4e76622f67282d05eca25047f19c02558,bec7dd5ec88dc2a0ccc7a07879d338395ed7421750f675fd0339e07dfe0648fa,benign calibration only; conservative >= cutoff with ties,frozen decisions on grouped internal development holdout,binary,1.0,"['lightgbm', 'ae_scaled']",-0.0007748505645339687,-0.00011944577161968062,8d4a04333cd57eb681f98456c42dac8cb3c3e172bd43a1bf52c03fd759922aa6,,,
0.9840862722238415,0.9343590878901926,0.9585782017431792,0.03260869565217391,32.608695652173914,0.9923880524452879,0.9962300650482375,15,53,8,24,-16,-38,1.875,finite,,fusion_ae_scaled_latent,none,2026,0.03,0.7376309075188162,0.02990990990990991,False,0b7faf22430359c6f3a96ed9e2c6945a109e3741b71552707344e8dbb69c67dc,59ab97447e4426a86f417a1da27c82c4e76622f67282d05eca25047f19c02558,bec7dd5ec88dc2a0ccc7a07879d338395ed7421750f675fd0339e07dfe0648fa,benign calibration only; conservative >= cutoff with ties,frozen decisions on grouped internal development holdout,binary,1.0,"['lightgbm', 'ae_scaled', 'ae_latent']",-0.0021031658180208357,-0.0019111323459149523,8d4a04333cd57eb681f98456c42dac8cb3c3e172bd43a1bf52c03fd759922aa6,,,
0.9832103642595712,0.9366836395837945,0.9593832374365806,0.034519827998088864,34.519827998088864,0.9931160680768443,0.9967868561040301,4,0,0,0,0,4,,recovery_without_additional_fp,,selective_fusion,none,2026,0.03,0.8712166917700875,0.02990990990990991,False,0b7faf22430359c6f3a96ed9e2c6945a109e3741b71552707344e8dbb69c67dc,59ab97447e4426a86f417a1da27c82c4e76622f67282d05eca25047f19c02558,bec7dd5ec88dc2a0ccc7a07879d338395ed7421750f675fd0339e07dfe0648fa,benign calibration only; conservative >= cutoff with ties,frozen decisions on grouped internal development holdout,binary,1.0,selective_fusion,0.00022138587558107048,0.0,8d4a04333cd57eb681f98456c42dac8cb3c3e172bd43a1bf52c03fd759922aa6,True,0.05068078668683813,budget-dependent conditional ranking
0.9843048019137639,0.9336949302634492,0.9583321498565626,0.032130912565695176,32.130912565695176,0.993087383374439,0.99677450469654,18,68,6,26,-20,-50,3.0,finite,,selective_fusion_primary_0.75,none,2026,0.03,0.7474996159814528,0.02972972972972973,False,0b7faf22430359c6f3a96ed9e2c6945a109e3741b71552707344e8dbb69c67dc,59ab97447e4426a86f417a1da27c82c4e76622f67282d05eca25047f19c02558,bec7dd5ec88dc2a0ccc7a07879d338395ed7421750f675fd0339e07dfe0648fa,benign calibration only; conservative >= cutoff with ties,frozen decisions on grouped internal development holdout,binary,0.75,selective_fusion_primary_0.75,-0.002767323444764269,-0.0023889154323936887,8d4a04333cd57eb681f98456c42dac8cb3c3e172bd43a1bf52c03fd759922aa6,False,0.0575642965204236,budget-dependent conditional ranking
0.9843066332185987,0.9338056232012397,0.9583913204010338,0.032130912565695176,32.130912565695176,0.9930550395379518,0.996760548154103,19,67,6,26,-20,-48,3.1666666666666665,finite,,selective_fusion_primary_0.5,none,2026,0.03,0.7472035815915153,0.02990990990990991,False,0b7faf22430359c6f3a96ed9e2c6945a109e3741b71552707344e8dbb69c67dc,59ab97447e4426a86f417a1da27c82c4e76622f67282d05eca25047f19c02558,bec7dd5ec88dc2a0ccc7a07879d338395ed7421750f675fd0339e07dfe0648fa,benign calibration only; conservative >= cutoff with ties,frozen decisions on grouped internal development holdout,binary,0.5,selective_fusion_primary_0.5,-0.002656630506973734,-0.0023889154323936887,8d4a04333cd57eb681f98456c42dac8cb3c3e172bd43a1bf52c03fd759922aa6,False,0.06762481089258698,budget-dependent conditional ranking
0.9760339943342776,0.9534536196590657,0.9646116803852399,0.050525561395126616,50.525561395126616,0.9933076916730458,0.9968664327057195,0,0,0,0,0,0,,no_recovery_no_added_fp,,lightgbm,none,2026,0.05,0.5441572187396378,0.04990990990990991,False,0b7faf22430359c6f3a96ed9e2c6945a109e3741b71552707344e8dbb69c67dc,59ab97447e4426a86f417a1da27c82c4e76622f67282d05eca25047f19c02558,bec7dd5ec88dc2a0ccc7a07879d338395ed7421750f675fd0339e07dfe0648fa,benign calibration only; conservative >= cutoff with ties,frozen decisions on grouped internal development holdout,binary,1.0,lightgbm,0.0,0.0,8d4a04333cd57eb681f98456c42dac8cb3c3e172bd43a1bf52c03fd759922aa6,,,
0.9657283655641007,0.7158512286916094,0.8222243412478942,0.054825609173435264,54.82560917343526,0.8734666972125582,0.9448866911576858,42,4335,380,344,36,-4293,0.11052631578947368,finite,,ae_plain,none,2026,0.05,0.024419626221060756,0.05009009009009009,False,0b7faf22430359c6f3a96ed9e2c6945a109e3741b71552707344e8dbb69c67dc,59ab97447e4426a86f417a1da27c82c4e76622f67282d05eca25047f19c02558,bec7dd5ec88dc2a0ccc7a07879d338395ed7421750f675fd0339e07dfe0648fa,benign calibration only; conservative >= cutoff with ties,frozen decisions on grouped internal development holdout,binary,1.0,ae_plain,-0.23760239096745628,0.004300047778308648,8d4a04333cd57eb681f98456c42dac8cb3c3e172bd43a1bf52c03fd759922aa6,,,
0.9621816060664982,0.5477640026566305,0.6981025604852931,0.046464405160057336,46.46440516005733,0.9122665717059121,0.9509703373015254,38,7368,324,358,-34,-7330,0.11728395061728394,finite,,ae_scaled,none,2026,0.05,0.019815029576420787,0.05009009009009009,True,0b7faf22430359c6f3a96ed9e2c6945a109e3741b71552707344e8dbb69c67dc,59ab97447e4426a86f417a1da27c82c4e76622f67282d05eca25047f19c02558,bec7dd5ec88dc2a0ccc7a07879d338395ed7421750f675fd0339e07dfe0648fa,benign calibration only; conservative >= cutoff with ties,frozen decisions on grouped internal development holdout,binary,1.0,ae_scaled,-0.4056896170024352,-0.00406115623506928,8d4a04333cd57eb681f98456c42dac8cb3c3e172bd43a1bf52c03fd759922aa6,,,
0.9514635050018525,0.42638919636927164,0.5888782725014332,0.04694218824653607,46.94218824653607,0.8618400118689484,0.926664643907842,23,9546,344,374,-30,-9523,0.06686046511627906,finite,,isolation_forest,none,2026,0.05,0.5016314318764141,0.04990990990990991,True,0b7faf22430359c6f3a96ed9e2c6945a109e3741b71552707344e8dbb69c67dc,59ab97447e4426a86f417a1da27c82c4e76622f67282d05eca25047f19c02558,bec7dd5ec88dc2a0ccc7a07879d338395ed7421750f675fd0339e07dfe0648fa,benign calibration only; conservative >= cutoff with ties,frozen decisions on grouped internal development holdout,binary,1.0,isolation_forest,-0.5270644232897941,-0.0035833731485905435,8d4a04333cd57eb681f98456c42dac8cb3c3e172bd43a1bf52c03fd759922aa6,,,
0.9597450876261285,0.5001106929377905,0.6575701342648183,0.04526994744386049,45.26994744386049,0.9137036924847589,0.9446059892239922,65,8256,297,341,-44,-8191,0.21885521885521886,finite,,ae_denoising,none,2026,0.05,0.06863631308078767,0.05009009009009009,True,0b7faf22430359c6f3a96ed9e2c6945a109e3741b71552707344e8dbb69c67dc,59ab97447e4426a86f417a1da27c82c4e76622f67282d05eca25047f19c02558,bec7dd5ec88dc2a0ccc7a07879d338395ed7421750f675fd0339e07dfe0648fa,benign calibration only; conservative >= cutoff with ties,frozen decisions on grouped internal development holdout,binary,1.0,ae_denoising,-0.4533429267212752,-0.005255613951266128,8d4a04333cd57eb681f98456c42dac8cb3c3e172bd43a1bf52c03fd759922aa6,,,
0.9473326998778335,0.3862630064201904,0.54877137802241,0.04634495938843765,46.34495938843765,0.8981995017548506,0.9196799184145541,69,10317,333,368,-35,-10248,0.2072072072072072,finite,,ae_latent,none,2026,0.05,25.816980810308294,0.04990990990990991,True,0b7faf22430359c6f3a96ed9e2c6945a109e3741b71552707344e8dbb69c67dc,59ab97447e4426a86f417a1da27c82c4e76622f67282d05eca25047f19c02558,bec7dd5ec88dc2a0ccc7a07879d338395ed7421750f675fd0339e07dfe0648fa,benign calibration only; conservative >= cutoff with ties,frozen decisions on grouped internal development holdout,binary,1.0,ae_latent,-0.5671906132388753,-0.004180602006688967,8d4a04333cd57eb681f98456c42dac8cb3c3e172bd43a1bf52c03fd759922aa6,,,
0.9765026391963222,0.9522359973433695,0.9642166615294084,0.04945054945054945,49.45054945054945,0.9922084739119541,0.9959457586277463,18,40,18,27,-9,-22,1.0,finite,,learned_fusion,none,2026,0.05,0.5336911092122864,0.04990990990990991,True,0b7faf22430359c6f3a96ed9e2c6945a109e3741b71552707344e8dbb69c67dc,59ab97447e4426a86f417a1da27c82c4e76622f67282d05eca25047f19c02558,bec7dd5ec88dc2a0ccc7a07879d338395ed7421750f675fd0339e07dfe0648fa,benign calibration only; conservative >= cutoff with ties,frozen decisions on grouped internal development holdout,binary,1.0,learned_fusion,-0.0012176223156962207,-0.0010750119445771672,8d4a04333cd57eb681f98456c42dac8cb3c3e172bd43a1bf52c03fd759922aa6,,,
0.9761877037727061,0.9279942439672348,0.9514811031664965,0.048853320592451024,48.85332059245103,0.9894133747637661,0.9948483067871473,21,481,174,188,-14,-460,0.1206896551724138,finite,,rank_or,none,2026,0.05,0.973016729627631,0.04936936936936937,True,0b7faf22430359c6f3a96ed9e2c6945a109e3741b71552707344e8dbb69c67dc,59ab97447e4426a86f417a1da27c82c4e76622f67282d05eca25047f19c02558,bec7dd5ec88dc2a0ccc7a07879d338395ed7421750f675fd0339e07dfe0648fa,benign calibration only; conservative >= cutoff with ties,frozen decisions on grouped internal development holdout,binary,1.0,rank_or,-0.025459375691830877,-0.0016722408026755911,8d4a04333cd57eb681f98456c42dac8cb3c3e172bd43a1bf52c03fd759922aa6,,,
0.9760339943342776,0.9534536196590657,0.9646116803852399,0.050525561395126616,50.525561395126616,0.9933076916730458,0.9968664327057195,0,0,0,0,0,0,,no_recovery_no_added_fp,,fusion_control,none,2026,0.05,0.5213492620030982,0.04990990990990991,False,0b7faf22430359c6f3a96ed9e2c6945a109e3741b71552707344e8dbb69c67dc,59ab97447e4426a86f417a1da27c82c4e76622f67282d05eca25047f19c02558,bec7dd5ec88dc2a0ccc7a07879d338395ed7421750f675fd0339e07dfe0648fa,benign calibration only; conservative >= cutoff with ties,frozen decisions on grouped internal development holdout,binary,1.0,['lightgbm'],0.0,0.0,8d4a04333cd57eb681f98456c42dac8cb3c3e172bd43a1bf52c03fd759922aa6,,,
0.976559396106476,0.9522913438122648,0.9642727043461204,0.04933110367892977,49.331103678929765,0.9922071054553053,0.9959870038426865,19,40,18,28,-10,-21,1.0555555555555556,finite,,fusion_latent,none,2026,0.05,0.5343272905783437,0.04990990990990991,True,0b7faf22430359c6f3a96ed9e2c6945a109e3741b71552707344e8dbb69c67dc,59ab97447e4426a86f417a1da27c82c4e76622f67282d05eca25047f19c02558,bec7dd5ec88dc2a0ccc7a07879d338395ed7421750f675fd0339e07dfe0648fa,benign calibration only; conservative >= cutoff with ties,frozen decisions on grouped internal development holdout,binary,1.0,"['lightgbm', 'ae_latent']",-0.001162275846800953,-0.0011944577161968478,8d4a04333cd57eb681f98456c42dac8cb3c3e172bd43a1bf52c03fd759922aa6,,,
0.9758128469468675,0.9534536196590657,0.964503667207883,0.05100334448160535,51.00334448160535,0.9927150342534616,0.9964226225271662,6,6,4,0,4,0,1.5,finite,,fusion_ae_plain,none,2026,0.05,0.48071882846492936,0.04990990990990991,False,0b7faf22430359c6f3a96ed9e2c6945a109e3741b71552707344e8dbb69c67dc,59ab97447e4426a86f417a1da27c82c4e76622f67282d05eca25047f19c02558,bec7dd5ec88dc2a0ccc7a07879d338395ed7421750f675fd0339e07dfe0648fa,benign calibration only; conservative >= cutoff with ties,frozen decisions on grouped internal development holdout,binary,1.0,"['lightgbm', 'ae_plain']",0.0,0.00047778308647873635,8d4a04333cd57eb681f98456c42dac8cb3c3e172bd43a1bf52c03fd759922aa6,,,
0.9766676128299745,0.9521806508744742,0.9642686993806574,0.0490922121356904,49.092212135690396,0.9922696710288393,0.9962097738828328,20,43,13,25,-12,-23,1.5384615384615385,finite,,fusion_ae_plain_latent,none,2026,0.05,0.5079601015210333,0.04990990990990991,True,0b7faf22430359c6f3a96ed9e2c6945a109e3741b71552707344e8dbb69c67dc,59ab97447e4426a86f417a1da27c82c4e76622f67282d05eca25047f19c02558,bec7dd5ec88dc2a0ccc7a07879d338395ed7421750f675fd0339e07dfe0648fa,benign calibration only; conservative >= cutoff with ties,frozen decisions on grouped internal development holdout,binary,1.0,"['lightgbm', 'ae_plain', 'ae_latent']",-0.0012729687845914883,-0.001433349259436216,8d4a04333cd57eb681f98456c42dac8cb3c3e172bd43a1bf52c03fd759922aa6,,,
0.97582517126196,0.9539517378791234,0.9647644902185777,0.05100334448160535,51.00334448160535,0.9927117387189721,0.9959688724003072,9,0,4,0,4,9,2.25,finite,,fusion_ae_denoising,none,2026,0.05,0.5033551272014254,0.04990990990990991,False,0b7faf22430359c6f3a96ed9e2c6945a109e3741b71552707344e8dbb69c67dc,59ab97447e4426a86f417a1da27c82c4e76622f67282d05eca25047f19c02558,bec7dd5ec88dc2a0ccc7a07879d338395ed7421750f675fd0339e07dfe0648fa,benign calibration only; conservative >= cutoff with ties,frozen decisions on grouped internal development holdout,binary,1.0,"['lightgbm', 'ae_denoising']",0.0004981182200576306,0.00047778308647873635,8d4a04333cd57eb681f98456c42dac8cb3c3e172bd43a1bf52c03fd759922aa6,,,
0.9765026391963222,0.9522359973433695,0.9642166615294084,0.04945054945054945,49.45054945054945,0.9922084739119541,0.9959457586277463,18,40,18,27,-9,-22,1.0,finite,,fusion_ae_denoising_latent,none,2026,0.05,0.5336911092122864,0.04990990990990991,True,0b7faf22430359c6f3a96ed9e2c6945a109e3741b71552707344e8dbb69c67dc,59ab97447e4426a86f417a1da27c82c4e76622f67282d05eca25047f19c02558,bec7dd5ec88dc2a0ccc7a07879d338395ed7421750f675fd0339e07dfe0648fa,benign calibration only; conservative >= cutoff with ties,frozen decisions on grouped internal development holdout,binary,1.0,"['lightgbm', 'ae_denoising', 'ae_latent']",-0.0012176223156962207,-0.0010750119445771672,8d4a04333cd57eb681f98456c42dac8cb3c3e172bd43a1bf52c03fd759922aa6,,,
0.9756069953025072,0.9540624308169139,0.9647144416151328,0.05148112756808409,51.48112756808409,0.9928969596568931,0.9961620372333678,11,0,8,0,8,11,1.375,finite,,fusion_ae_scaled,none,2026,0.05,0.49236809423040956,0.04990990990990991,False,0b7faf22430359c6f3a96ed9e2c6945a109e3741b71552707344e8dbb69c67dc,59ab97447e4426a86f417a1da27c82c4e76622f67282d05eca25047f19c02558,bec7dd5ec88dc2a0ccc7a07879d338395ed7421750f675fd0339e07dfe0648fa,benign calibration only; conservative >= cutoff with ties,frozen decisions on grouped internal development holdout,binary,1.0,"['lightgbm', 'ae_scaled']",0.0006088111578481659,0.0009555661729574727,8d4a04333cd57eb681f98456c42dac8cb3c3e172bd43a1bf52c03fd759922aa6,,,
0.9764986376021798,0.9520699579366836,0.9641295818854388,0.04945054945054945,49.45054945054945,0.9923880524452879,0.9962300650482375,14,39,16,25,-9,-25,0.875,finite,,fusion_ae_scaled_latent,none,2026,0.05,0.5314672511280737,0.04990990990990991,True,0b7faf22430359c6f3a96ed9e2c6945a109e3741b71552707344e8dbb69c67dc,59ab97447e4426a86f417a1da27c82c4e76622f67282d05eca25047f19c02558,bec7dd5ec88dc2a0ccc7a07879d338395ed7421750f675fd0339e07dfe0648fa,benign calibration only; conservative >= cutoff with ties,frozen decisions on grouped internal development holdout,binary,1.0,"['lightgbm', 'ae_scaled', 'ae_latent']",-0.0013836617223821346,-0.0010750119445771672,8d4a04333cd57eb681f98456c42dac8cb3c3e172bd43a1bf52c03fd759922aa6,,,
0.9758694913334088,0.953508966127961,0.9645596551144953,0.050883898709985664,50.883898709985665,0.9931415233537771,0.9967976034109526,1,0,3,0,3,1,0.3333333333333333,finite,,selective_fusion,none,2026,0.05,0.6888053625637262,0.04990990990990991,False,0b7faf22430359c6f3a96ed9e2c6945a109e3741b71552707344e8dbb69c67dc,59ab97447e4426a86f417a1da27c82c4e76622f67282d05eca25047f19c02558,bec7dd5ec88dc2a0ccc7a07879d338395ed7421750f675fd0339e07dfe0648fa,benign calibration only; conservative >= cutoff with ties,frozen decisions on grouped internal development holdout,binary,1.0,selective_fusion,5.534646889526762e-05,0.0003583373148590488,8d4a04333cd57eb681f98456c42dac8cb3c3e172bd43a1bf52c03fd759922aa6,True,0.043494704992435705,budget-dependent conditional ranking
0.9765026391963222,0.9522359973433695,0.9642166615294084,0.04945054945054945,49.45054945054945,0.9931223286007387,0.996789440797872,18,40,18,27,-9,-22,1.0,finite,,selective_fusion_primary_0.75,none,2026,0.05,0.5336911092122864,0.04990990990990991,True,0b7faf22430359c6f3a96ed9e2c6945a109e3741b71552707344e8dbb69c67dc,59ab97447e4426a86f417a1da27c82c4e76622f67282d05eca25047f19c02558,bec7dd5ec88dc2a0ccc7a07879d338395ed7421750f675fd0339e07dfe0648fa,benign calibration only; conservative >= cutoff with ties,frozen decisions on grouped internal development holdout,binary,0.75,selective_fusion_primary_0.75,-0.0012176223156962207,-0.0010750119445771672,8d4a04333cd57eb681f98456c42dac8cb3c3e172bd43a1bf52c03fd759922aa6,False,0.047125567322239034,budget-dependent conditional ranking
0.9765567349719021,0.9521806508744742,0.9642146560179347,0.04933110367892977,49.331103678929765,0.9931004266834607,0.9967802052916923,18,41,18,28,-10,-23,1.0,finite,,selective_fusion_primary_0.5,none,2026,0.05,0.5349199489395076,0.04972972972972973,True,0b7faf22430359c6f3a96ed9e2c6945a109e3741b71552707344e8dbb69c67dc,59ab97447e4426a86f417a1da27c82c4e76622f67282d05eca25047f19c02558,bec7dd5ec88dc2a0ccc7a07879d338395ed7421750f675fd0339e07dfe0648fa,benign calibration only; conservative >= cutoff with ties,frozen decisions on grouped internal development holdout,binary,0.5,selective_fusion_primary_0.5,-0.0012729687845914883,-0.0011944577161968478,8d4a04333cd57eb681f98456c42dac8cb3c3e172bd43a1bf52c03fd759922aa6,False,0.05450075642965204,budget-dependent conditional ranking
0.9891835736983623,0.8958932920079699,0.9402300185873605,0.021141901576684184,21.141901576684184,0.9894133747637661,0.9948483067871473,23,0,71,0,71,23,0.323943661971831,finite,,naive_or,none,2026,0.01,,,False,0b7faf22430359c6f3a96ed9e2c6945a109e3741b71552707344e8dbb69c67dc,59ab97447e4426a86f417a1da27c82c4e76622f67282d05eca25047f19c02558,bec7dd5ec88dc2a0ccc7a07879d338395ed7421750f675fd0339e07dfe0648fa,benign calibration only; conservative >= cutoff with ties,frozen decisions on grouped internal development holdout,binary,1.0,naive_or,0.0012729687845914883,0.00848064978499761,8d4a04333cd57eb681f98456c42dac8cb3c3e172bd43a1bf52c03fd759922aa6,,,rank_or (naive OR has two cutoffs)
0.9729652163930662,0.9381779942439672,0.9552550014088476,0.05625895843287148,56.258958432871474,0.9894133747637661,0.9948483067871473,31,0,182,0,182,31,0.17032967032967034,finite,,naive_or,none,2026,0.03,,,False,0b7faf22430359c6f3a96ed9e2c6945a109e3741b71552707344e8dbb69c67dc,59ab97447e4426a86f417a1da27c82c4e76622f67282d05eca25047f19c02558,bec7dd5ec88dc2a0ccc7a07879d338395ed7421750f675fd0339e07dfe0648fa,benign calibration only; conservative >= cutoff with ties,frozen decisions on grouped internal development holdout,binary,1.0,naive_or,0.0017157405357537403,0.021739130434782615,8d4a04333cd57eb681f98456c42dac8cb3c3e172bd43a1bf52c03fd759922aa6,,,rank_or (naive OR has two cutoffs)
0.9600266489007329,0.9570511401372592,0.9585365853658536,0.08600095556617296,86.00095556617296,0.9894133747637661,0.9948483067871473,65,0,297,0,297,65,0.21885521885521886,finite,,naive_or,none,2026,0.05,,,False,0b7faf22430359c6f3a96ed9e2c6945a109e3741b71552707344e8dbb69c67dc,59ab97447e4426a86f417a1da27c82c4e76622f67282d05eca25047f19c02558,bec7dd5ec88dc2a0ccc7a07879d338395ed7421750f675fd0339e07dfe0648fa,benign calibration only; conservative >= cutoff with ties,frozen decisions on grouped internal development holdout,binary,1.0,naive_or,0.0035975204781935055,0.035475394171046344,8d4a04333cd57eb681f98456c42dac8cb3c3e172bd43a1bf52c03fd759922aa6,,,rank_or (naive OR has two cutoffs)
0.9987240111086092,0.8814255431902491,0.9364157781765721,0.008233442305363846,8.233442305363846,0.9924714342234802,0.9988762964440587,0,0,0,0,0,0,,no_recovery_no_added_fp,0.8706315694906118,lightgbm,Exploits,42,0.01,0.884398675506917,0.009967960128159488,True,0b7faf22430359c6f3a96ed9e2c6945a109e3741b71552707344e8dbb69c67dc,238120f31131b65fc75592084aa1ac660c212c2dbb896aeb00a32eb18ac69e89,bec7dd5ec88dc2a0ccc7a07879d338395ed7421750f675fd0339e07dfe0648fa,benign calibration only; conservative >= cutoff with ties,frozen decisions on grouped internal development holdout,withheld_family,1.0,lightgbm,0.0,0.0,6b3c7d38bed36223667849447607d764a6a7c748d667d3ee8b17658190d78d1d,,,
0.9956297012228432,0.39237215156332805,0.5629061189579596,0.012592323525850588,12.592323525850587,0.9316858213499712,0.9889115138354277,1664,31195,102,66,36,-29531,16.313725490196077,finite,0.3603150360854071,ae_plain,Exploits,42,0.01,0.07034245878458024,0.010145959416162335,False,0b7faf22430359c6f3a96ed9e2c6945a109e3741b71552707344e8dbb69c67dc,238120f31131b65fc75592084aa1ac660c212c2dbb896aeb00a32eb18ac69e89,bec7dd5ec88dc2a0ccc7a07879d338395ed7421750f675fd0339e07dfe0648fa,benign calibration only; conservative >= cutoff with ties,frozen decisions on grouped internal development holdout,withheld_family,1.0,ae_plain,-0.4890533916269211,0.004358881220486742,6b3c7d38bed36223667849447607d764a6a7c748d667d3ee8b17658190d78d1d,,,
0.9920123679464056,0.1275172231054584,0.2259853843218971,0.007506962101949389,7.506962101949388,0.9066303351571695,0.98005999479547,623,46147,59,65,-6,-45524,10.559322033898304,finite,0.09954182014194592,ae_scaled,Exploits,42,0.01,0.07808671146631242,0.010145959416162335,True,0b7faf22430359c6f3a96ed9e2c6945a109e3741b71552707344e8dbb69c67dc,238120f31131b65fc75592084aa1ac660c212c2dbb896aeb00a32eb18ac69e89,bec7dd5ec88dc2a0ccc7a07879d338395ed7421750f675fd0339e07dfe0648fa,benign calibration only; conservative >= cutoff with ties,frozen decisions on grouped internal development holdout,withheld_family,1.0,ae_scaled,-0.7539083200847907,-0.000726480203414457,6b3c7d38bed36223667849447607d764a6a7c748d667d3ee8b17658190d78d1d,,,
0.9906520484708597,0.14215686274509803,0.248635027299454,0.00980748274609517,9.807482746095168,0.8918230966003717,0.9769680651790389,208,44848,80,67,13,-44640,2.6,finite,0.05692809870332106,isolation_forest,Exploits,42,0.01,0.5601375838985614,0.009967960128159488,True,0b7faf22430359c6f3a96ed9e2c6945a109e3741b71552707344e8dbb69c67dc,238120f31131b65fc75592084aa1ac660c212c2dbb896aeb00a32eb18ac69e89,bec7dd5ec88dc2a0ccc7a07879d338395ed7421750f675fd0339e07dfe0648fa,benign calibration only; conservative >= cutoff with ties,frozen decisions on grouped internal development holdout,withheld_family,1.0,isolation_forest,-0.7392686804451511,0.0015740404407313235,6b3c7d38bed36223667849447607d764a6a7c748d667d3ee8b17658190d78d1d,,,
0.9935287048164926,0.17797760996290407,0.3018777826154127,0.008475602373168665,8.475602373168664,0.8828194754764164,0.9759018946265035,1257,43734,66,64,2,-42477,19.045454545454547,finite,0.30233881352379244,ae_denoising,Exploits,42,0.01,0.7632057666778566,0.010145959416162335,True,0b7faf22430359c6f3a96ed9e2c6945a109e3741b71552707344e8dbb69c67dc,238120f31131b65fc75592084aa1ac660c212c2dbb896aeb00a32eb18ac69e89,bec7dd5ec88dc2a0ccc7a07879d338395ed7421750f675fd0339e07dfe0648fa,benign calibration only; conservative >= cutoff with ties,frozen decisions on grouped internal development holdout,withheld_family,1.0,ae_denoising,-0.7034479332273451,0.000242160067804819,6b3c7d38bed36223667849447607d764a6a7c748d667d3ee8b17658190d78d1d,,,
0.9689621726479146,0.03308823529411765,0.06399128847324088,0.007749122169754208,7.749122169754208,0.8823593747563723,0.9704276513344738,110,51336,63,67,-4,-51226,1.746031746031746,finite,0.015512233102746084,ae_latent,Exploits,42,0.01,97.75412716888992,0.009967960128159488,True,0b7faf22430359c6f3a96ed9e2c6945a109e3741b71552707344e8dbb69c67dc,238120f31131b65fc75592084aa1ac660c212c2dbb896aeb00a32eb18ac69e89,bec7dd5ec88dc2a0ccc7a07879d338395ed7421750f675fd0339e07dfe0648fa,benign calibration only; conservative >= cutoff with ties,frozen decisions on grouped internal development holdout,withheld_family,1.0,ae_latent,-0.8483373078961315,-0.000484320135609638,6b3c7d38bed36223667849447607d764a6a7c748d667d3ee8b17658190d78d1d,,,
0.9986975569325492,0.838102808691044,0.9113796394676655,0.007991282237559027,7.991282237559027,0.990740615751967,0.9984860762079258,997,3613,20,22,-2,-2616,49.85,finite,0.7898361932141467,learned_fusion,Exploits,42,0.01,0.9292124717614612,0.009789960840156639,True,0b7faf22430359c6f3a96ed9e2c6945a109e3741b71552707344e8dbb69c67dc,238120f31131b65fc75592084aa1ac660c212c2dbb896aeb00a32eb18ac69e89,bec7dd5ec88dc2a0ccc7a07879d338395ed7421750f675fd0339e07dfe0648fa,benign calibration only; conservative >= cutoff with ties,frozen decisions on grouped internal development holdout,withheld_family,1.0,learned_fusion,-0.043322734499205096,-0.000242160067804819,6b3c7d38bed36223667849447607d764a6a7c748d667d3ee8b17658190d78d1d,,,
0.9986736318001878,0.8104961579226285,0.8947984276442088,0.007870202203656617,7.870202203656617,0.9909180971371148,0.9985985179998762,666,4949,27,30,-3,-4283,24.666666666666668,finite,0.8095708681460186,rank_or,Exploits,42,0.01,0.9953102453102454,0.009433962264150943,True,0b7faf22430359c6f3a96ed9e2c6945a109e3741b71552707344e8dbb69c67dc,238120f31131b65fc75592084aa1ac660c212c2dbb896aeb00a32eb18ac69e89,bec7dd5ec88dc2a0ccc7a07879d338395ed7421750f675fd0339e07dfe0648fa,benign calibration only; conservative >= cutoff with ties,frozen decisions on grouped internal development holdout,withheld_family,1.0,rank_or,-0.0709293852676206,-0.0003632401017072285,6b3c7d38bed36223667849447607d764a6a7c748d667d3ee8b17658190d78d1d,,,
0.9987240111086092,0.8814255431902491,0.9364157781765721,0.008233442305363846,8.233442305363846,0.9924714342234802,0.9988762964440587,0,0,0,0,0,0,,no_recovery_no_added_fp,0.8706315694906118,fusion_control,Exploits,42,0.01,0.9450822839757945,0.009967960128159488,True,0b7faf22430359c6f3a96ed9e2c6945a109e3741b71552707344e8dbb69c67dc,238120f31131b65fc75592084aa1ac660c212c2dbb896aeb00a32eb18ac69e89,bec7dd5ec88dc2a0ccc7a07879d338395ed7421750f675fd0339e07dfe0648fa,benign calibration only; conservative >= cutoff with ties,frozen decisions on grouped internal development holdout,withheld_family,1.0,['lightgbm'],0.0,0.0,6b3c7d38bed36223667849447607d764a6a7c748d667d3ee8b17658190d78d1d,,,
0.998798854291786,0.8951046634870164,0.9441130490222622,0.007870202203656617,7.870202203656617,0.9920840488974049,0.9986746299457918,1178,352,14,17,-3,826,84.14285714285714,finite,0.8920432425957536,fusion_latent,Exploits,42,0.01,0.9293619843461822,0.009967960128159488,True,0b7faf22430359c6f3a96ed9e2c6945a109e3741b71552707344e8dbb69c67dc,238120f31131b65fc75592084aa1ac660c212c2dbb896aeb00a32eb18ac69e89,bec7dd5ec88dc2a0ccc7a07879d338395ed7421750f675fd0339e07dfe0648fa,benign calibration only; conservative >= cutoff with ties,frozen decisions on grouped internal development holdout,withheld_family,1.0,"['lightgbm', 'ae_latent']",0.013679120296767322,-0.0003632401017072285,6b3c7d38bed36223667849447607d764a6a7c748d667d3ee8b17658190d78d1d,,,
0.9986355171205723,0.8969097774244833,0.9450430564401441,0.008959922508778303,8.959922508778302,0.9928457608962565,0.9988346471655539,1160,225,19,13,6,935,61.05263157894737,finite,0.8915042074686311,fusion_ae_plain,Exploits,42,0.01,0.926120469984813,0.009967960128159488,True,0b7faf22430359c6f3a96ed9e2c6945a109e3741b71552707344e8dbb69c67dc,238120f31131b65fc75592084aa1ac660c212c2dbb896aeb00a32eb18ac69e89,bec7dd5ec88dc2a0ccc7a07879d338395ed7421750f675fd0339e07dfe0648fa,benign calibration only; conservative >= cutoff with ties,frozen decisions on grouped internal development holdout,withheld_family,1.0,"['lightgbm', 'ae_plain']",0.015484234234234173,0.000726480203414457,6b3c7d38bed36223667849447607d764a6a7c748d667d3ee8b17658190d78d1d,,,
0.998641279400694,0.9007187334393216,0.9471557811697302,0.008959922508778303,8.959922508778302,0.9926391233731756,0.9987814493425919,1494,329,22,16,6,1165,67.9090909090909,finite,0.8992603240200042,fusion_ae_plain_latent,Exploits,42,0.01,0.9212093740011217,0.009967960128159488,True,0b7faf22430359c6f3a96ed9e2c6945a109e3741b71552707344e8dbb69c67dc,238120f31131b65fc75592084aa1ac660c212c2dbb896aeb00a32eb18ac69e89,bec7dd5ec88dc2a0ccc7a07879d338395ed7421750f675fd0339e07dfe0648fa,benign calibration only; conservative >= cutoff with ties,frozen decisions on grouped internal development holdout,withheld_family,1.0,"['lightgbm', 'ae_plain', 'ae_latent']",0.0192931902490725,0.000726480203414457,6b3c7d38bed36223667849447607d764a6a7c748d667d3ee8b17658190d78d1d,,,
0.9988922359343115,0.8511857445680975,0.9191426961972121,0.006901561932437341,6.901561932437341,0.9923879089715557,0.9987916453444045,614,2440,3,14,-11,-1826,204.66666666666666,finite,0.8531428742550834,fusion_ae_denoising,Exploits,42,0.01,0.9473944635751427,0.009967960128159488,True,0b7faf22430359c6f3a96ed9e2c6945a109e3741b71552707344e8dbb69c67dc,238120f31131b65fc75592084aa1ac660c212c2dbb896aeb00a32eb18ac69e89,bec7dd5ec88dc2a0ccc7a07879d338395ed7421750f675fd0339e07dfe0648fa,benign calibration only; conservative >= cutoff with ties,frozen decisions on grouped internal development holdout,withheld_family,1.0,"['lightgbm', 'ae_denoising']",-0.030239798622151648,-0.0013318803729265045,6b3c7d38bed36223667849447607d764a6a7c748d667d3ee8b17658190d78d1d,,,
0.9986975569325492,0.838102808691044,0.9113796394676655,0.007991282237559027,7.991282237559027,0.990740615751967,0.9984860762079258,997,3613,20,22,-2,-2616,49.85,finite,0.7898361932141467,fusion_ae_denoising_latent,Exploits,42,0.01,0.9292124717614612,0.009789960840156639,True,0b7faf22430359c6f3a96ed9e2c6945a109e3741b71552707344e8dbb69c67dc,238120f31131b65fc75592084aa1ac660c212c2dbb896aeb00a32eb18ac69e89,bec7dd5ec88dc2a0ccc7a07879d338395ed7421750f675fd0339e07dfe0648fa,benign calibration only; conservative >= cutoff with ties,frozen decisions on grouped internal development holdout,withheld_family,1.0,"['lightgbm', 'ae_denoising', 'ae_latent']",-0.043322734499205096,-0.000242160067804819,6b3c7d38bed36223667849447607d764a6a7c748d667d3ee8b17658190d78d1d,,,
0.9988730349741181,0.8660241123476418,0.927716721218411,0.00714372200024216,7.14372200024216,0.9923326575838675,0.9987530784189818,366,1296,5,14,-9,-930,73.2,finite,0.8613781331416764,fusion_ae_scaled,Exploits,42,0.01,0.9431265650209648,0.009967960128159488,True,0b7faf22430359c6f3a96ed9e2c6945a109e3741b71552707344e8dbb69c67dc,238120f31131b65fc75592084aa1ac660c212c2dbb896aeb00a32eb18ac69e89,bec7dd5ec88dc2a0ccc7a07879d338395ed7421750f675fd0339e07dfe0648fa,benign calibration only; conservative >= cutoff with ties,frozen decisions on grouped internal development holdout,withheld_family,1.0,"['lightgbm', 'ae_scaled']",-0.015401430842607367,-0.0010897203051216855,6b3c7d38bed36223667849447607d764a6a7c748d667d3ee8b17658190d78d1d,,,
0.9986968743600723,0.8884307101218866,0.9403423282880956,0.008475602373168665,8.475602373168664,0.9917401917472695,0.9985778916880709,1085,662,20,18,2,423,54.25,finite,0.8831192166022819,fusion_ae_scaled_latent,Exploits,42,0.01,0.9294756820240071,0.009967960128159488,True,0b7faf22430359c6f3a96ed9e2c6945a109e3741b71552707344e8dbb69c67dc,238120f31131b65fc75592084aa1ac660c212c2dbb896aeb00a32eb18ac69e89,bec7dd5ec88dc2a0ccc7a07879d338395ed7421750f675fd0339e07dfe0648fa,benign calibration only; conservative >= cutoff with ties,frozen decisions on grouped internal development holdout,withheld_family,1.0,"['lightgbm', 'ae_scaled', 'ae_latent']",0.007005166931637441,0.000242160067804819,6b3c7d38bed36223667849447607d764a6a7c748d667d3ee8b17658190d78d1d,,,
0.9987073083912547,0.8828166401695814,0.937192886841712,0.008354522339266255,8.354522339266255,0.9921287541066632,0.9988284012789973,84,0,1,0,1,84,84.0,finite,0.8726080316233942,selective_fusion,Exploits,42,0.01,0.9599455464404065,0.009967960128159488,True,0b7faf22430359c6f3a96ed9e2c6945a109e3741b71552707344e8dbb69c67dc,238120f31131b65fc75592084aa1ac660c212c2dbb896aeb00a32eb18ac69e89,bec7dd5ec88dc2a0ccc7a07879d338395ed7421750f675fd0339e07dfe0648fa,benign calibration only; conservative >= cutoff with ties,frozen decisions on grouped internal development holdout,withheld_family,1.0,selective_fusion,0.0013910969793322625,0.0001210800339024095,6b3c7d38bed36223667849447607d764a6a7c748d667d3ee8b17658190d78d1d,True,0.09542123741677958,budget-dependent conditional ranking
0.998842834107939,0.8719859565447801,0.9311134492789503,0.007385882068046979,7.385882068046979,0.9920474425596509,0.998815924226197,368,938,10,17,-7,-570,36.8,finite,0.8591620998412841,selective_fusion_primary_0.75,Exploits,42,0.01,0.9408017132004343,0.009967960128159488,True,0b7faf22430359c6f3a96ed9e2c6945a109e3741b71552707344e8dbb69c67dc,238120f31131b65fc75592084aa1ac660c212c2dbb896aeb00a32eb18ac69e89,bec7dd5ec88dc2a0ccc7a07879d338395ed7421750f675fd0339e07dfe0648fa,benign calibration only; conservative >= cutoff with ties,frozen decisions on grouped internal development holdout,withheld_family,0.75,selective_fusion_primary_0.75,-0.009439586645469067,-0.0008475602373168665,6b3c7d38bed36223667849447607d764a6a7c748d667d3ee8b17658190d78d1d,False,0.1587051847967018,budget-dependent conditional ranking
0.9987520562709172,0.8747515898251192,0.9326482506555076,0.007991282237559027,7.991282237559027,0.9919752545247328,0.9988050070519783,813,1216,19,21,-2,-403,42.78947368421053,finite,0.8558679962866469,selective_fusion_primary_0.5,Exploits,42,0.01,0.9337249432224638,0.009967960128159488,True,0b7faf22430359c6f3a96ed9e2c6945a109e3741b71552707344e8dbb69c67dc,238120f31131b65fc75592084aa1ac660c212c2dbb896aeb00a32eb18ac69e89,bec7dd5ec88dc2a0ccc7a07879d338395ed7421750f675fd0339e07dfe0648fa,benign calibration only; conservative >= cutoff with ties,frozen decisions on grouped internal development holdout,withheld_family,0.5,selective_fusion_primary_0.5,-0.006673953365129881,-0.000242160067804819,6b3c7d38bed36223667849447607d764a6a7c748d667d3ee8b17658190d78d1d,False,0.1955625482569235,budget-dependent conditional ranking
0.9963620386643234,0.9388745363010069,0.9667644350465536,0.025063567017798764,25.063567017798764,0.9924714342234802,0.9988762964440587,0,0,0,0,0,0,,no_recovery_no_added_fp,0.9385799419039919,lightgbm,Exploits,42,0.03,0.7545684193828937,0.029903880384478464,True,0b7faf22430359c6f3a96ed9e2c6945a109e3741b71552707344e8dbb69c67dc,238120f31131b65fc75592084aa1ac660c212c2dbb896aeb00a32eb18ac69e89,bec7dd5ec88dc2a0ccc7a07879d338395ed7421750f675fd0339e07dfe0648fa,benign calibration only; conservative >= cutoff with ties,frozen decisions on grouped internal development holdout,withheld_family,1.0,lightgbm,0.0,0.0,6b3c7d38bed36223667849447607d764a6a7c748d667d3ee8b17658190d78d1d,,,
0.9934108926181406,0.6391759406465288,0.7778628723447136,0.03099648867901683,30.99648867901683,0.9316858213499712,0.9889115138354277,1196,19293,228,179,49,-18097,5.245614035087719,finite,0.6236935884766268,ae_plain,Exploits,42,0.03,0.03948238119482995,0.03008187967248131,False,0b7faf22430359c6f3a96ed9e2c6945a109e3741b71552707344e8dbb69c67dc,238120f31131b65fc75592084aa1ac660c212c2dbb896aeb00a32eb18ac69e89,bec7dd5ec88dc2a0ccc7a07879d338395ed7421750f675fd0339e07dfe0648fa,benign calibration only; conservative >= cutoff with ties,frozen decisions on grouped internal development holdout,withheld_family,1.0,ae_plain,-0.2996985956544781,0.005932921661218067,6b3c7d38bed36223667849447607d764a6a7c748d667d3ee8b17658190d78d1d,,,
0.9877479879017789,0.3190911499735029,0.48235721170094253,0.02893812810267587,28.93812810267587,0.9066303351571695,0.98005999479547,539,37964,223,191,32,-37425,2.4170403587443947,finite,0.3428862336417812,ae_scaled,Exploits,42,0.03,0.031154828146100048,0.03008187967248131,True,0b7faf22430359c6f3a96ed9e2c6945a109e3741b71552707344e8dbb69c67dc,238120f31131b65fc75592084aa1ac660c212c2dbb896aeb00a32eb18ac69e89,bec7dd5ec88dc2a0ccc7a07879d338395ed7421750f675fd0339e07dfe0648fa,benign calibration only; conservative >= cutoff with ties,frozen decisions on grouped internal development holdout,withheld_family,1.0,ae_scaled,-0.619783386327504,0.003874561084877104,6b3c7d38bed36223667849447607d764a6a7c748d667d3ee8b17658190d78d1d,,,
0.9798809434104438,0.21535506094329623,0.3531056954721336,0.032328369051943334,32.32836905194333,0.8918230966003717,0.9769680651790389,337,44026,255,195,60,-43689,1.3215686274509804,finite,0.14452130686071932,isolation_forest,Exploits,42,0.03,0.5211347528878114,0.029903880384478464,False,0b7faf22430359c6f3a96ed9e2c6945a109e3741b71552707344e8dbb69c67dc,238120f31131b65fc75592084aa1ac660c212c2dbb896aeb00a32eb18ac69e89,bec7dd5ec88dc2a0ccc7a07879d338395ed7421750f675fd0339e07dfe0648fa,benign calibration only; conservative >= cutoff with ties,frozen decisions on grouped internal development holdout,withheld_family,1.0,isolation_forest,-0.7235194753577107,0.00726480203414457,6b3c7d38bed36223667849447607d764a6a7c748d667d3ee8b17658190d78d1d,,,
0.9878648301519111,0.36938593004769477,0.5377095813796512,0.0331759292892602,33.1759292892602,0.8828194754764164,0.9759018946265035,746,35134,233,166,67,-34388,3.2017167381974247,finite,0.47545892851795285,ae_denoising,Exploits,42,0.03,0.22646090388298037,0.03008187967248131,False,0b7faf22430359c6f3a96ed9e2c6945a109e3741b71552707344e8dbb69c67dc,238120f31131b65fc75592084aa1ac660c212c2dbb896aeb00a32eb18ac69e89,bec7dd5ec88dc2a0ccc7a07879d338395ed7421750f675fd0339e07dfe0648fa,benign calibration only; conservative >= cutoff with ties,frozen decisions on grouped internal development holdout,withheld_family,1.0,ae_denoising,-0.5694886062533122,0.008112362271461435,6b3c7d38bed36223667849447607d764a6a7c748d667d3ee8b17658190d78d1d,,,
0.9789178950835873,0.19685678325384207,0.32779516593820235,0.03099648867901683,30.99648867901683,0.8823593747563723,0.9704276513344738,659,45465,238,189,49,-44806,2.76890756302521,finite,0.16817895966220464,ae_latent,Exploits,42,0.03,39.3176554719051,0.029903880384478464,False,0b7faf22430359c6f3a96ed9e2c6945a109e3741b71552707344e8dbb69c67dc,238120f31131b65fc75592084aa1ac660c212c2dbb896aeb00a32eb18ac69e89,bec7dd5ec88dc2a0ccc7a07879d338395ed7421750f675fd0339e07dfe0648fa,benign calibration only; conservative >= cutoff with ties,frozen decisions on grouped internal development holdout,withheld_family,1.0,ae_latent,-0.7420177530471649,0.005932921661218067,6b3c7d38bed36223667849447607d764a6a7c748d667d3ee8b17658190d78d1d,,,
0.9961019543626073,0.9267852411234764,0.9601942247310536,0.02651652742462768,26.51652742462768,0.990740615751967,0.9984860762079258,303,1033,31,19,12,-730,9.774193548387096,finite,0.9155212170215314,learned_fusion,Exploits,42,0.03,0.8296267084361505,0.029903880384478464,True,0b7faf22430359c6f3a96ed9e2c6945a109e3741b71552707344e8dbb69c67dc,238120f31131b65fc75592084aa1ac660c212c2dbb896aeb00a32eb18ac69e89,bec7dd5ec88dc2a0ccc7a07879d338395ed7421750f675fd0339e07dfe0648fa,benign calibration only; conservative >= cutoff with ties,frozen decisions on grouped internal development holdout,withheld_family,1.0,learned_fusion,-0.012089295177530546,0.001452960406828914,6b3c7d38bed36223667849447607d764a6a7c748d667d3ee8b17658190d78d1d,,,
0.9961876728846017,0.9303954689984102,0.9621681794827881,0.02603220728901804,26.03220728901804,0.9909180971371148,0.9985985179998762,480,992,84,76,8,-512,5.714285714285714,finite,0.9352858383493546,rank_or,Exploits,42,0.03,0.9864718614718616,0.029903880384478464,True,0b7faf22430359c6f3a96ed9e2c6945a109e3741b71552707344e8dbb69c67dc,238120f31131b65fc75592084aa1ac660c212c2dbb896aeb00a32eb18ac69e89,bec7dd5ec88dc2a0ccc7a07879d338395ed7421750f675fd0339e07dfe0648fa,benign calibration only; conservative >= cutoff with ties,frozen decisions on grouped internal development holdout,withheld_family,1.0,rank_or,-0.008479067302596732,0.000968640271219276,6b3c7d38bed36223667849447607d764a6a7c748d667d3ee8b17658190d78d1d,,,
0.9963620386643234,0.9388745363010069,0.9667644350465536,0.025063567017798764,25.063567017798764,0.9924714342234802,0.9988762964440587,0,0,0,0,0,0,,no_recovery_no_added_fp,0.9385799419039919,fusion_control,Exploits,42,0.03,0.8569322404914209,0.029903880384478464,True,0b7faf22430359c6f3a96ed9e2c6945a109e3741b71552707344e8dbb69c67dc,238120f31131b65fc75592084aa1ac660c212c2dbb896aeb00a32eb18ac69e89,bec7dd5ec88dc2a0ccc7a07879d338395ed7421750f675fd0339e07dfe0648fa,benign calibration only; conservative >= cutoff with ties,frozen decisions on grouped internal development holdout,withheld_family,1.0,['lightgbm'],0.0,0.0,6b3c7d38bed36223667849447607d764a6a7c748d667d3ee8b17658190d78d1d,,,
0.9962965550974775,0.9444886062533121,0.9697010915768355,0.025668967187310814,25.668967187310813,0.9920840488974049,0.9986746299457918,434,95,21,16,5,339,20.666666666666668,finite,0.947563860689366,fusion_latent,Exploits,42,0.03,0.8287867772770838,0.029903880384478464,True,0b7faf22430359c6f3a96ed9e2c6945a109e3741b71552707344e8dbb69c67dc,238120f31131b65fc75592084aa1ac660c212c2dbb896aeb00a32eb18ac69e89,bec7dd5ec88dc2a0ccc7a07879d338395ed7421750f675fd0339e07dfe0648fa,benign calibration only; conservative >= cutoff with ties,frozen decisions on grouped internal development holdout,withheld_family,1.0,"['lightgbm', 'ae_latent']",0.0056140699523051785,0.0006054001695120492,6b3c7d38bed36223667849447607d764a6a7c748d667d3ee8b17658190d78d1d,,,
0.996308284489546,0.9430312665606784,0.9689379695250088,0.025547887153408402,25.547887153408404,0.9928457608962565,0.9988346471655539,317,66,14,10,4,251,22.642857142857142,finite,0.9455873985565837,fusion_ae_plain,Exploits,42,0.03,0.8175045031805716,0.029725881096475615,True,0b7faf22430359c6f3a96ed9e2c6945a109e3741b71552707344e8dbb69c67dc,238120f31131b65fc75592084aa1ac660c212c2dbb896aeb00a32eb18ac69e89,bec7dd5ec88dc2a0ccc7a07879d338395ed7421750f675fd0339e07dfe0648fa,benign calibration only; conservative >= cutoff with ties,frozen decisions on grouped internal development holdout,withheld_family,1.0,"['lightgbm', 'ae_plain']",0.004156730259671448,0.000484320135609638,6b3c7d38bed36223667849447607d764a6a7c748d667d3ee8b17658190d78d1d,,,
0.9963153115395362,0.9448363804981452,0.9698932408540731,0.025547887153408402,25.547887153408404,0.9926391233731756,0.9987814493425919,454,94,20,16,4,360,22.7,finite,0.9485520917557572,fusion_ae_plain_latent,Exploits,42,0.03,0.8173437383488653,0.029903880384478464,True,0b7faf22430359c6f3a96ed9e2c6945a109e3741b71552707344e8dbb69c67dc,238120f31131b65fc75592084aa1ac660c212c2dbb896aeb00a32eb18ac69e89,bec7dd5ec88dc2a0ccc7a07879d338395ed7421750f675fd0339e07dfe0648fa,benign calibration only; conservative >= cutoff with ties,frozen decisions on grouped internal development holdout,withheld_family,1.0,"['lightgbm', 'ae_plain', 'ae_latent']",0.0059618441971383,0.000484320135609638,6b3c7d38bed36223667849447607d764a6a7c748d667d3ee8b17658190d78d1d,,,
0.9963597542834142,0.9428159777424483,0.9688486509023766,0.025184647051701176,25.184647051701173,0.9923879089715557,0.9987916453444045,260,22,4,3,1,238,65.0,finite,0.9458269697241937,fusion_ae_denoising,Exploits,42,0.03,0.8531925406173625,0.029903880384478464,True,0b7faf22430359c6f3a96ed9e2c6945a109e3741b71552707344e8dbb69c67dc,238120f31131b65fc75592084aa1ac660c212c2dbb896aeb00a32eb18ac69e89,bec7dd5ec88dc2a0ccc7a07879d338395ed7421750f675fd0339e07dfe0648fa,benign calibration only; conservative >= cutoff with ties,frozen decisions on grouped internal development holdout,withheld_family,1.0,"['lightgbm', 'ae_denoising']",0.003941441441441373,0.00012108003390241123,6b3c7d38bed36223667849447607d764a6a7c748d667d3ee8b17658190d78d1d,,,
0.9961019543626073,0.9267852411234764,0.9601942247310536,0.02651652742462768,26.51652742462768,0.990740615751967,0.9984860762079258,303,1033,31,19,12,-730,9.774193548387096,finite,0.9155212170215314,fusion_ae_denoising_latent,Exploits,42,0.03,0.8296267084361505,0.029903880384478464,True,0b7faf22430359c6f3a96ed9e2c6945a109e3741b71552707344e8dbb69c67dc,238120f31131b65fc75592084aa1ac660c212c2dbb896aeb00a32eb18ac69e89,bec7dd5ec88dc2a0ccc7a07879d338395ed7421750f675fd0339e07dfe0648fa,benign calibration only; conservative >= cutoff with ties,frozen decisions on grouped internal development holdout,withheld_family,1.0,"['lightgbm', 'ae_denoising', 'ae_latent']",-0.012089295177530546,0.001452960406828914,6b3c7d38bed36223667849447607d764a6a7c748d667d3ee8b17658190d78d1d,,,
0.9963369963369964,0.9414414414414415,0.968111647550685,0.025305727085603583,25.305727085603586,0.9923326575838675,0.9987530784189818,181,26,5,3,2,155,36.2,finite,0.9435809900278501,fusion_ae_scaled,Exploits,42,0.03,0.8463745285307601,0.029903880384478464,True,0b7faf22430359c6f3a96ed9e2c6945a109e3741b71552707344e8dbb69c67dc,238120f31131b65fc75592084aa1ac660c212c2dbb896aeb00a32eb18ac69e89,bec7dd5ec88dc2a0ccc7a07879d338395ed7421750f675fd0339e07dfe0648fa,benign calibration only; conservative >= cutoff with ties,frozen decisions on grouped internal development holdout,withheld_family,1.0,"['lightgbm', 'ae_scaled']",0.002566905140434561,0.000242160067804819,6b3c7d38bed36223667849447607d764a6a7c748d667d3ee8b17658190d78d1d,,,
0.9962885803819961,0.9424516428192898,0.9686226118037531,0.025668967187310814,25.668967187310813,0.9917401917472695,0.9985778916880709,357,141,22,17,5,216,16.227272727272727,finite,0.9443595963225826,fusion_ae_scaled_latent,Exploits,42,0.03,0.8335361403637809,0.029903880384478464,True,0b7faf22430359c6f3a96ed9e2c6945a109e3741b71552707344e8dbb69c67dc,238120f31131b65fc75592084aa1ac660c212c2dbb896aeb00a32eb18ac69e89,bec7dd5ec88dc2a0ccc7a07879d338395ed7421750f675fd0339e07dfe0648fa,benign calibration only; conservative >= cutoff with ties,frozen decisions on grouped internal development holdout,withheld_family,1.0,"['lightgbm', 'ae_scaled', 'ae_latent']",0.003577106518282913,0.0006054001695120492,6b3c7d38bed36223667849447607d764a6a7c748d667d3ee8b17658190d78d1d,,,
0.9962576428420831,0.9390401430842608,0.9668030690537084,0.02579004722121322,25.79004722121322,0.9923229214931049,0.9988562390275076,10,0,6,0,6,10,1.6666666666666667,finite,0.9386697810918456,selective_fusion,Exploits,42,0.03,0.9248087838951927,0.029903880384478464,True,0b7faf22430359c6f3a96ed9e2c6945a109e3741b71552707344e8dbb69c67dc,238120f31131b65fc75592084aa1ac660c212c2dbb896aeb00a32eb18ac69e89,bec7dd5ec88dc2a0ccc7a07879d338395ed7421750f675fd0339e07dfe0648fa,benign calibration only; conservative >= cutoff with ties,frozen decisions on grouped internal development holdout,withheld_family,1.0,selective_fusion,0.0001656067832538355,0.000726480203414457,6b3c7d38bed36223667849447607d764a6a7c748d667d3ee8b17658190d78d1d,True,0.04849729761228384,budget-dependent conditional ranking
0.9963095091647189,0.9388745363010069,0.9667397068728845,0.025426807119505995,25.426807119505995,0.9922639645558894,0.9988479257812766,261,261,20,17,3,0,13.05,finite,0.9380109603809181,selective_fusion_primary_0.75,Exploits,42,0.03,0.8373247077978865,0.029903880384478464,True,0b7faf22430359c6f3a96ed9e2c6945a109e3741b71552707344e8dbb69c67dc,238120f31131b65fc75592084aa1ac660c212c2dbb896aeb00a32eb18ac69e89,bec7dd5ec88dc2a0ccc7a07879d338395ed7421750f675fd0339e07dfe0648fa,benign calibration only; conservative >= cutoff with ties,frozen decisions on grouped internal development holdout,withheld_family,0.75,selective_fusion_primary_0.75,0.0,0.00036324010170723023,6b3c7d38bed36223667849447607d764a6a7c748d667d3ee8b17658190d78d1d,False,0.05723817432221785,budget-dependent conditional ranking
0.9961430081014442,0.9366885267620562,0.9655013485370934,0.02651652742462768,26.51652742462768,0.992199829273623,0.9988386616269636,303,435,31,19,12,-132,9.774193548387096,finite,0.9333393226125236,selective_fusion_primary_0.5,Exploits,42,0.03,0.8296267084361505,0.029903880384478464,True,0b7faf22430359c6f3a96ed9e2c6945a109e3741b71552707344e8dbb69c67dc,238120f31131b65fc75592084aa1ac660c212c2dbb896aeb00a32eb18ac69e89,bec7dd5ec88dc2a0ccc7a07879d338395ed7421750f675fd0339e07dfe0648fa,benign calibration only; conservative >= cutoff with ties,frozen decisions on grouped internal development holdout,withheld_family,0.5,selective_fusion_primary_0.5,-0.0021860095389507617,0.001452960406828914,6b3c7d38bed36223667849447607d764a6a7c748d667d3ee8b17658190d78d1d,False,0.07658464810687178,budget-dependent conditional ranking
0.9934366516614549,0.9575384207737149,0.9751572698294908,0.046252572950720425,46.25257295072043,0.9924714342234802,0.9988762964440587,0,0,0,0,0,0,,no_recovery_no_added_fp,0.9573563321654239,lightgbm,Exploits,42,0.05,0.6469192827342729,0.04983980064079744,True,0b7faf22430359c6f3a96ed9e2c6945a109e3741b71552707344e8dbb69c67dc,238120f31131b65fc75592084aa1ac660c212c2dbb896aeb00a32eb18ac69e89,bec7dd5ec88dc2a0ccc7a07879d338395ed7421750f675fd0339e07dfe0648fa,benign calibration only; conservative >= cutoff with ties,frozen decisions on grouped internal development holdout,withheld_family,1.0,lightgbm,0.0,0.0,6b3c7d38bed36223667849447607d764a6a7c748d667d3ee8b17658190d78d1d,,,
0.9920392755153934,0.8399410439851617,0.9096762622186351,0.049279573798280664,49.279573798280666,0.9316858213499712,0.9889115138354277,1114,8215,336,311,25,-7101,3.3154761904761907,finite,0.8211301769832001,ae_plain,Exploits,42,0.05,0.028519211336970333,0.05001779992880028,True,0b7faf22430359c6f3a96ed9e2c6945a109e3741b71552707344e8dbb69c67dc,238120f31131b65fc75592084aa1ac660c212c2dbb896aeb00a32eb18ac69e89,bec7dd5ec88dc2a0ccc7a07879d338395ed7421750f675fd0339e07dfe0648fa,benign calibration only; conservative >= cutoff with ties,frozen decisions on grouped internal development holdout,withheld_family,1.0,ae_plain,-0.1175973767885532,0.003027000847560239,6b3c7d38bed36223667849447607d764a6a7c748d667d3ee8b17658190d78d1d,,,
0.9842430858806405,0.4479166666666667,0.6156560138395702,0.05242765467974331,52.42765467974331,0.9066303351571695,0.98005999479547,486,31259,373,322,51,-30773,1.3029490616621984,finite,0.5164255981792591,ae_scaled,Exploits,42,0.05,0.01999721117317677,0.05001779992880028,False,0b7faf22430359c6f3a96ed9e2c6945a109e3741b71552707344e8dbb69c67dc,238120f31131b65fc75592084aa1ac660c212c2dbb896aeb00a32eb18ac69e89,bec7dd5ec88dc2a0ccc7a07879d338395ed7421750f675fd0339e07dfe0648fa,benign calibration only; conservative >= cutoff with ties,frozen decisions on grouped internal development holdout,withheld_family,1.0,ae_scaled,-0.5096217541070482,0.006175081729022883,6b3c7d38bed36223667849447607d764a6a7c748d667d3ee8b17658190d78d1d,,,
0.9758513242822168,0.29044117647058826,0.4476491908724284,0.05254873471364572,52.54873471364572,0.8918230966003717,0.9769680651790389,419,40701,394,342,52,-40282,1.0634517766497462,finite,0.2323241397897763,isolation_forest,Exploits,42,0.05,0.5016758681149848,0.04983980064079744,False,0b7faf22430359c6f3a96ed9e2c6945a109e3741b71552707344e8dbb69c67dc,238120f31131b65fc75592084aa1ac660c212c2dbb896aeb00a32eb18ac69e89,bec7dd5ec88dc2a0ccc7a07879d338395ed7421750f675fd0339e07dfe0648fa,benign calibration only; conservative >= cutoff with ties,frozen decisions on grouped internal development holdout,withheld_family,1.0,isolation_forest,-0.6670972443031267,0.006296161762925294,6b3c7d38bed36223667849447607d764a6a7c748d667d3ee8b17658190d78d1d,,,
0.9837221276090142,0.41133412824589294,0.5801034647857718,0.0497638939338903,49.7638939338903,0.8828194754764164,0.9759018946265035,599,33581,336,307,29,-32982,1.7827380952380953,finite,0.5159464558440392,ae_denoising,Exploits,42,0.05,0.12874771654605868,0.05001779992880028,True,0b7faf22430359c6f3a96ed9e2c6945a109e3741b71552707344e8dbb69c67dc,238120f31131b65fc75592084aa1ac660c212c2dbb896aeb00a32eb18ac69e89,bec7dd5ec88dc2a0ccc7a07879d338395ed7421750f675fd0339e07dfe0648fa,benign calibration only; conservative >= cutoff with ties,frozen decisions on grouped internal development holdout,withheld_family,1.0,ae_denoising,-0.5462042925278219,0.003511320983169877,6b3c7d38bed36223667849447607d764a6a7c748d667d3ee8b17658190d78d1d,,,
0.9740691906824889,0.2569223635400106,0.40659931071536215,0.05000605400169512,50.00605400169512,0.8823593747563723,0.9704276513344738,858,43164,376,345,31,-42306,2.2819148936170213,finite,0.2640074267061959,ae_latent,Exploits,42,0.05,30.527701140803394,0.04983980064079744,False,0b7faf22430359c6f3a96ed9e2c6945a109e3741b71552707344e8dbb69c67dc,238120f31131b65fc75592084aa1ac660c212c2dbb896aeb00a32eb18ac69e89,bec7dd5ec88dc2a0ccc7a07879d338395ed7421750f675fd0339e07dfe0648fa,benign calibration only; conservative >= cutoff with ties,frozen decisions on grouped internal development holdout,withheld_family,1.0,ae_latent,-0.7006160572337043,0.0037534810509746927,6b3c7d38bed36223667849447607d764a6a7c748d667d3ee8b17658190d78d1d,,,
0.9934118620975113,0.9539116322204557,0.9732611285239974,0.046252572950720425,46.25257295072043,0.990740615751967,0.9984860762079258,187,406,37,37,0,-219,5.054054054054054,finite,0.9507681250561495,learned_fusion,Exploits,42,0.05,0.6996926164220242,0.04983980064079744,True,0b7faf22430359c6f3a96ed9e2c6945a109e3741b71552707344e8dbb69c67dc,238120f31131b65fc75592084aa1ac660c212c2dbb896aeb00a32eb18ac69e89,bec7dd5ec88dc2a0ccc7a07879d338395ed7421750f675fd0339e07dfe0648fa,benign calibration only; conservative >= cutoff with ties,frozen decisions on grouped internal development holdout,withheld_family,1.0,learned_fusion,-0.0036267885532591526,0.0,6b3c7d38bed36223667849447607d764a6a7c748d667d3ee8b17658190d78d1d,,,
0.9931740614334471,0.9493740063593005,0.9707802379238812,0.04770553335754934,47.70553335754934,0.9909180971371148,0.9985985179998762,358,851,176,164,12,-493,2.034090909090909,finite,0.9560386907435691,rank_or,Exploits,42,0.05,0.9742063492063493,0.04966180135279459,True,0b7faf22430359c6f3a96ed9e2c6945a109e3741b71552707344e8dbb69c67dc,238120f31131b65fc75592084aa1ac660c212c2dbb896aeb00a32eb18ac69e89,bec7dd5ec88dc2a0ccc7a07879d338395ed7421750f675fd0339e07dfe0648fa,benign calibration only; conservative >= cutoff with ties,frozen decisions on grouped internal development holdout,withheld_family,1.0,rank_or,-0.0081644144144144,0.001452960406828914,6b3c7d38bed36223667849447607d764a6a7c748d667d3ee8b17658190d78d1d,,,
0.9934366516614549,0.9575384207737149,0.9751572698294908,0.046252572950720425,46.25257295072043,0.9924714342234802,0.9988762964440587,0,0,0,0,0,0,,no_recovery_no_added_fp,0.9573563321654239,fusion_control,Exploits,42,0.05,0.7140132850342681,0.04983980064079744,True,0b7faf22430359c6f3a96ed9e2c6945a109e3741b71552707344e8dbb69c67dc,238120f31131b65fc75592084aa1ac660c212c2dbb896aeb00a32eb18ac69e89,bec7dd5ec88dc2a0ccc7a07879d338395ed7421750f675fd0339e07dfe0648fa,benign calibration only; conservative >= cutoff with ties,frozen decisions on grouped internal development holdout,withheld_family,1.0,['lightgbm'],0.0,0.0,6b3c7d38bed36223667849447607d764a6a7c748d667d3ee8b17658190d78d1d,,,
0.9935050468699125,0.9600887652358241,0.9765111127955061,0.0458893328490132,45.8893328490132,0.9920840488974049,0.9986746299457918,236,82,27,30,-3,154,8.74074074074074,finite,0.9619081843500135,fusion_latent,Exploits,42,0.05,0.6945624639769339,0.04983980064079744,True,0b7faf22430359c6f3a96ed9e2c6945a109e3741b71552707344e8dbb69c67dc,238120f31131b65fc75592084aa1ac660c212c2dbb896aeb00a32eb18ac69e89,bec7dd5ec88dc2a0ccc7a07879d338395ed7421750f675fd0339e07dfe0648fa,benign calibration only; conservative >= cutoff with ties,frozen decisions on grouped internal development holdout,withheld_family,1.0,"['lightgbm', 'ae_latent']",0.002550344462109222,-0.00036324010170722676,6b3c7d38bed36223667849447607d764a6a7c748d667d3ee8b17658190d78d1d,,,
0.9935027086333402,0.959740990990991,0.9763300650291452,0.0458893328490132,45.8893328490132,0.9928457608962565,0.9988346471655539,189,56,15,18,-3,133,12.6,finite,0.9613392028269397,fusion_ae_plain,Exploits,42,0.05,0.6708900275878084,0.04966180135279459,True,0b7faf22430359c6f3a96ed9e2c6945a109e3741b71552707344e8dbb69c67dc,238120f31131b65fc75592084aa1ac660c212c2dbb896aeb00a32eb18ac69e89,bec7dd5ec88dc2a0ccc7a07879d338395ed7421750f675fd0339e07dfe0648fa,benign calibration only; conservative >= cutoff with ties,frozen decisions on grouped internal development holdout,withheld_family,1.0,"['lightgbm', 'ae_plain']",0.002202570217276101,-0.00036324010170722676,6b3c7d38bed36223667849447607d764a6a7c748d667d3ee8b17658190d78d1d,,,
0.9934922592135909,0.9607180710121886,0.9768303360948339,0.04601041288291561,46.01041288291561,0.9926391233731756,0.9987814493425919,269,77,25,27,-2,192,10.76,finite,0.9628964154164046,fusion_ae_plain_latent,Exploits,42,0.05,0.6757786664467935,0.04983980064079744,True,0b7faf22430359c6f3a96ed9e2c6945a109e3741b71552707344e8dbb69c67dc,238120f31131b65fc75592084aa1ac660c212c2dbb896aeb00a32eb18ac69e89,bec7dd5ec88dc2a0ccc7a07879d338395ed7421750f675fd0339e07dfe0648fa,benign calibration only; conservative >= cutoff with ties,frozen decisions on grouped internal development holdout,withheld_family,1.0,"['lightgbm', 'ae_plain', 'ae_latent']",0.0031796502384737746,-0.00024216006780481553,6b3c7d38bed36223667849447607d764a6a7c748d667d3ee8b17658190d78d1d,,,
0.9934940089950904,0.9584492580816111,0.9756570407457982,0.0458893328490132,45.8893328490132,0.9923879089715557,0.9987916453444045,100,45,6,9,-3,55,16.666666666666668,finite,0.9595723654658161,fusion_ae_denoising,Exploits,42,0.05,0.7111267437984894,0.04983980064079744,True,0b7faf22430359c6f3a96ed9e2c6945a109e3741b71552707344e8dbb69c67dc,238120f31131b65fc75592084aa1ac660c212c2dbb896aeb00a32eb18ac69e89,bec7dd5ec88dc2a0ccc7a07879d338395ed7421750f675fd0339e07dfe0648fa,benign calibration only; conservative >= cutoff with ties,frozen decisions on grouped internal development holdout,withheld_family,1.0,"['lightgbm', 'ae_denoising']",0.0009108373078962062,-0.00036324010170722676,6b3c7d38bed36223667849447607d764a6a7c748d667d3ee8b17658190d78d1d,,,
0.9934118620975113,0.9539116322204557,0.9732611285239974,0.046252572950720425,46.25257295072043,0.990740615751967,0.9984860762079258,187,406,37,37,0,-219,5.054054054054054,finite,0.9507681250561495,fusion_ae_denoising_latent,Exploits,42,0.05,0.6996926164220242,0.04983980064079744,True,0b7faf22430359c6f3a96ed9e2c6945a109e3741b71552707344e8dbb69c67dc,238120f31131b65fc75592084aa1ac660c212c2dbb896aeb00a32eb18ac69e89,bec7dd5ec88dc2a0ccc7a07879d338395ed7421750f675fd0339e07dfe0648fa,benign calibration only; conservative >= cutoff with ties,frozen decisions on grouped internal development holdout,withheld_family,1.0,"['lightgbm', 'ae_denoising', 'ae_latent']",-0.0036267885532591526,0.0,6b3c7d38bed36223667849447607d764a6a7c748d667d3ee8b17658190d78d1d,,,
0.9934448734448734,0.958747350291468,0.9757877615688654,0.046252572950720425,46.25257295072043,0.9923326575838675,0.9987530784189818,95,22,7,7,0,73,13.571428571428571,finite,0.9597520438415237,fusion_ae_scaled,Exploits,42,0.05,0.7012828342887781,0.04983980064079744,True,0b7faf22430359c6f3a96ed9e2c6945a109e3741b71552707344e8dbb69c67dc,238120f31131b65fc75592084aa1ac660c212c2dbb896aeb00a32eb18ac69e89,bec7dd5ec88dc2a0ccc7a07879d338395ed7421750f675fd0339e07dfe0648fa,benign calibration only; conservative >= cutoff with ties,frozen decisions on grouped internal development holdout,withheld_family,1.0,"['lightgbm', 'ae_scaled']",0.0012089295177530879,0.0,6b3c7d38bed36223667849447607d764a6a7c748d667d3ee8b17658190d78d1d,,,
0.9935139587158325,0.958879835718071,0.9758897044571602,0.04576825281511079,45.76825281511079,0.9917401917472695,0.9985778916880709,199,118,34,38,-4,81,5.852941176470588,finite,0.9600515078010361,fusion_ae_scaled_latent,Exploits,42,0.05,0.7029898544894717,0.04983980064079744,True,0b7faf22430359c6f3a96ed9e2c6945a109e3741b71552707344e8dbb69c67dc,238120f31131b65fc75592084aa1ac660c212c2dbb896aeb00a32eb18ac69e89,bec7dd5ec88dc2a0ccc7a07879d338395ed7421750f675fd0339e07dfe0648fa,benign calibration only; conservative >= cutoff with ties,frozen decisions on grouped internal development holdout,withheld_family,1.0,"['lightgbm', 'ae_scaled', 'ae_latent']",0.001341414944356134,-0.000484320135609638,6b3c7d38bed36223667849447607d764a6a7c748d667d3ee8b17658190d78d1d,,,
0.9933033414609018,0.9580021197668257,0.9753334120146347,0.0472212132219397,47.2212132219397,0.9923804998776687,0.9988642931255798,28,0,8,0,8,28,3.5,finite,0.9579852064804001,selective_fusion,Exploits,42,0.05,0.7995427719102518,0.04983980064079744,True,0b7faf22430359c6f3a96ed9e2c6945a109e3741b71552707344e8dbb69c67dc,238120f31131b65fc75592084aa1ac660c212c2dbb896aeb00a32eb18ac69e89,bec7dd5ec88dc2a0ccc7a07879d338395ed7421750f675fd0339e07dfe0648fa,benign calibration only; conservative >= cutoff with ties,frozen decisions on grouped internal development holdout,withheld_family,1.0,selective_fusion,0.0004636989931108282,0.000968640271219276,6b3c7d38bed36223667849447607d764a6a7c748d667d3ee8b17658190d78d1d,True,0.033011377707850766,budget-dependent conditional ranking
0.9935167669819432,0.9567600688924218,0.9747920427894107,0.045647172781208376,45.647172781208376,0.9923593453606168,0.9988613396704012,163,210,34,39,-5,-47,4.794117647058823,finite,0.9561884227233253,selective_fusion_primary_0.75,Exploits,42,0.05,0.7026758240879771,0.04948380206479174,True,0b7faf22430359c6f3a96ed9e2c6945a109e3741b71552707344e8dbb69c67dc,238120f31131b65fc75592084aa1ac660c212c2dbb896aeb00a32eb18ac69e89,bec7dd5ec88dc2a0ccc7a07879d338395ed7421750f675fd0339e07dfe0648fa,benign calibration only; conservative >= cutoff with ties,frozen decisions on grouped internal development holdout,withheld_family,0.75,selective_fusion_primary_0.75,-0.000778351881293049,-0.0006054001695120492,6b3c7d38bed36223667849447607d764a6a7c748d667d3ee8b17658190d78d1d,False,0.04224757076468103,budget-dependent conditional ranking
0.9934207126987135,0.9552033651298357,0.9739372704630841,0.046252572950720425,46.25257295072043,0.9922757749924237,0.9988495744086441,187,328,37,37,0,-141,5.054054054054054,finite,0.9530739975443955,selective_fusion_primary_0.5,Exploits,42,0.05,0.6996926164220242,0.04983980064079744,True,0b7faf22430359c6f3a96ed9e2c6945a109e3741b71552707344e8dbb69c67dc,238120f31131b65fc75592084aa1ac660c212c2dbb896aeb00a32eb18ac69e89,bec7dd5ec88dc2a0ccc7a07879d338395ed7421750f675fd0339e07dfe0648fa,benign calibration only; conservative >= cutoff with ties,frozen decisions on grouped internal development holdout,withheld_family,0.5,selective_fusion_primary_0.5,-0.002335055643879147,0.0,6b3c7d38bed36223667849447607d764a6a7c748d667d3ee8b17658190d78d1d,False,0.05464504756493743,budget-dependent conditional ranking
0.9975464615948,0.902242315845257,0.9475038913381856,0.016224724542922873,16.22472454292287,0.9909180971371148,0.9985985179998762,1257,0,66,0,66,1257,19.045454545454547,finite,0.9056688527535711,naive_or,Exploits,42,0.01,,,False,0b7faf22430359c6f3a96ed9e2c6945a109e3741b71552707344e8dbb69c67dc,238120f31131b65fc75592084aa1ac660c212c2dbb896aeb00a32eb18ac69e89,bec7dd5ec88dc2a0ccc7a07879d338395ed7421750f675fd0339e07dfe0648fa,benign calibration only; conservative >= cutoff with ties,frozen decisions on grouped internal development holdout,withheld_family,1.0,naive_or,0.02081677265500792,0.007991282237559027,6b3c7d38bed36223667849447607d764a6a7c748d667d3ee8b17658190d78d1d,,,rank_or (naive OR has two cutoffs)
0.9923979336201386,0.9512288023317436,0.9713773538638458,0.05327521491706018,53.275214917060175,0.9909180971371148,0.9985985179998762,746,0,233,0,233,746,3.2017167381974247,finite,0.9582547240439613,naive_or,Exploits,42,0.03,,,False,0b7faf22430359c6f3a96ed9e2c6945a109e3741b71552707344e8dbb69c67dc,238120f31131b65fc75592084aa1ac660c212c2dbb896aeb00a32eb18ac69e89,bec7dd5ec88dc2a0ccc7a07879d338395ed7421750f675fd0339e07dfe0648fa,benign calibration only; conservative >= cutoff with ties,frozen decisions on grouped internal development holdout,withheld_family,1.0,naive_or,0.012354266030736638,0.028211647899261415,6b3c7d38bed36223667849447607d764a6a7c748d667d3ee8b17658190d78d1d,,,rank_or (naive OR has two cutoffs)
0.9878587009824644,0.96745826709062,0.9775520619807397,0.08693546434193002,86.93546434193001,0.9909180971371148,0.9985985179998762,599,0,336,0,336,599,1.7827380952380953,finite,0.9716707094301201,naive_or,Exploits,42,0.05,,,False,0b7faf22430359c6f3a96ed9e2c6945a109e3741b71552707344e8dbb69c67dc,238120f31131b65fc75592084aa1ac660c212c2dbb896aeb00a32eb18ac69e89,bec7dd5ec88dc2a0ccc7a07879d338395ed7421750f675fd0339e07dfe0648fa,benign calibration only; conservative >= cutoff with ties,frozen decisions on grouped internal development holdout,withheld_family,1.0,naive_or,0.009919846316905123,0.04068289139120959,6b3c7d38bed36223667849447607d764a6a7c748d667d3ee8b17658190d78d1d,,,rank_or (naive OR has two cutoffs)
0.9986753418786769,0.8615265687493698,0.9250451100685673,0.008173076923076924,8.173076923076923,0.9915628579147804,0.9986927206119659,0,0,0,0,0,0,,no_recovery_no_added_fp,0.8440990626778068,lightgbm,Exploits,123,0.01,0.8910744251915685,0.009874326750448833,True,0b7faf22430359c6f3a96ed9e2c6945a109e3741b71552707344e8dbb69c67dc,ee3738e4ad71d95be0e8dbd27b9ab06780ef575bacd20b1eddfb62a2708fc909,bec7dd5ec88dc2a0ccc7a07879d338395ed7421750f675fd0339e07dfe0648fa,benign calibration only; conservative >= cutoff with ties,frozen decisions on grouped internal development holdout,withheld_family,1.0,lightgbm,0.0,0.0,c0f7c1e058097afa40fd00696417cfdd945958df1d239373a7bbb49e9ab4fb9a,,,
0.9913069248246568,0.33727691325244513,0.503310261811616,0.021153846153846155,21.153846153846153,0.9244503705508689,0.9844687856648167,1546,32742,161,53,108,-31196,9.602484472049689,finite,0.2842212439732878,ae_plain,Exploits,123,0.01,0.08032231777906419,0.010053859964093357,False,0b7faf22430359c6f3a96ed9e2c6945a109e3741b71552707344e8dbb69c67dc,ee3738e4ad71d95be0e8dbd27b9ab06780ef575bacd20b1eddfb62a2708fc909,bec7dd5ec88dc2a0ccc7a07879d338395ed7421750f675fd0339e07dfe0648fa,benign calibration only; conservative >= cutoff with ties,frozen decisions on grouped internal development holdout,withheld_family,1.0,ae_plain,-0.5242496554969247,0.012980769230769231,c0f7c1e058097afa40fd00696417cfdd945958df1d239373a7bbb49e9ab4fb9a,,,
0.9798134662067203,0.1288777602258596,0.22779320689706384,0.018990384615384614,18.990384615384617,0.9289672611391483,0.9781787297063566,591,44188,154,64,90,-43597,3.8376623376623376,finite,0.09289372024076903,ae_scaled,Exploits,123,0.01,0.07913315296173097,0.010233393177737882,False,0b7faf22430359c6f3a96ed9e2c6945a109e3741b71552707344e8dbb69c67dc,ee3738e4ad71d95be0e8dbd27b9ab06780ef575bacd20b1eddfb62a2708fc909,bec7dd5ec88dc2a0ccc7a07879d338395ed7421750f675fd0339e07dfe0648fa,benign calibration only; conservative >= cutoff with ties,frozen decisions on grouped internal development holdout,withheld_family,1.0,ae_scaled,-0.7326488085235102,0.01081730769230769,c0f7c1e058097afa40fd00696417cfdd945958df1d239373a7bbb49e9ab4fb9a,,,
0.9782521681120747,0.12321446576815784,0.21886240503873078,0.019591346153846154,19.591346153846153,0.8870301762556587,0.9717248221249586,199,44133,154,59,95,-43934,1.2922077922077921,finite,0.03653460306052166,isolation_forest,Exploits,123,0.01,0.5756740771317147,0.009874326750448833,False,0b7faf22430359c6f3a96ed9e2c6945a109e3741b71552707344e8dbb69c67dc,ee3738e4ad71d95be0e8dbd27b9ab06780ef575bacd20b1eddfb62a2708fc909,bec7dd5ec88dc2a0ccc7a07879d338395ed7421750f675fd0339e07dfe0648fa,benign calibration only; conservative >= cutoff with ties,frozen decisions on grouped internal development holdout,withheld_family,1.0,isolation_forest,-0.738312102981212,0.01141826923076923,c0f7c1e058097afa40fd00696417cfdd945958df1d239373a7bbb49e9ab4fb9a,,,
0.9891188742534566,0.20317278929855812,0.3371021483639811,0.015985576923076922,15.985576923076923,0.8583562931355985,0.9713549380966553,2068,41244,130,65,65,-39176,15.907692307692308,finite,0.32593657353337524,ae_denoising,Exploits,123,0.01,1.2623429298400881,0.010053859964093357,False,0b7faf22430359c6f3a96ed9e2c6945a109e3741b71552707344e8dbb69c67dc,ee3738e4ad71d95be0e8dbd27b9ab06780ef575bacd20b1eddfb62a2708fc909,bec7dd5ec88dc2a0ccc7a07879d338395ed7421750f675fd0339e07dfe0648fa,benign calibration only; conservative >= cutoff with ties,frozen decisions on grouped internal development holdout,withheld_family,1.0,ae_denoising,-0.6583537794508117,0.007812499999999998,c0f7c1e058097afa40fd00696417cfdd945958df1d239373a7bbb49e9ab4fb9a,,,
0.8500897666068222,0.015914361576983834,0.031243813922797757,0.020072115384615386,20.072115384615383,0.8799596000661859,0.9634688955329171,178,50497,164,65,99,-50319,1.0853658536585367,finite,0.024496151888120266,ae_latent,Exploits,123,0.01,78.46630856161306,0.009874326750448833,False,0b7faf22430359c6f3a96ed9e2c6945a109e3741b71552707344e8dbb69c67dc,ee3738e4ad71d95be0e8dbd27b9ab06780ef575bacd20b1eddfb62a2708fc909,bec7dd5ec88dc2a0ccc7a07879d338395ed7421750f675fd0339e07dfe0648fa,benign calibration only; conservative >= cutoff with ties,frozen decisions on grouped internal development holdout,withheld_family,1.0,ae_latent,-0.845612207172386,0.011899038461538463,c0f7c1e058097afa40fd00696417cfdd945958df1d239373a7bbb49e9ab4fb9a,,,
0.998710607152338,0.8851208281517831,0.9384911442927907,0.008173076923076924,8.173076923076923,0.9913059066118737,0.9985835025031067,1732,328,14,14,0,1404,123.71428571428571,finite,0.8865031593447729,learned_fusion,Exploits,123,0.01,0.9351025895013826,0.009874326750448833,True,0b7faf22430359c6f3a96ed9e2c6945a109e3741b71552707344e8dbb69c67dc,ee3738e4ad71d95be0e8dbd27b9ab06780ef575bacd20b1eddfb62a2708fc909,bec7dd5ec88dc2a0ccc7a07879d338395ed7421750f675fd0339e07dfe0648fa,benign calibration only; conservative >= cutoff with ties,frozen decisions on grouped internal development holdout,withheld_family,1.0,learned_fusion,0.02359425940241322,0.0,c0f7c1e058097afa40fd00696417cfdd945958df1d239373a7bbb49e9ab4fb9a,,,
0.9985679002096262,0.808523510234262,0.8935526108072469,0.00829326923076923,8.29326923076923,0.9881568099790842,0.9979188062470716,1738,4892,38,37,1,-3154,45.73684210526316,finite,0.8140328811427545,rank_or,Exploits,123,0.01,0.9946571682991987,0.00969479353680431,True,0b7faf22430359c6f3a96ed9e2c6945a109e3741b71552707344e8dbb69c67dc,ee3738e4ad71d95be0e8dbd27b9ab06780ef575bacd20b1eddfb62a2708fc909,bec7dd5ec88dc2a0ccc7a07879d338395ed7421750f675fd0339e07dfe0648fa,benign calibration only; conservative >= cutoff with ties,frozen decisions on grouped internal development holdout,withheld_family,1.0,rank_or,-0.05300305851510778,0.00012019230769230727,c0f7c1e058097afa40fd00696417cfdd945958df1d239373a7bbb49e9ab4fb9a,,,
0.9986753418786769,0.8615265687493698,0.9250451100685673,0.008173076923076924,8.173076923076923,0.9915628579147804,0.9986927206119659,0,0,0,0,0,0,,no_recovery_no_added_fp,0.8440990626778068,fusion_control,Exploits,123,0.01,0.9484331733929745,0.009874326750448833,True,0b7faf22430359c6f3a96ed9e2c6945a109e3741b71552707344e8dbb69c67dc,ee3738e4ad71d95be0e8dbd27b9ab06780ef575bacd20b1eddfb62a2708fc909,bec7dd5ec88dc2a0ccc7a07879d338395ed7421750f675fd0339e07dfe0648fa,benign calibration only; conservative >= cutoff with ties,frozen decisions on grouped internal development holdout,withheld_family,1.0,['lightgbm'],0.0,0.0,c0f7c1e058097afa40fd00696417cfdd945958df1d239373a7bbb49e9ab4fb9a,,,
0.9986301891100035,0.8820959231001916,0.9367526858692936,0.008653846153846154,8.653846153846153,0.9912400943246834,0.9985624612097628,1549,325,17,13,4,1224,91.11764705882354,finite,0.8801545234031084,fusion_latent,Exploits,123,0.01,0.9348522037878549,0.009874326750448833,True,0b7faf22430359c6f3a96ed9e2c6945a109e3741b71552707344e8dbb69c67dc,ee3738e4ad71d95be0e8dbd27b9ab06780ef575bacd20b1eddfb62a2708fc909,bec7dd5ec88dc2a0ccc7a07879d338395ed7421750f675fd0339e07dfe0648fa,benign calibration only; conservative >= cutoff with ties,frozen decisions on grouped internal development holdout,withheld_family,1.0,"['lightgbm', 'ae_latent']",0.020569354350821745,0.0004807692307692308,c0f7c1e058097afa40fd00696417cfdd945958df1d239373a7bbb49e9ab4fb9a,,,
0.9986742751743616,0.8734917487312204,0.9318978422812475,0.00829326923076923,8.29326923076923,0.9914964861332664,0.9983914055093565,1085,373,9,8,1,712,120.55555555555556,finite,0.8607792052226515,fusion_ae_plain,Exploits,123,0.01,0.9389929310994126,0.009874326750448833,True,0b7faf22430359c6f3a96ed9e2c6945a109e3741b71552707344e8dbb69c67dc,ee3738e4ad71d95be0e8dbd27b9ab06780ef575bacd20b1eddfb62a2708fc909,bec7dd5ec88dc2a0ccc7a07879d338395ed7421750f675fd0339e07dfe0648fa,benign calibration only; conservative >= cutoff with ties,frozen decisions on grouped internal development holdout,withheld_family,1.0,"['lightgbm', 'ae_plain']",0.011965179981850538,0.00012019230769230727,c0f7c1e058097afa40fd00696417cfdd945958df1d239373a7bbb49e9ab4fb9a,,,
0.9987237122828406,0.8810708163882633,0.9362154247245585,0.008052884615384615,8.052884615384615,0.9915008974531332,0.9984349512599222,1602,439,14,15,-1,1163,114.42857142857143,finite,0.8780882220824724,fusion_ae_plain_latent,Exploits,123,0.01,0.933232510422766,0.009874326750448833,True,0b7faf22430359c6f3a96ed9e2c6945a109e3741b71552707344e8dbb69c67dc,ee3738e4ad71d95be0e8dbd27b9ab06780ef575bacd20b1eddfb62a2708fc909,bec7dd5ec88dc2a0ccc7a07879d338395ed7421750f675fd0339e07dfe0648fa,benign calibration only; conservative >= cutoff with ties,frozen decisions on grouped internal development holdout,withheld_family,1.0,"['lightgbm', 'ae_plain', 'ae_latent']",0.019544247638893508,-0.000120192307692309,c0f7c1e058097afa40fd00696417cfdd945958df1d239373a7bbb49e9ab4fb9a,,,
0.9988583591331269,0.8674923537122307,0.9285521558469592,0.007091346153846154,7.091346153846154,0.9912600502955101,0.9985248883300596,1870,1515,8,17,-9,355,233.75,finite,0.8755427784266163,fusion_ae_denoising,Exploits,123,0.01,0.9449155981125376,0.009874326750448833,True,0b7faf22430359c6f3a96ed9e2c6945a109e3741b71552707344e8dbb69c67dc,ee3738e4ad71d95be0e8dbd27b9ab06780ef575bacd20b1eddfb62a2708fc909,bec7dd5ec88dc2a0ccc7a07879d338395ed7421750f675fd0339e07dfe0648fa,benign calibration only; conservative >= cutoff with ties,frozen decisions on grouped internal development holdout,withheld_family,1.0,"['lightgbm', 'ae_denoising']",0.005965784962860821,-0.0010817307692307697,c0f7c1e058097afa40fd00696417cfdd945958df1d239373a7bbb49e9ab4fb9a,,,
0.998710607152338,0.8851208281517831,0.9384911442927907,0.008173076923076924,8.173076923076923,0.9913059066118737,0.9985835025031067,1732,328,14,14,0,1404,123.71428571428571,finite,0.8865031593447729,fusion_ae_denoising_latent,Exploits,123,0.01,0.9351025895013826,0.009874326750448833,True,0b7faf22430359c6f3a96ed9e2c6945a109e3741b71552707344e8dbb69c67dc,ee3738e4ad71d95be0e8dbd27b9ab06780ef575bacd20b1eddfb62a2708fc909,bec7dd5ec88dc2a0ccc7a07879d338395ed7421750f675fd0339e07dfe0648fa,benign calibration only; conservative >= cutoff with ties,frozen decisions on grouped internal development holdout,withheld_family,1.0,"['lightgbm', 'ae_denoising', 'ae_latent']",0.02359425940241322,0.0,c0f7c1e058097afa40fd00696417cfdd945958df1d239373a7bbb49e9ab4fb9a,,,
0.9988099186452583,0.860350216784862,0.9244242210846583,0.007331730769230769,7.331730769230769,0.9912548603292104,0.9985382324639256,304,374,2,9,-7,-70,152.0,finite,0.844129009073758,fusion_ae_scaled,Exploits,123,0.01,0.9443676242342965,0.009874326750448833,True,0b7faf22430359c6f3a96ed9e2c6945a109e3741b71552707344e8dbb69c67dc,ee3738e4ad71d95be0e8dbd27b9ab06780ef575bacd20b1eddfb62a2708fc909,bec7dd5ec88dc2a0ccc7a07879d338395ed7421750f675fd0339e07dfe0648fa,benign calibration only; conservative >= cutoff with ties,frozen decisions on grouped internal development holdout,withheld_family,1.0,"['lightgbm', 'ae_scaled']",-0.0011763519645078269,-0.0008413461538461543,c0f7c1e058097afa40fd00696417cfdd945958df1d239373a7bbb49e9ab4fb9a,,,
0.998667072892071,0.8813565018653581,0.9363517880416347,0.008413461538461538,8.413461538461538,0.9912253030722178,0.9985533939866638,1494,314,14,12,2,1180,106.71428571428571,finite,0.8788967747731561,fusion_ae_scaled_latent,Exploits,123,0.01,0.9346903245859067,0.009874326750448833,True,0b7faf22430359c6f3a96ed9e2c6945a109e3741b71552707344e8dbb69c67dc,ee3738e4ad71d95be0e8dbd27b9ab06780ef575bacd20b1eddfb62a2708fc909,bec7dd5ec88dc2a0ccc7a07879d338395ed7421750f675fd0339e07dfe0648fa,benign calibration only; conservative >= cutoff with ties,frozen decisions on grouped internal development holdout,withheld_family,1.0,"['lightgbm', 'ae_scaled', 'ae_latent']",0.01982993311598824,0.00024038461538461453,c0f7c1e058097afa40fd00696417cfdd945958df1d239373a7bbb49e9ab4fb9a,,,
0.9986755740802057,0.8616778140019494,0.9251323873016446,0.008173076923076924,8.173076923076923,0.9920477465992441,0.9987661836242909,9,0,0,0,0,9,,recovery_without_additional_fp,0.8443386338454167,selective_fusion,Exploits,123,0.01,0.9890754880359959,0.009874326750448833,True,0b7faf22430359c6f3a96ed9e2c6945a109e3741b71552707344e8dbb69c67dc,ee3738e4ad71d95be0e8dbd27b9ab06780ef575bacd20b1eddfb62a2708fc909,bec7dd5ec88dc2a0ccc7a07879d338395ed7421750f675fd0339e07dfe0648fa,benign calibration only; conservative >= cutoff with ties,frozen decisions on grouped internal development holdout,withheld_family,1.0,selective_fusion,0.00015124525257959043,0.0,c0f7c1e058097afa40fd00696417cfdd945958df1d239373a7bbb49e9ab4fb9a,True,0.11339309409371037,budget-dependent conditional ranking
0.998847904145625,0.8741807548818606,0.9323654613075234,0.007211538461538462,7.211538461538462,0.9921011752774124,0.9987747487696081,1222,469,5,13,-8,753,244.4,finite,0.8714101757853442,selective_fusion_primary_0.75,Exploits,123,0.01,0.9562760317971539,0.00969479353680431,True,0b7faf22430359c6f3a96ed9e2c6945a109e3741b71552707344e8dbb69c67dc,ee3738e4ad71d95be0e8dbd27b9ab06780ef575bacd20b1eddfb62a2708fc909,bec7dd5ec88dc2a0ccc7a07879d338395ed7421750f675fd0339e07dfe0648fa,benign calibration only; conservative >= cutoff with ties,frozen decisions on grouped internal development holdout,withheld_family,0.75,selective_fusion_primary_0.75,0.012654186132490808,-0.0009615384615384616,c0f7c1e058097afa40fd00696417cfdd945958df1d239373a7bbb49e9ab4fb9a,False,0.12725208622062337,budget-dependent conditional ranking
0.9987627531597381,0.8817766275669681,0.9366309062672926,0.0078125,7.8125,0.9920467710188888,0.9987661209325231,1649,444,10,13,-3,1205,164.9,finite,0.8828496990387207,selective_fusion_primary_0.5,Exploits,123,0.01,0.93871138596963,0.00969479353680431,True,0b7faf22430359c6f3a96ed9e2c6945a109e3741b71552707344e8dbb69c67dc,ee3738e4ad71d95be0e8dbd27b9ab06780ef575bacd20b1eddfb62a2708fc909,bec7dd5ec88dc2a0ccc7a07879d338395ed7421750f675fd0339e07dfe0648fa,benign calibration only; conservative >= cutoff with ties,frozen decisions on grouped internal development holdout,withheld_family,0.5,selective_fusion_primary_0.5,0.020250058817598227,-0.00036057692307692353,c0f7c1e058097afa40fd00696417cfdd945958df1d239373a7bbb49e9ab4fb9a,False,0.19678294459351872,budget-dependent conditional ranking
0.9959501781921596,0.9298726178872718,0.9617777932281165,0.027043269230769232,27.04326923076923,0.9915628579147804,0.9986927206119659,0,0,0,0,0,0,,no_recovery_no_added_fp,0.9248045997664182,lightgbm,Exploits,123,0.03,0.7468571247879925,0.029802513464991024,True,0b7faf22430359c6f3a96ed9e2c6945a109e3741b71552707344e8dbb69c67dc,ee3738e4ad71d95be0e8dbd27b9ab06780ef575bacd20b1eddfb62a2708fc909,bec7dd5ec88dc2a0ccc7a07879d338395ed7421750f675fd0339e07dfe0648fa,benign calibration only; conservative >= cutoff with ties,frozen decisions on grouped internal development holdout,withheld_family,1.0,lightgbm,0.0,0.0,c0f7c1e058097afa40fd00696417cfdd945958df1d239373a7bbb49e9ab4fb9a,,,
0.9916271948710588,0.6966020233253789,0.8183361629881154,0.042067307692307696,42.06730769230769,0.9244503705508689,0.9844687856648167,1609,15490,306,181,125,-13881,5.258169934640523,finite,0.654478483514509,ae_plain,Exploits,123,0.03,0.04225389659404755,0.030341113105924595,False,0b7faf22430359c6f3a96ed9e2c6945a109e3741b71552707344e8dbb69c67dc,ee3738e4ad71d95be0e8dbd27b9ab06780ef575bacd20b1eddfb62a2708fc909,bec7dd5ec88dc2a0ccc7a07879d338395ed7421750f675fd0339e07dfe0648fa,benign calibration only; conservative >= cutoff with ties,frozen decisions on grouped internal development holdout,withheld_family,1.0,ae_plain,-0.23327059456189292,0.015024038461538464,c0f7c1e058097afa40fd00696417cfdd945958df1d239373a7bbb49e9ab4fb9a,,,
0.9813258636788048,0.2649312674352166,0.41722353812970586,0.036057692307692304,36.05769230769231,0.9289672611391483,0.9781787297063566,591,40159,288,213,75,-39568,2.0520833333333335,finite,0.2325637109573863,ae_scaled,Exploits,123,0.03,0.03175045549869538,0.03016157989228007,False,0b7faf22430359c6f3a96ed9e2c6945a109e3741b71552707344e8dbb69c67dc,ee3738e4ad71d95be0e8dbd27b9ab06780ef575bacd20b1eddfb62a2708fc909,bec7dd5ec88dc2a0ccc7a07879d338395ed7421750f675fd0339e07dfe0648fa,benign calibration only; conservative >= cutoff with ties,frozen decisions on grouped internal development holdout,withheld_family,1.0,ae_scaled,-0.6649413504520552,0.009014423076923073,c0f7c1e058097afa40fd00696417cfdd945958df1d239373a7bbb49e9ab4fb9a,,,
0.9779062401013621,0.20752529156723692,0.34239055091912274,0.033533653846153845,33.53365384615385,0.8870301762556587,0.9717248221249586,580,43564,259,205,54,-42984,2.2393822393822393,finite,0.12613421974665348,isolation_forest,Exploits,123,0.03,0.5333400760836089,0.029802513464991024,False,0b7faf22430359c6f3a96ed9e2c6945a109e3741b71552707344e8dbb69c67dc,ee3738e4ad71d95be0e8dbd27b9ab06780ef575bacd20b1eddfb62a2708fc909,bec7dd5ec88dc2a0ccc7a07879d338395ed7421750f675fd0339e07dfe0648fa,benign calibration only; conservative >= cutoff with ties,frozen decisions on grouped internal development holdout,withheld_family,1.0,isolation_forest,-0.7223473263200348,0.006490384615384613,c0f7c1e058097afa40fd00696417cfdd945958df1d239373a7bbb49e9ab4fb9a,,,
0.9841622672964713,0.3571404564245622,0.5240937114673243,0.04110576923076923,41.10576923076923,0.8583562931355985,0.9713549380966553,1138,35219,319,202,117,-34081,3.5673981191222572,finite,0.4621627287155991,ae_denoising,Exploits,123,0.03,0.47917178273200994,0.03016157989228007,False,0b7faf22430359c6f3a96ed9e2c6945a109e3741b71552707344e8dbb69c67dc,ee3738e4ad71d95be0e8dbd27b9ab06780ef575bacd20b1eddfb62a2708fc909,bec7dd5ec88dc2a0ccc7a07879d338395ed7421750f675fd0339e07dfe0648fa,benign calibration only; conservative >= cutoff with ties,frozen decisions on grouped internal development holdout,withheld_family,1.0,ae_denoising,-0.5727321614627097,0.014062499999999999,c0f7c1e058097afa40fd00696417cfdd945958df1d239373a7bbb49e9ab4fb9a,,,
0.9801396902520498,0.27119954290323667,0.4248463229390162,0.039302884615384615,39.30288461538461,0.8799596000661859,0.9634688955329171,1122,40317,313,211,102,-39195,3.584664536741214,finite,0.345281945317881,ae_latent,Exploits,123,0.03,36.30765730241973,0.02998204667863555,False,0b7faf22430359c6f3a96ed9e2c6945a109e3741b71552707344e8dbb69c67dc,ee3738e4ad71d95be0e8dbd27b9ab06780ef575bacd20b1eddfb62a2708fc909,bec7dd5ec88dc2a0ccc7a07879d338395ed7421750f675fd0339e07dfe0648fa,benign calibration only; conservative >= cutoff with ties,frozen decisions on grouped internal development holdout,withheld_family,1.0,ae_latent,-0.6586730749840352,0.012259615384615383,c0f7c1e058097afa40fd00696417cfdd945958df1d239373a7bbb49e9ab4fb9a,,,
0.9958529118610281,0.9402581252310691,0.9672573256115481,0.028004807692307693,28.004807692307693,0.9913059066118737,0.9985835025031067,760,142,31,23,8,618,24.516129032258064,finite,0.9440900787590214,learned_fusion,Exploits,123,0.03,0.8375439491278595,0.02998204667863555,True,0b7faf22430359c6f3a96ed9e2c6945a109e3741b71552707344e8dbb69c67dc,ee3738e4ad71d95be0e8dbd27b9ab06780ef575bacd20b1eddfb62a2708fc909,bec7dd5ec88dc2a0ccc7a07879d338395ed7421750f675fd0339e07dfe0648fa,benign calibration only; conservative >= cutoff with ties,frozen decisions on grouped internal development holdout,withheld_family,1.0,learned_fusion,0.010385507343797284,0.0009615384615384616,c0f7c1e058097afa40fd00696417cfdd945958df1d239373a7bbb49e9ab4fb9a,,,
0.9947743039913506,0.9277215742950291,0.9600786080121042,0.03485576923076923,34.85576923076923,0.9881568099790842,0.9979188062470716,1003,1131,161,96,65,-128,6.229813664596273,finite,0.9365435869793071,rank_or,Exploits,123,0.03,0.9829029385574356,0.02998204667863555,False,0b7faf22430359c6f3a96ed9e2c6945a109e3741b71552707344e8dbb69c67dc,ee3738e4ad71d95be0e8dbd27b9ab06780ef575bacd20b1eddfb62a2708fc909,bec7dd5ec88dc2a0ccc7a07879d338395ed7421750f675fd0339e07dfe0648fa,benign calibration only; conservative >= cutoff with ties,frozen decisions on grouped internal development holdout,withheld_family,1.0,rank_or,-0.0021510435922427185,0.0078125,c0f7c1e058097afa40fd00696417cfdd945958df1d239373a7bbb49e9ab4fb9a,,,
0.9959501781921596,0.9298726178872718,0.9617777932281165,0.027043269230769232,27.04326923076923,0.9915628579147804,0.9986927206119659,0,0,0,0,0,0,,no_recovery_no_added_fp,0.9248045997664182,fusion_control,Exploits,123,0.03,0.8514648016952613,0.029802513464991024,True,0b7faf22430359c6f3a96ed9e2c6945a109e3741b71552707344e8dbb69c67dc,ee3738e4ad71d95be0e8dbd27b9ab06780ef575bacd20b1eddfb62a2708fc909,bec7dd5ec88dc2a0ccc7a07879d338395ed7421750f675fd0339e07dfe0648fa,benign calibration only; conservative >= cutoff with ties,frozen decisions on grouped internal development holdout,withheld_family,1.0,['lightgbm'],0.0,0.0,c0f7c1e058097afa40fd00696417cfdd945958df1d239373a7bbb49e9ab4fb9a,,,
0.9958053691275168,0.9375357106846368,0.9657924348654029,0.028245192307692308,28.245192307692307,0.9912400943246834,0.9985624612097628,607,151,31,21,10,456,19.580645161290324,finite,0.9394184409906268,fusion_latent,Exploits,123,0.03,0.8404691915960583,0.02998204667863555,True,0b7faf22430359c6f3a96ed9e2c6945a109e3741b71552707344e8dbb69c67dc,ee3738e4ad71d95be0e8dbd27b9ab06780ef575bacd20b1eddfb62a2708fc909,bec7dd5ec88dc2a0ccc7a07879d338395ed7421750f675fd0339e07dfe0648fa,benign calibration only; conservative >= cutoff with ties,frozen decisions on grouped internal development holdout,withheld_family,1.0,"['lightgbm', 'ae_latent']",0.00766309279736499,0.0012019230769230761,c0f7c1e058097afa40fd00696417cfdd945958df1d239373a7bbb49e9ab4fb9a,,,
0.9960157932519742,0.9326454475178974,0.9632895353479249,0.026682692307692307,26.682692307692307,0.9914964861332664,0.9983914055093565,244,79,14,17,-3,165,17.428571428571427,finite,0.9302248974335938,fusion_ae_plain,Exploits,123,0.03,0.8221315290859641,0.029802513464991024,True,0b7faf22430359c6f3a96ed9e2c6945a109e3741b71552707344e8dbb69c67dc,ee3738e4ad71d95be0e8dbd27b9ab06780ef575bacd20b1eddfb62a2708fc909,bec7dd5ec88dc2a0ccc7a07879d338395ed7421750f675fd0339e07dfe0648fa,benign calibration only; conservative >= cutoff with ties,frozen decisions on grouped internal development holdout,withheld_family,1.0,"['lightgbm', 'ae_plain']",0.0027728296306255285,-0.00036057692307692527,c0f7c1e058097afa40fd00696417cfdd945958df1d239373a7bbb49e9ab4fb9a,,,
0.9958957154838595,0.9378718112459248,0.9660132415941841,0.027644230769230768,27.64423076923077,0.9915008974531332,0.9984349512599222,626,150,29,24,5,476,21.586206896551722,finite,0.9402569400772617,fusion_ae_plain_latent,Exploits,123,0.03,0.824633512013772,0.02998204667863555,True,0b7faf22430359c6f3a96ed9e2c6945a109e3741b71552707344e8dbb69c67dc,ee3738e4ad71d95be0e8dbd27b9ab06780ef575bacd20b1eddfb62a2708fc909,bec7dd5ec88dc2a0ccc7a07879d338395ed7421750f675fd0339e07dfe0648fa,benign calibration only; conservative >= cutoff with ties,frozen decisions on grouped internal development holdout,withheld_family,1.0,"['lightgbm', 'ae_plain', 'ae_latent']",0.007999193358652956,0.0006009615384615363,c0f7c1e058097afa40fd00696417cfdd945958df1d239373a7bbb49e9ab4fb9a,,,
0.995889731415208,0.9446442375558767,0.9695903406640793,0.027884615384615386,27.884615384615383,0.9912600502955101,0.9985248883300596,911,32,15,8,7,879,60.733333333333334,finite,0.9506782858682957,fusion_ae_denoising,Exploits,123,0.03,0.8230831974032062,0.02998204667863555,True,0b7faf22430359c6f3a96ed9e2c6945a109e3741b71552707344e8dbb69c67dc,ee3738e4ad71d95be0e8dbd27b9ab06780ef575bacd20b1eddfb62a2708fc909,bec7dd5ec88dc2a0ccc7a07879d338395ed7421750f675fd0339e07dfe0648fa,benign calibration only; conservative >= cutoff with ties,frozen decisions on grouped internal development holdout,withheld_family,1.0,"['lightgbm', 'ae_denoising']",0.014771619668604852,0.0008413461538461543,c0f7c1e058097afa40fd00696417cfdd945958df1d239373a7bbb49e9ab4fb9a,,,
0.9958529118610281,0.9402581252310691,0.9672573256115481,0.028004807692307693,28.004807692307693,0.9913059066118737,0.9985835025031067,760,142,31,23,8,618,24.516129032258064,finite,0.9440900787590214,fusion_ae_denoising_latent,Exploits,123,0.03,0.8375439491278595,0.02998204667863555,True,0b7faf22430359c6f3a96ed9e2c6945a109e3741b71552707344e8dbb69c67dc,ee3738e4ad71d95be0e8dbd27b9ab06780ef575bacd20b1eddfb62a2708fc909,bec7dd5ec88dc2a0ccc7a07879d338395ed7421750f675fd0339e07dfe0648fa,benign calibration only; conservative >= cutoff with ties,frozen decisions on grouped internal development holdout,withheld_family,1.0,"['lightgbm', 'ae_denoising', 'ae_latent']",0.010385507343797284,0.0009615384615384616,c0f7c1e058097afa40fd00696417cfdd945958df1d239373a7bbb49e9ab4fb9a,,,
0.9959659345584939,0.933519308977246,0.9637320980907521,0.027043269230769232,27.04326923076923,0.9912548603292104,0.9985382324639256,230,13,4,4,0,217,57.5,finite,0.9311532357080825,fusion_ae_scaled,Exploits,123,0.03,0.8312820668991671,0.029802513464991024,True,0b7faf22430359c6f3a96ed9e2c6945a109e3741b71552707344e8dbb69c67dc,ee3738e4ad71d95be0e8dbd27b9ab06780ef575bacd20b1eddfb62a2708fc909,bec7dd5ec88dc2a0ccc7a07879d338395ed7421750f675fd0339e07dfe0648fa,benign calibration only; conservative >= cutoff with ties,frozen decisions on grouped internal development holdout,withheld_family,1.0,"['lightgbm', 'ae_scaled']",0.0036466910899741745,0.0,c0f7c1e058097afa40fd00696417cfdd945958df1d239373a7bbb49e9ab4fb9a,,,
0.9958414392546717,0.9376533458810876,0.9658718137360973,0.028004807692307693,28.004807692307693,0.9912253030722178,0.9985533939866638,605,142,29,21,8,463,20.862068965517242,finite,0.9395981193663343,fusion_ae_scaled_latent,Exploits,123,0.03,0.8387224665982058,0.02998204667863555,True,0b7faf22430359c6f3a96ed9e2c6945a109e3741b71552707344e8dbb69c67dc,ee3738e4ad71d95be0e8dbd27b9ab06780ef575bacd20b1eddfb62a2708fc909,bec7dd5ec88dc2a0ccc7a07879d338395ed7421750f675fd0339e07dfe0648fa,benign calibration only; conservative >= cutoff with ties,frozen decisions on grouped internal development holdout,withheld_family,1.0,"['lightgbm', 'ae_scaled', 'ae_latent']",0.007780727993815795,0.0009615384615384616,c0f7c1e058097afa40fd00696417cfdd945958df1d239373a7bbb49e9ab4fb9a,,,
0.9959502510844328,0.9298894229153363,0.9617868161473949,0.027043269230769232,27.04326923076923,0.9918459913302213,0.9987345874041504,1,0,0,0,0,1,,recovery_without_additional_fp,0.9248345461623694,selective_fusion,Exploits,123,0.03,0.9890754880359959,0.029802513464991024,True,0b7faf22430359c6f3a96ed9e2c6945a109e3741b71552707344e8dbb69c67dc,ee3738e4ad71d95be0e8dbd27b9ab06780ef575bacd20b1eddfb62a2708fc909,bec7dd5ec88dc2a0ccc7a07879d338395ed7421750f675fd0339e07dfe0648fa,benign calibration only; conservative >= cutoff with ties,frozen decisions on grouped internal development holdout,withheld_family,1.0,selective_fusion,1.680502806444828e-05,0.0,c0f7c1e058097afa40fd00696417cfdd945958df1d239373a7bbb49e9ab4fb9a,True,0.0576327661958541,budget-dependent conditional ranking
0.9958698283842484,0.9400732699223607,0.9671674821487232,0.027884615384615386,27.884615384615383,0.991904981624348,0.998743622191951,749,142,31,24,7,607,24.161290322580644,finite,0.9439104003833139,selective_fusion_primary_0.75,Exploits,123,0.03,0.8403134161713385,0.029802513464991024,True,0b7faf22430359c6f3a96ed9e2c6945a109e3741b71552707344e8dbb69c67dc,ee3738e4ad71d95be0e8dbd27b9ab06780ef575bacd20b1eddfb62a2708fc909,bec7dd5ec88dc2a0ccc7a07879d338395ed7421750f675fd0339e07dfe0648fa,benign calibration only; conservative >= cutoff with ties,frozen decisions on grouped internal development holdout,withheld_family,0.75,selective_fusion_primary_0.75,0.010200652035088908,0.0008413461538461543,c0f7c1e058097afa40fd00696417cfdd945958df1d239373a7bbb49e9ab4fb9a,False,0.06894111402706926,budget-dependent conditional ranking
0.9958528380470961,0.9402413202030048,0.9672483987241657,0.028004807692307693,28.004807692307693,0.9919942997425598,0.9987574948921749,759,142,31,23,8,617,24.483870967741936,finite,0.9440601323630701,selective_fusion_primary_0.5,Exploits,123,0.03,0.8375809507986774,0.029802513464991024,True,0b7faf22430359c6f3a96ed9e2c6945a109e3741b71552707344e8dbb69c67dc,ee3738e4ad71d95be0e8dbd27b9ab06780ef575bacd20b1eddfb62a2708fc909,bec7dd5ec88dc2a0ccc7a07879d338395ed7421750f675fd0339e07dfe0648fa,benign calibration only; conservative >= cutoff with ties,frozen decisions on grouped internal development holdout,withheld_family,0.5,selective_fusion_primary_0.5,0.010368702315732947,0.0009615384615384616,c0f7c1e058097afa40fd00696417cfdd945958df1d239373a7bbb49e9ab4fb9a,False,0.08738536844278005,budget-dependent conditional ranking
0.9928118096707458,0.9516351292306658,0.9717874794069192,0.04927884615384615,49.27884615384615,0.9915628579147804,0.9986927206119659,0,0,0,0,0,0,,no_recovery_no_added_fp,0.9483125205881472,lightgbm,Exploits,123,0.05,0.6342068506016308,0.04991023339317774,True,0b7faf22430359c6f3a96ed9e2c6945a109e3741b71552707344e8dbb69c67dc,ee3738e4ad71d95be0e8dbd27b9ab06780ef575bacd20b1eddfb62a2708fc909,bec7dd5ec88dc2a0ccc7a07879d338395ed7421750f675fd0339e07dfe0648fa,benign calibration only; conservative >= cutoff with ties,frozen decisions on grouped internal development holdout,withheld_family,1.0,lightgbm,0.0,0.0,c0f7c1e058097afa40fd00696417cfdd945958df1d239373a7bbb49e9ab4fb9a,,,
0.9893217601937828,0.8236312304641549,0.8989050492452726,0.06358173076923077,63.58173076923077,0.9244503705508689,0.9844687856648167,1440,9057,443,324,119,-7617,3.250564334085779,finite,0.7914832449914653,ae_plain,Exploits,123,0.05,0.03086456470191479,0.05008976660682226,False,0b7faf22430359c6f3a96ed9e2c6945a109e3741b71552707344e8dbb69c67dc,ee3738e4ad71d95be0e8dbd27b9ab06780ef575bacd20b1eddfb62a2708fc909,bec7dd5ec88dc2a0ccc7a07879d338395ed7421750f675fd0339e07dfe0648fa,benign calibration only; conservative >= cutoff with ties,frozen decisions on grouped internal development holdout,withheld_family,1.0,ae_plain,-0.12800389876651097,0.014302884615384613,c0f7c1e058097afa40fd00696417cfdd945958df1d239373a7bbb49e9ab4fb9a,,,
0.983518602938598,0.47133062212213894,0.6372652602160799,0.056490384615384616,56.49038461538461,0.9289672611391483,0.9781787297063566,572,29153,428,368,60,-28581,1.3364485981308412,finite,0.47923217440781,ae_scaled,Exploits,123,0.05,0.020442202687263492,0.05008976660682226,False,0b7faf22430359c6f3a96ed9e2c6945a109e3741b71552707344e8dbb69c67dc,ee3738e4ad71d95be0e8dbd27b9ab06780ef575bacd20b1eddfb62a2708fc909,bec7dd5ec88dc2a0ccc7a07879d338395ed7421750f675fd0339e07dfe0648fa,benign calibration only; conservative >= cutoff with ties,frozen decisions on grouped internal development holdout,withheld_family,1.0,ae_scaled,-0.4803045071085269,0.007211538461538464,c0f7c1e058097afa40fd00696417cfdd945958df1d239373a7bbb49e9ab4fb9a,,,
0.9772357723577236,0.3534937653345881,0.5191840159938789,0.05889423076923077,58.89423076923077,0.8870301762556587,0.9717248221249586,807,36400,450,370,80,-35593,1.7933333333333332,finite,0.27341059503488757,isolation_forest,Exploits,123,0.05,0.5080132010582825,0.04973070017953321,False,0b7faf22430359c6f3a96ed9e2c6945a109e3741b71552707344e8dbb69c67dc,ee3738e4ad71d95be0e8dbd27b9ab06780ef575bacd20b1eddfb62a2708fc909,bec7dd5ec88dc2a0ccc7a07879d338395ed7421750f675fd0339e07dfe0648fa,benign calibration only; conservative >= cutoff with ties,frozen decisions on grouped internal development holdout,withheld_family,1.0,isolation_forest,-0.5981413638960777,0.009615384615384616,c0f7c1e058097afa40fd00696417cfdd945958df1d239373a7bbb49e9ab4fb9a,,,
0.9808281034746671,0.43072967431855613,0.5985894112426726,0.060216346153846155,60.21634615384615,0.8583562931355985,0.9713549380966553,889,31886,448,357,91,-30997,1.984375,finite,0.5398436798131345,ae_denoising,Exploits,123,0.05,0.22745914757251742,0.05008976660682226,False,0b7faf22430359c6f3a96ed9e2c6945a109e3741b71552707344e8dbb69c67dc,ee3738e4ad71d95be0e8dbd27b9ab06780ef575bacd20b1eddfb62a2708fc909,bec7dd5ec88dc2a0ccc7a07879d338395ed7421750f675fd0339e07dfe0648fa,benign calibration only; conservative >= cutoff with ties,frozen decisions on grouped internal development holdout,withheld_family,1.0,ae_denoising,-0.5209054549121097,0.010937500000000003,c0f7c1e058097afa40fd00696417cfdd945958df1d239373a7bbb49e9ab4fb9a,,,
0.9770584683973436,0.3535609854468457,0.519231481138711,0.059375,59.375,0.8799596000661859,0.9634688955329171,927,36516,453,369,84,-35589,2.0463576158940397,finite,0.45922798191237685,ae_latent,Exploits,123,0.05,27.799148688173137,0.04991023339317774,False,0b7faf22430359c6f3a96ed9e2c6945a109e3741b71552707344e8dbb69c67dc,ee3738e4ad71d95be0e8dbd27b9ab06780ef575bacd20b1eddfb62a2708fc909,bec7dd5ec88dc2a0ccc7a07879d338395ed7421750f675fd0339e07dfe0648fa,benign calibration only; conservative >= cutoff with ties,frozen decisions on grouped internal development holdout,withheld_family,1.0,ae_latent,-0.5980741437838202,0.010096153846153845,c0f7c1e058097afa40fd00696417cfdd945958df1d239373a7bbb49e9ab4fb9a,,,
0.9929048414023373,0.9594998823648035,0.9759165883257841,0.04903846153846154,49.03846153846154,0.9913059066118737,0.9985835025031067,535,67,24,26,-2,468,22.291666666666668,finite,0.961968077141916,learned_fusion,Exploits,123,0.05,0.6865751043930484,0.04991023339317774,True,0b7faf22430359c6f3a96ed9e2c6945a109e3741b71552707344e8dbb69c67dc,ee3738e4ad71d95be0e8dbd27b9ab06780ef575bacd20b1eddfb62a2708fc909,bec7dd5ec88dc2a0ccc7a07879d338395ed7421750f675fd0339e07dfe0648fa,benign calibration only; conservative >= cutoff with ties,frozen decisions on grouped internal development holdout,withheld_family,1.0,learned_fusion,0.007864753134137703,-0.00024038461538461453,c0f7c1e058097afa40fd00696417cfdd945958df1d239373a7bbb49e9ab4fb9a,,,
0.9913457149878875,0.9490303498806844,0.9697266295762071,0.05925480769230769,59.25480769230769,0.9881568099790842,0.9979188062470716,639,794,259,176,83,-155,2.4671814671814674,finite,0.9566076722666427,rank_or,Exploits,123,0.05,0.9704363312555656,0.04937163375224417,False,0b7faf22430359c6f3a96ed9e2c6945a109e3741b71552707344e8dbb69c67dc,ee3738e4ad71d95be0e8dbd27b9ab06780ef575bacd20b1eddfb62a2708fc909,bec7dd5ec88dc2a0ccc7a07879d338395ed7421750f675fd0339e07dfe0648fa,benign calibration only; conservative >= cutoff with ties,frozen decisions on grouped internal development holdout,withheld_family,1.0,rank_or,-0.0026047793499814897,0.009975961538461538,c0f7c1e058097afa40fd00696417cfdd945958df1d239373a7bbb49e9ab4fb9a,,,
0.9928118096707458,0.9516351292306658,0.9717874794069192,0.04927884615384615,49.27884615384615,0.9915628579147804,0.9986927206119659,0,0,0,0,0,0,,no_recovery_no_added_fp,0.9483125205881472,fusion_control,Exploits,123,0.05,0.6975198279468297,0.04991023339317774,True,0b7faf22430359c6f3a96ed9e2c6945a109e3741b71552707344e8dbb69c67dc,ee3738e4ad71d95be0e8dbd27b9ab06780ef575bacd20b1eddfb62a2708fc909,bec7dd5ec88dc2a0ccc7a07879d338395ed7421750f675fd0339e07dfe0648fa,benign calibration only; conservative >= cutoff with ties,frozen decisions on grouped internal development holdout,withheld_family,1.0,['lightgbm'],0.0,0.0,c0f7c1e058097afa40fd00696417cfdd945958df1d239373a7bbb49e9ab4fb9a,,,
0.9928922337200794,0.957785769502235,0.9750230950833134,0.04903846153846154,49.03846153846154,0.9912400943246834,0.9985624612097628,447,81,24,26,-2,366,18.625,finite,0.9586440271913276,fusion_latent,Exploits,123,0.05,0.6932570994609301,0.04991023339317774,True,0b7faf22430359c6f3a96ed9e2c6945a109e3741b71552707344e8dbb69c67dc,ee3738e4ad71d95be0e8dbd27b9ab06780ef575bacd20b1eddfb62a2708fc909,bec7dd5ec88dc2a0ccc7a07879d338395ed7421750f675fd0339e07dfe0648fa,benign calibration only; conservative >= cutoff with ties,frozen decisions on grouped internal development holdout,withheld_family,1.0,"['lightgbm', 'ae_latent']",0.006150640271569197,-0.00024038461538461453,c0f7c1e058097afa40fd00696417cfdd945958df1d239373a7bbb49e9ab4fb9a,,,
0.9930394025778695,0.9542062985245185,0.9732356344003085,0.04783653846153846,47.83653846153846,0.9914964861332664,0.9983914055093565,198,45,9,21,-12,153,22.0,finite,0.9529542119605905,fusion_ae_plain,Exploits,123,0.05,0.6650369755215723,0.04991023339317774,True,0b7faf22430359c6f3a96ed9e2c6945a109e3741b71552707344e8dbb69c67dc,ee3738e4ad71d95be0e8dbd27b9ab06780ef575bacd20b1eddfb62a2708fc909,bec7dd5ec88dc2a0ccc7a07879d338395ed7421750f675fd0339e07dfe0648fa,benign calibration only; conservative >= cutoff with ties,frozen decisions on grouped internal development holdout,withheld_family,1.0,"['lightgbm', 'ae_plain']",0.002571169293852704,-0.0014423076923076941,c0f7c1e058097afa40fd00696417cfdd945958df1d239373a7bbb49e9ab4fb9a,,,
0.9928285465622281,0.9585251907370685,0.9753753548342966,0.04951923076923077,49.51923076923077,0.9915008974531332,0.9984349512599222,465,55,28,26,2,410,16.607142857142858,finite,0.9599317222172311,fusion_ae_plain_latent,Exploits,123,0.05,0.6661806606878149,0.04991023339317774,True,0b7faf22430359c6f3a96ed9e2c6945a109e3741b71552707344e8dbb69c67dc,ee3738e4ad71d95be0e8dbd27b9ab06780ef575bacd20b1eddfb62a2708fc909,bec7dd5ec88dc2a0ccc7a07879d338395ed7421750f675fd0339e07dfe0648fa,benign calibration only; conservative >= cutoff with ties,frozen decisions on grouped internal development holdout,withheld_family,1.0,"['lightgbm', 'ae_plain', 'ae_latent']",0.0068900615064027,0.00024038461538461453,c0f7c1e058097afa40fd00696417cfdd945958df1d239373a7bbb49e9ab4fb9a,,,
0.9929253072363503,0.9599368130944779,0.9761524330328534,0.04891826923076923,48.91826923076923,0.9912600502955101,0.9985248883300596,535,41,10,13,-3,494,53.5,finite,0.9631958793759171,fusion_ae_denoising,Exploits,123,0.05,0.6637819070474468,0.04991023339317774,True,0b7faf22430359c6f3a96ed9e2c6945a109e3741b71552707344e8dbb69c67dc,ee3738e4ad71d95be0e8dbd27b9ab06780ef575bacd20b1eddfb62a2708fc909,bec7dd5ec88dc2a0ccc7a07879d338395ed7421750f675fd0339e07dfe0648fa,benign calibration only; conservative >= cutoff with ties,frozen decisions on grouped internal development holdout,withheld_family,1.0,"['lightgbm', 'ae_denoising']",0.008301683863812026,-0.0003605769230769218,c0f7c1e058097afa40fd00696417cfdd945958df1d239373a7bbb49e9ab4fb9a,,,
0.9929048414023373,0.9594998823648035,0.9759165883257841,0.04903846153846154,49.03846153846154,0.9913059066118737,0.9985835025031067,535,67,24,26,-2,468,22.291666666666668,finite,0.961968077141916,fusion_ae_denoising_latent,Exploits,123,0.05,0.6865751043930484,0.04991023339317774,True,0b7faf22430359c6f3a96ed9e2c6945a109e3741b71552707344e8dbb69c67dc,ee3738e4ad71d95be0e8dbd27b9ab06780ef575bacd20b1eddfb62a2708fc909,bec7dd5ec88dc2a0ccc7a07879d338395ed7421750f675fd0339e07dfe0648fa,benign calibration only; conservative >= cutoff with ties,frozen decisions on grouped internal development holdout,withheld_family,1.0,"['lightgbm', 'ae_denoising', 'ae_latent']",0.007864753134137703,-0.00024038461538461453,c0f7c1e058097afa40fd00696417cfdd945958df1d239373a7bbb49e9ab4fb9a,,,
0.9927481783074423,0.9547272543945149,0.9733665715778743,0.049879807692307696,49.87980769230769,0.9912548603292104,0.9985382324639256,192,8,8,3,5,184,24.0,finite,0.9534633006917618,fusion_ae_scaled,Exploits,123,0.05,0.6741934737446343,0.04973070017953321,True,0b7faf22430359c6f3a96ed9e2c6945a109e3741b71552707344e8dbb69c67dc,ee3738e4ad71d95be0e8dbd27b9ab06780ef575bacd20b1eddfb62a2708fc909,bec7dd5ec88dc2a0ccc7a07879d338395ed7421750f675fd0339e07dfe0648fa,benign calibration only; conservative >= cutoff with ties,frozen decisions on grouped internal development holdout,withheld_family,1.0,"['lightgbm', 'ae_scaled']",0.0030921251638490466,0.0006009615384615433,c0f7c1e058097afa40fd00696417cfdd945958df1d239373a7bbb49e9ab4fb9a,,,
0.9929059471519208,0.9572984236883676,0.9747771180205,0.04891826923076923,48.91826923076923,0.9912253030722178,0.9985533939866638,421,84,23,26,-3,337,18.304347826086957,finite,0.9585541880034738,fusion_ae_scaled_latent,Exploits,123,0.05,0.6933625209898358,0.04991023339317774,True,0b7faf22430359c6f3a96ed9e2c6945a109e3741b71552707344e8dbb69c67dc,ee3738e4ad71d95be0e8dbd27b9ab06780ef575bacd20b1eddfb62a2708fc909,bec7dd5ec88dc2a0ccc7a07879d338395ed7421750f675fd0339e07dfe0648fa,benign calibration only; conservative >= cutoff with ties,frozen decisions on grouped internal development holdout,withheld_family,1.0,"['lightgbm', 'ae_scaled', 'ae_latent']",0.005663294457701751,-0.0003605769230769218,c0f7c1e058097afa40fd00696417cfdd945958df1d239373a7bbb49e9ab4fb9a,,,
0.9928111531817627,0.9561892918361173,0.97415615877826,0.04951923076923077,49.51923076923077,0.991672751083278,0.9987090513943735,271,0,2,0,2,271,135.5,finite,0.9561884227233253,selective_fusion,Exploits,123,0.05,0.8118902921848784,0.04991023339317774,True,0b7faf22430359c6f3a96ed9e2c6945a109e3741b71552707344e8dbb69c67dc,ee3738e4ad71d95be0e8dbd27b9ab06780ef575bacd20b1eddfb62a2708fc909,bec7dd5ec88dc2a0ccc7a07879d338395ed7421750f675fd0339e07dfe0648fa,benign calibration only; conservative >= cutoff with ties,frozen decisions on grouped internal development holdout,withheld_family,1.0,selective_fusion,0.004554162605451495,0.00024038461538461453,c0f7c1e058097afa40fd00696417cfdd945958df1d239373a7bbb49e9ab4fb9a,True,0.039792999734615045,budget-dependent conditional ranking
0.9929377794012768,0.9592814169999664,0.9758194794649344,0.04879807692307692,48.79807692307692,0.9917925525528777,0.9987266108910948,532,77,23,27,-4,455,23.130434782608695,finite,0.9618183451621597,selective_fusion_primary_0.75,Exploits,123,0.05,0.6900321386312279,0.04973070017953321,True,0b7faf22430359c6f3a96ed9e2c6945a109e3741b71552707344e8dbb69c67dc,ee3738e4ad71d95be0e8dbd27b9ab06780ef575bacd20b1eddfb62a2708fc909,bec7dd5ec88dc2a0ccc7a07879d338395ed7421750f675fd0339e07dfe0648fa,benign calibration only; conservative >= cutoff with ties,frozen decisions on grouped internal development holdout,withheld_family,0.75,selective_fusion_primary_0.75,0.0076462877693005415,-0.00048076923076922906,c0f7c1e058097afa40fd00696417cfdd945958df1d239373a7bbb49e9ab4fb9a,False,0.050909680653436734,budget-dependent conditional ranking
0.9929048414023373,0.9594998823648035,0.9759165883257841,0.04903846153846154,49.03846153846154,0.9918842066103869,0.9987404867582158,535,67,24,26,-2,468,22.291666666666668,finite,0.961968077141916,selective_fusion_primary_0.5,Exploits,123,0.05,0.6865751043930484,0.04991023339317774,True,0b7faf22430359c6f3a96ed9e2c6945a109e3741b71552707344e8dbb69c67dc,ee3738e4ad71d95be0e8dbd27b9ab06780ef575bacd20b1eddfb62a2708fc909,bec7dd5ec88dc2a0ccc7a07879d338395ed7421750f675fd0339e07dfe0648fa,benign calibration only; conservative >= cutoff with ties,frozen decisions on grouped internal development holdout,withheld_family,0.5,selective_fusion_primary_0.5,0.007864753134137703,-0.00024038461538461453,c0f7c1e058097afa40fd00696417cfdd945958df1d239373a7bbb49e9ab4fb9a,False,0.06450328782472799,budget-dependent conditional ranking
0.996301277740417,0.8962793667865425,0.9436472690599621,0.023798076923076922,23.798076923076923,0.9881568099790842,0.9979188062470716,2068,0,130,0,130,2068,15.907692307692308,finite,0.9045308897074237,naive_or,Exploits,123,0.01,,,False,0b7faf22430359c6f3a96ed9e2c6945a109e3741b71552707344e8dbb69c67dc,ee3738e4ad71d95be0e8dbd27b9ab06780ef575bacd20b1eddfb62a2708fc909,bec7dd5ec88dc2a0ccc7a07879d338395ed7421750f675fd0339e07dfe0648fa,benign calibration only; conservative >= cutoff with ties,frozen decisions on grouped internal development holdout,withheld_family,1.0,naive_or,0.03475279803717268,0.015624999999999998,c0f7c1e058097afa40fd00696417cfdd945958df1d239373a7bbb49e9ab4fb9a,,,rank_or (naive OR has two cutoffs)
0.990458651232132,0.9489967398245555,0.9692845066554526,0.06538461538461539,65.38461538461539,0.9881568099790842,0.9979188062470716,1138,0,319,0,319,1138,3.5673981191222572,finite,0.9573862785613751,naive_or,Exploits,123,0.03,,,False,0b7faf22430359c6f3a96ed9e2c6945a109e3741b71552707344e8dbb69c67dc,ee3738e4ad71d95be0e8dbd27b9ab06780ef575bacd20b1eddfb62a2708fc909,bec7dd5ec88dc2a0ccc7a07879d338395ed7421750f675fd0339e07dfe0648fa,benign calibration only; conservative >= cutoff with ties,frozen decisions on grouped internal development holdout,withheld_family,1.0,naive_or,0.019124121937283634,0.038341346153846156,c0f7c1e058097afa40fd00696417cfdd945958df1d239373a7bbb49e9ab4fb9a,,,rank_or (naive OR has two cutoffs)
0.9853019271948608,0.9665747991799146,0.9758485252076247,0.103125,103.125,0.9881568099790842,0.9979188062470716,889,0,448,0,448,889,1.984375,finite,0.9722396909531937,naive_or,Exploits,123,0.05,,,False,0b7faf22430359c6f3a96ed9e2c6945a109e3741b71552707344e8dbb69c67dc,ee3738e4ad71d95be0e8dbd27b9ab06780ef575bacd20b1eddfb62a2708fc909,bec7dd5ec88dc2a0ccc7a07879d338395ed7421750f675fd0339e07dfe0648fa,benign calibration only; conservative >= cutoff with ties,frozen decisions on grouped internal development holdout,withheld_family,1.0,naive_or,0.01493966994924878,0.05384615384615384,c0f7c1e058097afa40fd00696417cfdd945958df1d239373a7bbb49e9ab4fb9a,,,rank_or (naive OR has two cutoffs)
0.9986354697596018,0.8353363770645897,0.909715748103464,0.008107785859067605,8.107785859067604,0.9907413295439276,0.998522866014004,0,0,0,0,0,0,,no_recovery_no_added_fp,0.8159195040876831,lightgbm,Exploits,2026,0.01,0.9122727080117081,0.009831962817304255,True,0b7faf22430359c6f3a96ed9e2c6945a109e3741b71552707344e8dbb69c67dc,54f6929fbfe4331db540dffcafb9fc3c7e20c6265676048d7f8c624ff91baa8c,bec7dd5ec88dc2a0ccc7a07879d338395ed7421750f675fd0339e07dfe0648fa,benign calibration only; conservative >= cutoff with ties,frozen decisions on grouped internal development holdout,withheld_family,1.0,lightgbm,0.0,0.0,cbc23ece7b076af2531644e8c8cb76914d1147ca0c34df1a63382752384445f1,,,
0.994786067512363,0.3106452262656103,0.47344589409056026,0.011565518063669965,11.565518063669966,0.9421084136650638,0.989840898156779,1751,33010,89,60,29,-31259,19.674157303370787,finite,0.2841613511813853,ae_plain,Exploits,2026,0.01,0.07679383456707002,0.010010725777618877,False,0b7faf22430359c6f3a96ed9e2c6945a109e3741b71552707344e8dbb69c67dc,54f6929fbfe4331db540dffcafb9fc3c7e20c6265676048d7f8c624ff91baa8c,bec7dd5ec88dc2a0ccc7a07879d338395ed7421750f675fd0339e07dfe0648fa,benign calibration only; conservative >= cutoff with ties,frozen decisions on grouped internal development holdout,withheld_family,1.0,ae_plain,-0.5246911507989794,0.003457732204602361,cbc23ece7b076af2531644e8c8cb76914d1147ca0c34df1a63382752384445f1,,,
0.9897265028460364,0.1196622801127971,0.2135102352535977,0.008823178728985335,8.823178728985335,0.9188906242242286,0.9811844818345514,482,43119,74,68,6,-42637,6.513513513513513,finite,0.05692809870332106,ae_scaled,Exploits,2026,0.01,0.06173424050211907,0.010010725777618877,True,0b7faf22430359c6f3a96ed9e2c6945a109e3741b71552707344e8dbb69c67dc,54f6929fbfe4331db540dffcafb9fc3c7e20c6265676048d7f8c624ff91baa8c,bec7dd5ec88dc2a0ccc7a07879d338395ed7421750f675fd0339e07dfe0648fa,benign calibration only; conservative >= cutoff with ties,frozen decisions on grouped internal development holdout,withheld_family,1.0,ae_scaled,-0.7156740969517926,0.0007153928699177303,cbc23ece7b076af2531644e8c8cb76914d1147ca0c34df1a63382752384445f1,,,
0.9869151467089612,0.0417785685510944,0.08016361235466521,0.003934660784547514,3.934660784547514,0.8910836440395159,0.975270638986413,56,47333,33,68,-35,-47277,1.696969696969697,finite,0.018117569550504597,isolation_forest,Exploits,2026,0.01,0.6085114003506101,0.009831962817304255,True,0b7faf22430359c6f3a96ed9e2c6945a109e3741b71552707344e8dbb69c67dc,54f6929fbfe4331db540dffcafb9fc3c7e20c6265676048d7f8c624ff91baa8c,bec7dd5ec88dc2a0ccc7a07879d338395ed7421750f675fd0339e07dfe0648fa,benign calibration only; conservative >= cutoff with ties,frozen decisions on grouped internal development holdout,withheld_family,1.0,isolation_forest,-0.7935578085134953,-0.00417312507452009,cbc23ece7b076af2531644e8c8cb76914d1147ca0c34df1a63382752384445f1,,,
0.9959471097826638,0.3299818718947227,0.4957195990670113,0.009538571598903063,9.538571598903065,0.9042050269181737,0.9807528767805893,2603,32710,75,63,12,-30107,34.70666666666666,finite,0.4022699368131045,ae_denoising,Exploits,2026,0.01,0.6146944165229798,0.010010725777618877,True,0b7faf22430359c6f3a96ed9e2c6945a109e3741b71552707344e8dbb69c67dc,54f6929fbfe4331db540dffcafb9fc3c7e20c6265676048d7f8c624ff91baa8c,bec7dd5ec88dc2a0ccc7a07879d338395ed7421750f675fd0339e07dfe0648fa,benign calibration only; conservative >= cutoff with ties,frozen decisions on grouped internal development holdout,withheld_family,1.0,ae_denoising,-0.505354505169867,0.001430785739835459,cbc23ece7b076af2531644e8c8cb76914d1147ca0c34df1a63382752384445f1,,,
0.8571428571428571,0.002417080703639049,0.0048205677557579,0.002861571479670919,2.861571479670919,0.8844499970612247,0.9716666825322712,42,49664,24,68,-44,-49622,1.75,finite,0.004072709849369628,ae_latent,Exploits,2026,0.01,173.9829242726374,0.009831962817304255,True,0b7faf22430359c6f3a96ed9e2c6945a109e3741b71552707344e8dbb69c67dc,54f6929fbfe4331db540dffcafb9fc3c7e20c6265676048d7f8c624ff91baa8c,bec7dd5ec88dc2a0ccc7a07879d338395ed7421750f675fd0339e07dfe0648fa,benign calibration only; conservative >= cutoff with ties,frozen decisions on grouped internal development holdout,withheld_family,1.0,ae_latent,-0.8329192963609507,-0.005246214379396685,cbc23ece7b076af2531644e8c8cb76914d1147ca0c34df1a63382752384445f1,,,
0.9986362558305004,0.8481099771720155,0.9172384998003122,0.008227018004053894,8.227018004053892,0.9905855268170738,0.9983492997141327,2557,1796,24,23,1,761,106.54166666666667,finite,0.8590423142574791,learned_fusion,Exploits,2026,0.01,0.9305495446877144,0.009831962817304255,True,0b7faf22430359c6f3a96ed9e2c6945a109e3741b71552707344e8dbb69c67dc,54f6929fbfe4331db540dffcafb9fc3c7e20c6265676048d7f8c624ff91baa8c,bec7dd5ec88dc2a0ccc7a07879d338395ed7421750f675fd0339e07dfe0648fa,benign calibration only; conservative >= cutoff with ties,frozen decisions on grouped internal development holdout,withheld_family,1.0,learned_fusion,0.012773600107425787,0.00011923214498628897,cbc23ece7b076af2531644e8c8cb76914d1147ca0c34df1a63382752384445f1,,,
0.9982456929512843,0.7449979857660803,0.8532267056267903,0.009300107308930487,9.300107308930487,0.988457475391979,0.9979920473546267,2237,7619,46,36,10,-5382,48.630434782608695,finite,0.7605186715778756,rank_or,Exploits,2026,0.01,0.9947766570605189,0.00947443689667501,True,0b7faf22430359c6f3a96ed9e2c6945a109e3741b71552707344e8dbb69c67dc,54f6929fbfe4331db540dffcafb9fc3c7e20c6265676048d7f8c624ff91baa8c,bec7dd5ec88dc2a0ccc7a07879d338395ed7421750f675fd0339e07dfe0648fa,benign calibration only; conservative >= cutoff with ties,frozen decisions on grouped internal development holdout,withheld_family,1.0,rank_or,-0.0903383912985094,0.0011923214498628827,cbc23ece7b076af2531644e8c8cb76914d1147ca0c34df1a63382752384445f1,,,
0.9986354697596018,0.8353363770645897,0.909715748103464,0.008107785859067605,8.107785859067604,0.9907413295439276,0.998522866014004,0,0,0,0,0,0,,no_recovery_no_added_fp,0.8159195040876831,fusion_control,Exploits,2026,0.01,0.9515180033535796,0.009831962817304255,True,0b7faf22430359c6f3a96ed9e2c6945a109e3741b71552707344e8dbb69c67dc,54f6929fbfe4331db540dffcafb9fc3c7e20c6265676048d7f8c624ff91baa8c,bec7dd5ec88dc2a0ccc7a07879d338395ed7421750f675fd0339e07dfe0648fa,benign calibration only; conservative >= cutoff with ties,frozen decisions on grouped internal development holdout,withheld_family,1.0,['lightgbm'],0.0,0.0,cbc23ece7b076af2531644e8c8cb76914d1147ca0c34df1a63382752384445f1,,,
0.9985544397972361,0.8696119242648046,0.9296333180810881,0.008942410873971622,8.942410873971623,0.9905309481305906,0.9983797286222991,2517,475,26,19,7,2042,96.8076923076923,finite,0.8659898781181685,fusion_latent,Exploits,2026,0.01,0.9330195261085561,0.009831962817304255,True,0b7faf22430359c6f3a96ed9e2c6945a109e3741b71552707344e8dbb69c67dc,54f6929fbfe4331db540dffcafb9fc3c7e20c6265676048d7f8c624ff91baa8c,bec7dd5ec88dc2a0ccc7a07879d338395ed7421750f675fd0339e07dfe0648fa,benign calibration only; conservative >= cutoff with ties,frozen decisions on grouped internal development holdout,withheld_family,1.0,"['lightgbm', 'ae_latent']",0.03427554720021486,0.0008346250149040176,cbc23ece7b076af2531644e8c8cb76914d1147ca0c34df1a63382752384445f1,,,
0.9985495629604183,0.8782395595541829,0.934538374979906,0.009061643018957911,9.061643018957911,0.9916174814722262,0.9985112369078448,2691,135,11,3,8,2556,244.63636363636363,finite,0.8656005749708022,fusion_ae_plain,Exploits,2026,0.01,0.9293120944895084,0.009831962817304255,True,0b7faf22430359c6f3a96ed9e2c6945a109e3741b71552707344e8dbb69c67dc,54f6929fbfe4331db540dffcafb9fc3c7e20c6265676048d7f8c624ff91baa8c,bec7dd5ec88dc2a0ccc7a07879d338395ed7421750f675fd0339e07dfe0648fa,benign calibration only; conservative >= cutoff with ties,frozen decisions on grouped internal development holdout,withheld_family,1.0,"['lightgbm', 'ae_plain']",0.04290318248959313,0.0009538571598903065,cbc23ece7b076af2531644e8c8cb76914d1147ca0c34df1a63382752384445f1,,,
0.9987029336588715,0.8788438297300927,0.9349475902216032,0.008107785859067605,8.107785859067604,0.9911049299473923,0.9984461872761039,3081,489,21,21,0,2592,146.71428571428572,finite,0.8758721887820801,fusion_ae_plain_latent,Exploits,2026,0.01,0.9258005624678938,0.009831962817304255,True,0b7faf22430359c6f3a96ed9e2c6945a109e3741b71552707344e8dbb69c67dc,54f6929fbfe4331db540dffcafb9fc3c7e20c6265676048d7f8c624ff91baa8c,bec7dd5ec88dc2a0ccc7a07879d338395ed7421750f675fd0339e07dfe0648fa,benign calibration only; conservative >= cutoff with ties,frozen decisions on grouped internal development holdout,withheld_family,1.0,"['lightgbm', 'ae_plain', 'ae_latent']",0.04350745266550293,0.0,cbc23ece7b076af2531644e8c8cb76914d1147ca0c34df1a63382752384445f1,,,
0.9984214522639172,0.8387102188800859,0.9116235792085531,0.009419339453916776,9.419339453916775,0.9904173397657745,0.9982940653335678,2464,2263,20,9,11,201,123.2,finite,0.851046626538496,fusion_ae_denoising,Exploits,2026,0.01,0.9326692928337272,0.009831962817304255,True,0b7faf22430359c6f3a96ed9e2c6945a109e3741b71552707344e8dbb69c67dc,54f6929fbfe4331db540dffcafb9fc3c7e20c6265676048d7f8c624ff91baa8c,bec7dd5ec88dc2a0ccc7a07879d338395ed7421750f675fd0339e07dfe0648fa,benign calibration only; conservative >= cutoff with ties,frozen decisions on grouped internal development holdout,withheld_family,1.0,"['lightgbm', 'ae_denoising']",0.003373841815496159,0.0013115535948491717,cbc23ece7b076af2531644e8c8cb76914d1147ca0c34df1a63382752384445f1,,,
0.9986362558305004,0.8481099771720155,0.9172384998003122,0.008227018004053894,8.227018004053892,0.9905855268170738,0.9983492997141327,2557,1796,24,23,1,761,106.54166666666667,finite,0.8590423142574791,fusion_ae_denoising_latent,Exploits,2026,0.01,0.9305495446877144,0.009831962817304255,True,0b7faf22430359c6f3a96ed9e2c6945a109e3741b71552707344e8dbb69c67dc,54f6929fbfe4331db540dffcafb9fc3c7e20c6265676048d7f8c624ff91baa8c,bec7dd5ec88dc2a0ccc7a07879d338395ed7421750f675fd0339e07dfe0648fa,benign calibration only; conservative >= cutoff with ties,frozen decisions on grouped internal development holdout,withheld_family,1.0,"['lightgbm', 'ae_denoising', 'ae_latent']",0.012773600107425787,0.00011923214498628897,cbc23ece7b076af2531644e8c8cb76914d1147ca0c34df1a63382752384445f1,,,
0.998320655932036,0.848160333020008,0.917134793222677,0.010134732323834507,10.134732323834506,0.9902574883174672,0.9981148480568256,935,171,20,3,17,764,46.75,finite,0.8360734285628725,fusion_ae_scaled,Exploits,2026,0.01,0.9336513374985911,0.009831962817304255,False,0b7faf22430359c6f3a96ed9e2c6945a109e3741b71552707344e8dbb69c67dc,54f6929fbfe4331db540dffcafb9fc3c7e20c6265676048d7f8c624ff91baa8c,bec7dd5ec88dc2a0ccc7a07879d338395ed7421750f675fd0339e07dfe0648fa,benign calibration only; conservative >= cutoff with ties,frozen decisions on grouped internal development holdout,withheld_family,1.0,"['lightgbm', 'ae_scaled']",0.012823955955418298,0.002026946464766902,cbc23ece7b076af2531644e8c8cb76914d1147ca0c34df1a63382752384445f1,,,
0.9985792137018296,0.8612024976500604,0.9248170445942536,0.008703946583999046,8.703946583999047,0.9902635744083914,0.9980854422480949,1962,421,24,19,5,1541,81.75,finite,0.8576048872518193,fusion_ae_scaled_latent,Exploits,2026,0.01,0.9302425442371709,0.009831962817304255,True,0b7faf22430359c6f3a96ed9e2c6945a109e3741b71552707344e8dbb69c67dc,54f6929fbfe4331db540dffcafb9fc3c7e20c6265676048d7f8c624ff91baa8c,bec7dd5ec88dc2a0ccc7a07879d338395ed7421750f675fd0339e07dfe0648fa,benign calibration only; conservative >= cutoff with ties,frozen decisions on grouped internal development holdout,withheld_family,1.0,"['lightgbm', 'ae_scaled', 'ae_latent']",0.025866120585470664,0.0005961607249314414,cbc23ece7b076af2531644e8c8cb76914d1147ca0c34df1a63382752384445f1,,,
0.9985028193661287,0.8619746206526118,0.9252292668864746,0.0091808751639442,9.180875163944199,0.9913975416339453,0.9986214992950024,1587,0,9,0,9,1587,176.33333333333334,finite,0.859761027760309,selective_fusion,Exploits,2026,0.01,0.9643414341872543,0.009831962817304255,True,0b7faf22430359c6f3a96ed9e2c6945a109e3741b71552707344e8dbb69c67dc,54f6929fbfe4331db540dffcafb9fc3c7e20c6265676048d7f8c624ff91baa8c,bec7dd5ec88dc2a0ccc7a07879d338395ed7421750f675fd0339e07dfe0648fa,benign calibration only; conservative >= cutoff with ties,frozen decisions on grouped internal development holdout,withheld_family,1.0,selective_fusion,0.026638243588022026,0.0010730893048765955,cbc23ece7b076af2531644e8c8cb76914d1147ca0c34df1a63382752384445f1,True,0.13073289878316144,budget-dependent conditional ranking
0.9983112806452895,0.8434436685913791,0.9143662996997544,0.010134732323834507,10.134732323834506,0.9913518609284713,0.9986141100430355,2413,1930,23,6,17,483,104.91304347826087,finite,0.8546401940526458,selective_fusion_primary_0.75,Exploits,2026,0.01,0.936501480834018,0.009653199856989631,False,0b7faf22430359c6f3a96ed9e2c6945a109e3741b71552707344e8dbb69c67dc,54f6929fbfe4331db540dffcafb9fc3c7e20c6265676048d7f8c624ff91baa8c,bec7dd5ec88dc2a0ccc7a07879d338395ed7421750f675fd0339e07dfe0648fa,benign calibration only; conservative >= cutoff with ties,frozen decisions on grouped internal development holdout,withheld_family,0.75,selective_fusion_primary_0.75,0.00810729152678935,0.002026946464766902,cbc23ece7b076af2531644e8c8cb76914d1147ca0c34df1a63382752384445f1,False,0.17012197813516178,budget-dependent conditional ranking
0.9985614673033506,0.8389116422720558,0.9118009249546188,0.008584714439012759,8.584714439012759,0.9914050126557867,0.9986228367144203,2478,2265,23,19,4,213,107.73913043478261,finite,0.8506573233911299,selective_fusion_primary_0.5,Exploits,2026,0.01,0.9330312385884737,0.009653199856989631,True,0b7faf22430359c6f3a96ed9e2c6945a109e3741b71552707344e8dbb69c67dc,54f6929fbfe4331db540dffcafb9fc3c7e20c6265676048d7f8c624ff91baa8c,bec7dd5ec88dc2a0ccc7a07879d338395ed7421750f675fd0339e07dfe0648fa,benign calibration only; conservative >= cutoff with ties,frozen decisions on grouped internal development holdout,withheld_family,0.5,selective_fusion_primary_0.5,0.003575265207466094,0.0004769285799451541,cbc23ece7b076af2531644e8c8cb76914d1147ca0c34df1a63382752384445f1,False,0.22784456248252727,budget-dependent conditional ranking
0.9956492817719289,0.9295857392238486,0.9614840406600752,0.02885417908668177,28.854179086681768,0.9907413295439276,0.998522866014004,0,0,0,0,0,0,,no_recovery_no_added_fp,0.9248045997664182,lightgbm,Exploits,2026,0.03,0.7572871398583407,0.02985341437254201,True,0b7faf22430359c6f3a96ed9e2c6945a109e3741b71552707344e8dbb69c67dc,54f6929fbfe4331db540dffcafb9fc3c7e20c6265676048d7f8c624ff91baa8c,bec7dd5ec88dc2a0ccc7a07879d338395ed7421750f675fd0339e07dfe0648fa,benign calibration only; conservative >= cutoff with ties,frozen decisions on grouped internal development holdout,withheld_family,1.0,lightgbm,0.0,0.0,cbc23ece7b076af2531644e8c8cb76914d1147ca0c34df1a63382752384445f1,,,
0.9942796300549072,0.7993990868806231,0.8862526168876483,0.03266960772624299,32.669607726242994,0.9421084136650638,0.989840898156779,2046,9802,231,199,32,-7756,8.857142857142858,finite,0.7629742760458779,ae_plain,Exploits,2026,0.03,0.03430797159671784,0.03003217733285663,False,0b7faf22430359c6f3a96ed9e2c6945a109e3741b71552707344e8dbb69c67dc,54f6929fbfe4331db540dffcafb9fc3c7e20c6265676048d7f8c624ff91baa8c,bec7dd5ec88dc2a0ccc7a07879d338395ed7421750f675fd0339e07dfe0648fa,benign calibration only; conservative >= cutoff with ties,frozen decisions on grouped internal development holdout,withheld_family,1.0,ae_plain,-0.13018665234322546,0.0038154286395612226,cbc23ece7b076af2531644e8c8cb76914d1147ca0c34df1a63382752384445f1,,,
0.9855388377904195,0.3111487847455351,0.4729731453722013,0.03243114343627042,32.43114343627042,0.9188906242242286,0.9811844818345514,682,37526,249,219,30,-36844,2.7389558232931726,finite,0.30054202976671757,ae_scaled,Exploits,2026,0.03,0.024889452382922176,0.03003217733285663,False,0b7faf22430359c6f3a96ed9e2c6945a109e3741b71552707344e8dbb69c67dc,54f6929fbfe4331db540dffcafb9fc3c7e20c6265676048d7f8c624ff91baa8c,bec7dd5ec88dc2a0ccc7a07879d338395ed7421750f675fd0339e07dfe0648fa,benign calibration only; conservative >= cutoff with ties,frozen decisions on grouped internal development holdout,withheld_family,1.0,ae_scaled,-0.6184369544783135,0.003576964349588648,cbc23ece7b076af2531644e8c8cb76914d1147ca0c34df1a63382752384445f1,,,
0.9819795589026358,0.1838492010205452,0.3097129930722466,0.02396566114224395,23.96566114224395,0.8910836440395159,0.975270638986413,505,44933,186,227,-41,-44428,2.71505376344086,finite,0.11409576857425209,isolation_forest,Exploits,2026,0.03,0.5373344939129869,0.02985341437254201,True,0b7faf22430359c6f3a96ed9e2c6945a109e3741b71552707344e8dbb69c67dc,54f6929fbfe4331db540dffcafb9fc3c7e20c6265676048d7f8c624ff91baa8c,bec7dd5ec88dc2a0ccc7a07879d338395ed7421750f675fd0339e07dfe0648fa,benign calibration only; conservative >= cutoff with ties,frozen decisions on grouped internal development holdout,withheld_family,1.0,isolation_forest,-0.7457365382033034,-0.0048885179444378216,cbc23ece7b076af2531644e8c8cb76914d1147ca0c34df1a63382752384445f1,,,
0.990593016255268,0.44188935141667784,0.6111523818367537,0.029808036246572075,29.808036246572076,0.9042050269181737,0.9807528767805893,1339,30394,207,199,8,-29055,6.468599033816425,finite,0.537837271284401,ae_denoising,Exploits,2026,0.03,0.19122484326362613,0.03003217733285663,True,0b7faf22430359c6f3a96ed9e2c6945a109e3741b71552707344e8dbb69c67dc,54f6929fbfe4331db540dffcafb9fc3c7e20c6265676048d7f8c624ff91baa8c,bec7dd5ec88dc2a0ccc7a07879d338395ed7421750f675fd0339e07dfe0648fa,benign calibration only; conservative >= cutoff with ties,frozen decisions on grouped internal development holdout,withheld_family,1.0,ae_denoising,-0.48769638780717073,0.0009538571598903048,cbc23ece7b076af2531644e8c8cb76914d1147ca0c34df1a63382752384445f1,,,
0.9866711544934366,0.24602188800859406,0.3938412758124975,0.023607964707285083,23.607964707285085,0.8844499970612247,0.9716666825322712,910,41634,180,224,-44,-40724,5.055555555555555,finite,0.25849728985116643,ae_latent,Exploits,2026,0.03,32.03825002895127,0.02985341437254201,True,0b7faf22430359c6f3a96ed9e2c6945a109e3741b71552707344e8dbb69c67dc,54f6929fbfe4331db540dffcafb9fc3c7e20c6265676048d7f8c624ff91baa8c,bec7dd5ec88dc2a0ccc7a07879d338395ed7421750f675fd0339e07dfe0648fa,benign calibration only; conservative >= cutoff with ties,frozen decisions on grouped internal development holdout,withheld_family,1.0,ae_latent,-0.6835638512152545,-0.005246214379396687,cbc23ece7b076af2531644e8c8cb76914d1147ca0c34df1a63382752384445f1,,,
0.9957325494918016,0.943886800053713,0.9691167600172339,0.028734946941695483,28.73494694169548,0.9905855268170738,0.9983492997141327,951,99,15,16,-1,852,63.4,finite,0.949630162010002,learned_fusion,Exploits,2026,0.03,0.8093119666262097,0.02985341437254201,True,0b7faf22430359c6f3a96ed9e2c6945a109e3741b71552707344e8dbb69c67dc,54f6929fbfe4331db540dffcafb9fc3c7e20c6265676048d7f8c624ff91baa8c,bec7dd5ec88dc2a0ccc7a07879d338395ed7421750f675fd0339e07dfe0648fa,benign calibration only; conservative >= cutoff with ties,frozen decisions on grouped internal development holdout,withheld_family,1.0,learned_fusion,0.014301060829864376,-0.00011923214498628723,cbc23ece7b076af2531644e8c8cb76914d1147ca0c34df1a63382752384445f1,,,
0.9961013645224172,0.9263461796696656,0.9599582536093234,0.025754143317038274,25.754143317038274,0.988457475391979,0.9979920473546267,1068,1261,86,112,-26,-193,12.418604651162791,finite,0.9348665888060372,rank_or,Exploits,2026,0.03,0.9852305475504324,0.02985341437254201,True,0b7faf22430359c6f3a96ed9e2c6945a109e3741b71552707344e8dbb69c67dc,54f6929fbfe4331db540dffcafb9fc3c7e20c6265676048d7f8c624ff91baa8c,bec7dd5ec88dc2a0ccc7a07879d338395ed7421750f675fd0339e07dfe0648fa,benign calibration only; conservative >= cutoff with ties,frozen decisions on grouped internal development holdout,withheld_family,1.0,rank_or,-0.0032395595541829802,-0.0031000357696434958,cbc23ece7b076af2531644e8c8cb76914d1147ca0c34df1a63382752384445f1,,,
0.9956492817719289,0.9295857392238486,0.9614840406600752,0.02885417908668177,28.854179086681768,0.9907413295439276,0.998522866014004,0,0,0,0,0,0,,no_recovery_no_added_fp,0.9248045997664182,fusion_control,Exploits,2026,0.03,0.8513165398693316,0.02985341437254201,True,0b7faf22430359c6f3a96ed9e2c6945a109e3741b71552707344e8dbb69c67dc,54f6929fbfe4331db540dffcafb9fc3c7e20c6265676048d7f8c624ff91baa8c,bec7dd5ec88dc2a0ccc7a07879d338395ed7421750f675fd0339e07dfe0648fa,benign calibration only; conservative >= cutoff with ties,frozen decisions on grouped internal development holdout,withheld_family,1.0,['lightgbm'],0.0,0.0,cbc23ece7b076af2531644e8c8cb76914d1147ca0c34df1a63382752384445f1,,,
0.995695175750676,0.9395394118436955,0.966802542489982,0.02885417908668177,28.854179086681768,0.9905309481305906,0.9983797286222991,696,103,16,16,0,593,43.5,finite,0.9414248495193603,fusion_latent,Exploits,2026,0.03,0.8169109928596296,0.02985341437254201,True,0b7faf22430359c6f3a96ed9e2c6945a109e3741b71552707344e8dbb69c67dc,54f6929fbfe4331db540dffcafb9fc3c7e20c6265676048d7f8c624ff91baa8c,bec7dd5ec88dc2a0ccc7a07879d338395ed7421750f675fd0339e07dfe0648fa,benign calibration only; conservative >= cutoff with ties,frozen decisions on grouped internal development holdout,withheld_family,1.0,"['lightgbm', 'ae_latent']",0.00995367261984692,0.0,cbc23ece7b076af2531644e8c8cb76914d1147ca0c34df1a63382752384445f1,,,
0.9956210119930651,0.9350073855243722,0.9643626920579961,0.029211875521640635,29.211875521640636,0.9916174814722262,0.9985112369078448,378,55,12,9,3,323,31.5,finite,0.9335489473841823,fusion_ae_plain,Exploits,2026,0.03,0.8107219616097564,0.02985341437254201,True,0b7faf22430359c6f3a96ed9e2c6945a109e3741b71552707344e8dbb69c67dc,54f6929fbfe4331db540dffcafb9fc3c7e20c6265676048d7f8c624ff91baa8c,bec7dd5ec88dc2a0ccc7a07879d338395ed7421750f675fd0339e07dfe0648fa,benign calibration only; conservative >= cutoff with ties,frozen decisions on grouped internal development holdout,withheld_family,1.0,"['lightgbm', 'ae_plain']",0.005421646300523664,0.00035769643495886516,cbc23ece7b076af2531644e8c8cb76914d1147ca0c34df1a63382752384445f1,,,
0.9956459925359872,0.9403954612595676,0.9672323602023376,0.029211875521640635,29.211875521640636,0.9911049299473923,0.9984461872761039,740,96,18,15,3,644,41.111111111111114,finite,0.942952115712874,fusion_ae_plain_latent,Exploits,2026,0.03,0.8022706057741469,0.02985341437254201,True,0b7faf22430359c6f3a96ed9e2c6945a109e3741b71552707344e8dbb69c67dc,54f6929fbfe4331db540dffcafb9fc3c7e20c6265676048d7f8c624ff91baa8c,bec7dd5ec88dc2a0ccc7a07879d338395ed7421750f675fd0339e07dfe0648fa,benign calibration only; conservative >= cutoff with ties,frozen decisions on grouped internal development holdout,withheld_family,1.0,"['lightgbm', 'ae_plain', 'ae_latent']",0.01080972203571906,0.00035769643495886516,cbc23ece7b076af2531644e8c8cb76914d1147ca0c34df1a63382752384445f1,,,
0.9957105127886985,0.9429132536591917,0.9685929323321235,0.02885417908668177,28.854179086681768,0.9904173397657745,0.9982940653335678,873,79,12,12,0,794,72.75,finite,0.9485820381517085,fusion_ae_denoising,Exploits,2026,0.03,0.8097860225666559,0.02985341437254201,True,0b7faf22430359c6f3a96ed9e2c6945a109e3741b71552707344e8dbb69c67dc,54f6929fbfe4331db540dffcafb9fc3c7e20c6265676048d7f8c624ff91baa8c,bec7dd5ec88dc2a0ccc7a07879d338395ed7421750f675fd0339e07dfe0648fa,benign calibration only; conservative >= cutoff with ties,frozen decisions on grouped internal development holdout,withheld_family,1.0,"['lightgbm', 'ae_denoising']",0.01332751443534308,0.0,cbc23ece7b076af2531644e8c8cb76914d1147ca0c34df1a63382752384445f1,,,
0.9957325494918016,0.943886800053713,0.9691167600172339,0.028734946941695483,28.73494694169548,0.9905855268170738,0.9983492997141327,951,99,15,16,-1,852,63.4,finite,0.949630162010002,fusion_ae_denoising_latent,Exploits,2026,0.03,0.8093119666262097,0.02985341437254201,True,0b7faf22430359c6f3a96ed9e2c6945a109e3741b71552707344e8dbb69c67dc,54f6929fbfe4331db540dffcafb9fc3c7e20c6265676048d7f8c624ff91baa8c,bec7dd5ec88dc2a0ccc7a07879d338395ed7421750f675fd0339e07dfe0648fa,benign calibration only; conservative >= cutoff with ties,frozen decisions on grouped internal development holdout,withheld_family,1.0,"['lightgbm', 'ae_denoising', 'ae_latent']",0.014301060829864376,-0.00011923214498628723,cbc23ece7b076af2531644e8c8cb76914d1147ca0c34df1a63382752384445f1,,,
0.9955610445864432,0.9336142070632469,0.9635930529689463,0.0295695719565995,29.5695719565995,0.9902574883174672,0.9981148480568256,286,46,14,8,6,240,20.428571428571427,finite,0.9315724852514,fusion_ae_scaled,Exploits,2026,0.03,0.8159149898194267,0.02985341437254201,True,0b7faf22430359c6f3a96ed9e2c6945a109e3741b71552707344e8dbb69c67dc,54f6929fbfe4331db540dffcafb9fc3c7e20c6265676048d7f8c624ff91baa8c,bec7dd5ec88dc2a0ccc7a07879d338395ed7421750f675fd0339e07dfe0648fa,benign calibration only; conservative >= cutoff with ties,frozen decisions on grouped internal development holdout,withheld_family,1.0,"['lightgbm', 'ae_scaled']",0.004028467839398364,0.0007153928699177303,cbc23ece7b076af2531644e8c8cb76914d1147ca0c34df1a63382752384445f1,,,
0.9955847531556552,0.938649791862495,0.9662793209209901,0.0295695719565995,29.5695719565995,0.9902635744083914,0.9980854422480949,626,86,19,13,6,540,32.94736842105263,finite,0.9404366184529692,fusion_ae_scaled_latent,Exploits,2026,0.03,0.8105460939340324,0.02985341437254201,True,0b7faf22430359c6f3a96ed9e2c6945a109e3741b71552707344e8dbb69c67dc,54f6929fbfe4331db540dffcafb9fc3c7e20c6265676048d7f8c624ff91baa8c,bec7dd5ec88dc2a0ccc7a07879d338395ed7421750f675fd0339e07dfe0648fa,benign calibration only; conservative >= cutoff with ties,frozen decisions on grouped internal development holdout,withheld_family,1.0,"['lightgbm', 'ae_scaled', 'ae_latent']",0.009064052638646403,0.0007153928699177303,cbc23ece7b076af2531644e8c8cb76914d1147ca0c34df1a63382752384445f1,,,
0.9956581312169689,0.9391869209077481,0.966598429685678,0.029092643376654344,29.092643376654348,0.9910893594812987,0.9985740688925024,572,0,2,0,2,572,286.0,finite,0.9413050639355554,selective_fusion,Exploits,2026,0.03,0.8982110628059218,0.02985341437254201,True,0b7faf22430359c6f3a96ed9e2c6945a109e3741b71552707344e8dbb69c67dc,54f6929fbfe4331db540dffcafb9fc3c7e20c6265676048d7f8c624ff91baa8c,bec7dd5ec88dc2a0ccc7a07879d338395ed7421750f675fd0339e07dfe0648fa,benign calibration only; conservative >= cutoff with ties,frozen decisions on grouped internal development holdout,withheld_family,1.0,selective_fusion,0.009601181683899562,0.00023846428997257446,cbc23ece7b076af2531644e8c8cb76914d1147ca0c34df1a63382752384445f1,True,0.05160160675661757,budget-dependent conditional ranking
0.9957669146298265,0.943685376661743,0.9690268537350477,0.028496482651722905,28.496482651722904,0.9911876395427973,0.9985889094810477,939,99,13,16,-3,840,72.23076923076923,finite,0.9492708052585871,selective_fusion_primary_0.75,Exploits,2026,0.03,0.8126919147797014,0.029674651412227387,True,0b7faf22430359c6f3a96ed9e2c6945a109e3741b71552707344e8dbb69c67dc,54f6929fbfe4331db540dffcafb9fc3c7e20c6265676048d7f8c624ff91baa8c,bec7dd5ec88dc2a0ccc7a07879d338395ed7421750f675fd0339e07dfe0648fa,benign calibration only; conservative >= cutoff with ties,frozen decisions on grouped internal development holdout,withheld_family,0.75,selective_fusion_primary_0.75,0.014099637437894441,-0.00035769643495886516,cbc23ece7b076af2531644e8c8cb76914d1147ca0c34df1a63382752384445f1,False,0.0623574592057443,budget-dependent conditional ranking
0.9957673644316934,0.9437860883577279,0.9690801606314955,0.028496482651722905,28.496482651722904,0.9913257373688417,0.9986101870992083,949,103,14,17,-3,846,67.78571428571429,finite,0.9494504836342946,selective_fusion_primary_0.5,Exploits,2026,0.03,0.8107109657081369,0.029674651412227387,True,0b7faf22430359c6f3a96ed9e2c6945a109e3741b71552707344e8dbb69c67dc,54f6929fbfe4331db540dffcafb9fc3c7e20c6265676048d7f8c624ff91baa8c,bec7dd5ec88dc2a0ccc7a07879d338395ed7421750f675fd0339e07dfe0648fa,benign calibration only; conservative >= cutoff with ties,frozen decisions on grouped internal development holdout,withheld_family,0.5,selective_fusion_primary_0.5,0.014200349133879353,-0.00035769643495886516,cbc23ece7b076af2531644e8c8cb76914d1147ca0c34df1a63382752384445f1,False,0.08133837529243854,budget-dependent conditional ranking
0.9932868214329649,0.948720961460991,0.9704925351350887,0.04554667938476213,45.54667938476213,0.9907413295439276,0.998522866014004,0,0,0,0,0,0,,no_recovery_no_added_fp,0.9465456832270236,lightgbm,Exploits,2026,0.05,0.6450927234661146,0.04987486592777977,True,0b7faf22430359c6f3a96ed9e2c6945a109e3741b71552707344e8dbb69c67dc,54f6929fbfe4331db540dffcafb9fc3c7e20c6265676048d7f8c624ff91baa8c,bec7dd5ec88dc2a0ccc7a07879d338395ed7421750f675fd0339e07dfe0648fa,benign calibration only; conservative >= cutoff with ties,frozen decisions on grouped internal development holdout,withheld_family,1.0,lightgbm,0.0,0.0,cbc23ece7b076af2531644e8c8cb76914d1147ca0c34df1a63382752384445f1,,,
0.9920299316016135,0.8545051698670606,0.9181463212285716,0.04876594729939192,48.76594729939192,0.9421084136650638,0.989840898156779,1575,7188,327,300,27,-5613,4.81651376146789,finite,0.8424819572964394,ae_plain,Exploits,2026,0.05,0.024524860084056858,0.050053628888094386,True,0b7faf22430359c6f3a96ed9e2c6945a109e3741b71552707344e8dbb69c67dc,54f6929fbfe4331db540dffcafb9fc3c7e20c6265676048d7f8c624ff91baa8c,bec7dd5ec88dc2a0ccc7a07879d338395ed7421750f675fd0339e07dfe0648fa,benign calibration only; conservative >= cutoff with ties,frozen decisions on grouped internal development holdout,withheld_family,1.0,ae_plain,-0.09421579159393045,0.0032192679146297865,cbc23ece7b076af2531644e8c8cb76914d1147ca0c34df1a63382752384445f1,,,
0.981576512156137,0.39170135625083924,0.5599520095980803,0.05222367950399428,52.223679503994276,0.9188906242242286,0.9811844818345514,884,34069,387,331,56,-33185,2.2842377260981914,finite,0.4148773695085796,ae_scaled,Exploits,2026,0.05,0.01900969445705414,0.050053628888094386,False,0b7faf22430359c6f3a96ed9e2c6945a109e3741b71552707344e8dbb69c67dc,54f6929fbfe4331db540dffcafb9fc3c7e20c6265676048d7f8c624ff91baa8c,bec7dd5ec88dc2a0ccc7a07879d338395ed7421750f675fd0339e07dfe0648fa,benign calibration only; conservative >= cutoff with ties,frozen decisions on grouped internal development holdout,withheld_family,1.0,ae_scaled,-0.5570196052101518,0.006677000119232147,cbc23ece7b076af2531644e8c8cb76914d1147ca0c34df1a63382752384445f1,,,
0.9753691275167785,0.2439405129582382,0.39027337665825235,0.043758197209967806,43.758197209967804,0.8910836440395159,0.975270638986413,589,42577,321,336,-15,-41988,1.8348909657320873,finite,0.18800347378193036,isolation_forest,Exploits,2026,0.05,0.5122844969432638,0.04987486592777977,True,0b7faf22430359c6f3a96ed9e2c6945a109e3741b71552707344e8dbb69c67dc,54f6929fbfe4331db540dffcafb9fc3c7e20c6265676048d7f8c624ff91baa8c,bec7dd5ec88dc2a0ccc7a07879d338395ed7421750f675fd0339e07dfe0648fa,benign calibration only; conservative >= cutoff with ties,frozen decisions on grouped internal development holdout,withheld_family,1.0,isolation_forest,-0.7047804485027529,-0.0017884821747943258,cbc23ece7b076af2531644e8c8cb76914d1147ca0c34df1a63382752384445f1,,,
0.9866926898509581,0.46671478447697057,0.6336888645790602,0.04471205436985811,44.712054369858116,0.9042050269181737,0.9807528767805893,974,29690,300,307,-7,-28716,3.2466666666666666,finite,0.5689515766777469,ae_denoising,Exploits,2026,0.05,0.1171587109565735,0.050053628888094386,True,0b7faf22430359c6f3a96ed9e2c6945a109e3741b71552707344e8dbb69c67dc,54f6929fbfe4331db540dffcafb9fc3c7e20c6265676048d7f8c624ff91baa8c,bec7dd5ec88dc2a0ccc7a07879d338395ed7421750f675fd0339e07dfe0648fa,benign calibration only; conservative >= cutoff with ties,frozen decisions on grouped internal development holdout,withheld_family,1.0,ae_denoising,-0.4820061769840205,-0.000834625014904021,cbc23ece7b076af2531644e8c8cb76914d1147ca0c34df1a63382752384445f1,,,
0.9824455205811138,0.3541526789311132,0.5206287321719391,0.04495051865983069,44.95051865983069,0.8844499970612247,0.9716666825322712,912,36334,335,340,-5,-35422,2.7223880597014927,finite,0.4148474231126284,ae_latent,Exploits,2026,0.05,24.991229063936046,0.04987486592777977,True,0b7faf22430359c6f3a96ed9e2c6945a109e3741b71552707344e8dbb69c67dc,54f6929fbfe4331db540dffcafb9fc3c7e20c6265676048d7f8c624ff91baa8c,bec7dd5ec88dc2a0ccc7a07879d338395ed7421750f675fd0339e07dfe0648fa,benign calibration only; conservative >= cutoff with ties,frozen decisions on grouped internal development holdout,withheld_family,1.0,ae_latent,-0.5945682825298779,-0.0005961607249314396,cbc23ece7b076af2531644e8c8cb76914d1147ca0c34df1a63382752384445f1,,,
0.9933085890532699,0.9568114677051162,0.9747185007224507,0.045785143674734706,45.785143674734705,0.9905855268170738,0.9983492997141327,560,78,19,17,2,482,29.473684210526315,finite,0.9613392028269397,learned_fusion,Exploits,2026,0.05,0.6625137833425336,0.04987486592777977,True,0b7faf22430359c6f3a96ed9e2c6945a109e3741b71552707344e8dbb69c67dc,54f6929fbfe4331db540dffcafb9fc3c7e20c6265676048d7f8c624ff91baa8c,bec7dd5ec88dc2a0ccc7a07879d338395ed7421750f675fd0339e07dfe0648fa,benign calibration only; conservative >= cutoff with ties,frozen decisions on grouped internal development holdout,withheld_family,1.0,learned_fusion,0.008090506244125106,0.00023846428997257446,cbc23ece7b076af2531644e8c8cb76914d1147ca0c34df1a63382752384445f1,,,
0.9929568806533766,0.9489391701356251,0.9704491421410854,0.047812090139501606,47.812090139501606,0.988457475391979,0.9979920473546267,747,734,155,136,19,13,4.819354838709677,finite,0.9574461713532776,rank_or,Exploits,2026,0.05,0.9728025936599425,0.049517340007150516,True,0b7faf22430359c6f3a96ed9e2c6945a109e3741b71552707344e8dbb69c67dc,54f6929fbfe4331db540dffcafb9fc3c7e20c6265676048d7f8c624ff91baa8c,bec7dd5ec88dc2a0ccc7a07879d338395ed7421750f675fd0339e07dfe0648fa,benign calibration only; conservative >= cutoff with ties,frozen decisions on grouped internal development holdout,withheld_family,1.0,rank_or,0.00021820867463406834,0.0022654107547394747,cbc23ece7b076af2531644e8c8cb76914d1147ca0c34df1a63382752384445f1,,,
0.9932868214329649,0.948720961460991,0.9704925351350887,0.04554667938476213,45.54667938476213,0.9907413295439276,0.998522866014004,0,0,0,0,0,0,,no_recovery_no_added_fp,0.9465456832270236,fusion_control,Exploits,2026,0.05,0.7012354472122219,0.04987486592777977,True,0b7faf22430359c6f3a96ed9e2c6945a109e3741b71552707344e8dbb69c67dc,54f6929fbfe4331db540dffcafb9fc3c7e20c6265676048d7f8c624ff91baa8c,bec7dd5ec88dc2a0ccc7a07879d338395ed7421750f675fd0339e07dfe0648fa,benign calibration only; conservative >= cutoff with ties,frozen decisions on grouped internal development holdout,withheld_family,1.0,['lightgbm'],0.0,0.0,cbc23ece7b076af2531644e8c8cb76914d1147ca0c34df1a63382752384445f1,,,
0.9933082903817594,0.954276890022828,0.9734014776005684,0.04566591152974842,45.66591152974842,0.9905309481305906,0.9983797286222991,418,87,22,21,1,331,19.0,finite,0.9565477794747402,fusion_latent,Exploits,2026,0.05,0.6774222013296285,0.04969610296746514,True,0b7faf22430359c6f3a96ed9e2c6945a109e3741b71552707344e8dbb69c67dc,54f6929fbfe4331db540dffcafb9fc3c7e20c6265676048d7f8c624ff91baa8c,bec7dd5ec88dc2a0ccc7a07879d338395ed7421750f675fd0339e07dfe0648fa,benign calibration only; conservative >= cutoff with ties,frozen decisions on grouped internal development holdout,withheld_family,1.0,"['lightgbm', 'ae_latent']",0.005555928561836954,0.0001192321449862907,cbc23ece7b076af2531644e8c8cb76914d1147ca0c34df1a63382752384445f1,,,
0.9931859585201793,0.9517087417752115,0.9720050744017006,0.04638130439966615,46.38130439966615,0.9916174814722262,0.9985112369078448,206,28,12,5,7,178,17.166666666666668,finite,0.951666516934687,fusion_ae_plain,Exploits,2026,0.05,0.6514110110441832,0.04987486592777977,True,0b7faf22430359c6f3a96ed9e2c6945a109e3741b71552707344e8dbb69c67dc,54f6929fbfe4331db540dffcafb9fc3c7e20c6265676048d7f8c624ff91baa8c,bec7dd5ec88dc2a0ccc7a07879d338395ed7421750f675fd0339e07dfe0648fa,benign calibration only; conservative >= cutoff with ties,frozen decisions on grouped internal development holdout,withheld_family,1.0,"['lightgbm', 'ae_plain']",0.002987780314220423,0.000834625014904021,cbc23ece7b076af2531644e8c8cb76914d1147ca0c34df1a63382752384445f1,,,
0.9932262569832402,0.9549483013293943,0.9737112343397002,0.04626207225467986,46.262072254679865,0.9911049299473923,0.9984461872761039,446,75,20,14,6,371,22.3,finite,0.9578354745006439,fusion_ae_plain_latent,Exploits,2026,0.05,0.6520466096468083,0.04987486592777977,True,0b7faf22430359c6f3a96ed9e2c6945a109e3741b71552707344e8dbb69c67dc,54f6929fbfe4331db540dffcafb9fc3c7e20c6265676048d7f8c624ff91baa8c,bec7dd5ec88dc2a0ccc7a07879d338395ed7421750f675fd0339e07dfe0648fa,benign calibration only; conservative >= cutoff with ties,frozen decisions on grouped internal development holdout,withheld_family,1.0,"['lightgbm', 'ae_plain', 'ae_latent']",0.006227339868403292,0.0007153928699177303,cbc23ece7b076af2531644e8c8cb76914d1147ca0c34df1a63382752384445f1,,,
0.9933754053205955,0.9564589767691688,0.9745677196463083,0.04530821509478956,45.30821509478955,0.9904173397657745,0.9982940653335678,521,60,11,13,-2,461,47.36363636363637,finite,0.9606803821160124,fusion_ae_denoising,Exploits,2026,0.05,0.652989958379405,0.04987486592777977,True,0b7faf22430359c6f3a96ed9e2c6945a109e3741b71552707344e8dbb69c67dc,54f6929fbfe4331db540dffcafb9fc3c7e20c6265676048d7f8c624ff91baa8c,bec7dd5ec88dc2a0ccc7a07879d338395ed7421750f675fd0339e07dfe0648fa,benign calibration only; conservative >= cutoff with ties,frozen decisions on grouped internal development holdout,withheld_family,1.0,"['lightgbm', 'ae_denoising']",0.007738015308177748,-0.00023846428997257446,cbc23ece7b076af2531644e8c8cb76914d1147ca0c34df1a63382752384445f1,,,
0.9933085890532699,0.9568114677051162,0.9747185007224507,0.045785143674734706,45.785143674734705,0.9905855268170738,0.9983492997141327,560,78,19,17,2,482,29.473684210526315,finite,0.9613392028269397,fusion_ae_denoising_latent,Exploits,2026,0.05,0.6625137833425336,0.04987486592777977,True,0b7faf22430359c6f3a96ed9e2c6945a109e3741b71552707344e8dbb69c67dc,54f6929fbfe4331db540dffcafb9fc3c7e20c6265676048d7f8c624ff91baa8c,bec7dd5ec88dc2a0ccc7a07879d338395ed7421750f675fd0339e07dfe0648fa,benign calibration only; conservative >= cutoff with ties,frozen decisions on grouped internal development holdout,withheld_family,1.0,"['lightgbm', 'ae_denoising', 'ae_latent']",0.008090506244125106,0.00023846428997257446,cbc23ece7b076af2531644e8c8cb76914d1147ca0c34df1a63382752384445f1,,,
0.9931989482909729,0.9510876863166375,0.971687273849742,0.04626207225467986,46.262072254679865,0.9902574883174672,0.9981148480568256,175,34,14,8,6,141,12.5,finite,0.950947803431857,fusion_ae_scaled,Exploits,2026,0.05,0.6618549034751365,0.04987486592777977,True,0b7faf22430359c6f3a96ed9e2c6945a109e3741b71552707344e8dbb69c67dc,54f6929fbfe4331db540dffcafb9fc3c7e20c6265676048d7f8c624ff91baa8c,bec7dd5ec88dc2a0ccc7a07879d338395ed7421750f675fd0339e07dfe0648fa,benign calibration only; conservative >= cutoff with ties,frozen decisions on grouped internal development holdout,withheld_family,1.0,"['lightgbm', 'ae_scaled']",0.002366724855646485,0.0007153928699177303,cbc23ece7b076af2531644e8c8cb76914d1147ca0c34df1a63382752384445f1,,,
0.993301385196586,0.9532865583456426,0.9728826915170619,0.04566591152974842,45.66591152974842,0.9902635744083914,0.9980854422480949,366,94,21,20,1,272,17.428571428571427,finite,0.9557691731800078,fusion_ae_scaled_latent,Exploits,2026,0.05,0.673535914802098,0.04987486592777977,True,0b7faf22430359c6f3a96ed9e2c6945a109e3741b71552707344e8dbb69c67dc,54f6929fbfe4331db540dffcafb9fc3c7e20c6265676048d7f8c624ff91baa8c,bec7dd5ec88dc2a0ccc7a07879d338395ed7421750f675fd0339e07dfe0648fa,benign calibration only; conservative >= cutoff with ties,frozen decisions on grouped internal development holdout,withheld_family,1.0,"['lightgbm', 'ae_scaled', 'ae_latent']",0.004565596884651524,0.0001192321449862907,cbc23ece7b076af2531644e8c8cb76914d1147ca0c34df1a63382752384445f1,,,
0.9933088106498511,0.9518598093191889,0.972142697958274,0.04554667938476213,45.54667938476213,0.9909446462085097,0.9985524503951644,187,0,0,0,0,187,,recovery_without_additional_fp,0.9520258736861019,selective_fusion,Exploits,2026,0.05,0.8910264765299263,0.04987486592777977,True,0b7faf22430359c6f3a96ed9e2c6945a109e3741b71552707344e8dbb69c67dc,54f6929fbfe4331db540dffcafb9fc3c7e20c6265676048d7f8c624ff91baa8c,bec7dd5ec88dc2a0ccc7a07879d338395ed7421750f675fd0339e07dfe0648fa,benign calibration only; conservative >= cutoff with ties,frozen decisions on grouped internal development holdout,withheld_family,1.0,selective_fusion,0.0031388478581978463,0.0,cbc23ece7b076af2531644e8c8cb76914d1147ca0c34df1a63382752384445f1,True,0.03821196827685652,budget-dependent conditional ranking
0.9933085890532699,0.9568114677051162,0.9747185007224507,0.045785143674734706,45.785143674734705,0.991035541306013,0.998565935030975,560,78,19,17,2,482,29.473684210526315,finite,0.9613392028269397,selective_fusion_primary_0.75,Exploits,2026,0.05,0.6625296050463475,0.04969610296746514,True,0b7faf22430359c6f3a96ed9e2c6945a109e3741b71552707344e8dbb69c67dc,54f6929fbfe4331db540dffcafb9fc3c7e20c6265676048d7f8c624ff91baa8c,bec7dd5ec88dc2a0ccc7a07879d338395ed7421750f675fd0339e07dfe0648fa,benign calibration only; conservative >= cutoff with ties,frozen decisions on grouped internal development holdout,withheld_family,0.75,selective_fusion_primary_0.75,0.008090506244125106,0.00023846428997257446,cbc23ece7b076af2531644e8c8cb76914d1147ca0c34df1a63382752384445f1,False,0.04603975692656298,budget-dependent conditional ranking
0.9933085890532699,0.9568114677051162,0.9747185007224507,0.045785143674734706,45.785143674734705,0.9911478628058294,0.9985829091373972,560,78,19,17,2,482,29.473684210526315,finite,0.9613392028269397,selective_fusion_primary_0.5,Exploits,2026,0.05,0.6625296050463475,0.04969610296746514,True,0b7faf22430359c6f3a96ed9e2c6945a109e3741b71552707344e8dbb69c67dc,54f6929fbfe4331db540dffcafb9fc3c7e20c6265676048d7f8c624ff91baa8c,bec7dd5ec88dc2a0ccc7a07879d338395ed7421750f675fd0339e07dfe0648fa,benign calibration only; conservative >= cutoff with ties,frozen decisions on grouped internal development holdout,withheld_family,0.5,selective_fusion_primary_0.5,0.008090506244125106,0.00023846428997257446,cbc23ece7b076af2531644e8c8cb76914d1147ca0c34df1a63382752384445f1,False,0.05731059547106514,budget-dependent conditional ranking
0.9972768129189519,0.8790284678393984,0.9344265220184141,0.017050196733039227,17.05019673303923,0.988457475391979,0.9979920473546267,2603,0,75,0,75,2603,34.70666666666666,finite,0.8888689246249214,naive_or,Exploits,2026,0.01,,,False,0b7faf22430359c6f3a96ed9e2c6945a109e3741b71552707344e8dbb69c67dc,54f6929fbfe4331db540dffcafb9fc3c7e20c6265676048d7f8c624ff91baa8c,bec7dd5ec88dc2a0ccc7a07879d338395ed7421750f675fd0339e07dfe0648fa,benign calibration only; conservative >= cutoff with ties,frozen decisions on grouped internal development holdout,withheld_family,1.0,naive_or,0.04369209077480862,0.008942410873971622,cbc23ece7b076af2531644e8c8cb76914d1147ca0c34df1a63382752384445f1,,,rank_or (naive OR has two cutoffs)
0.9921460931623782,0.9520612327111588,0.97169043642126,0.05353523309884345,53.53523309884345,0.988457475391979,0.9979920473546267,1339,0,207,0,207,1339,6.468599033816425,finite,0.960650435720061,naive_or,Exploits,2026,0.03,,,False,0b7faf22430359c6f3a96ed9e2c6945a109e3741b71552707344e8dbb69c67dc,54f6929fbfe4331db540dffcafb9fc3c7e20c6265676048d7f8c624ff91baa8c,bec7dd5ec88dc2a0ccc7a07879d338395ed7421750f675fd0339e07dfe0648fa,benign calibration only; conservative >= cutoff with ties,frozen decisions on grouped internal development holdout,withheld_family,1.0,naive_or,0.02247549348731026,0.02468105401216168,cbc23ece7b076af2531644e8c8cb76914d1147ca0c34df1a63382752384445f1,,,rank_or (naive OR has two cutoffs)
0.9882771542018324,0.9650698267758829,0.9765356296654862,0.08131632288064862,81.31632288064863,0.988457475391979,0.9979920473546267,974,0,300,0,300,974,3.2466666666666666,finite,0.9712215134908514,naive_or,Exploits,2026,0.05,,,False,0b7faf22430359c6f3a96ed9e2c6945a109e3741b71552707344e8dbb69c67dc,54f6929fbfe4331db540dffcafb9fc3c7e20c6265676048d7f8c624ff91baa8c,bec7dd5ec88dc2a0ccc7a07879d338395ed7421750f675fd0339e07dfe0648fa,benign calibration only; conservative >= cutoff with ties,frozen decisions on grouped internal development holdout,withheld_family,1.0,naive_or,0.01634886531489188,0.03576964349588649,cbc23ece7b076af2531644e8c8cb76914d1147ca0c34df1a63382752384445f1,,,rank_or (naive OR has two cutoffs)
0.9979618720950464,0.899621339427752,0.9462434012066365,0.009897404948702474,9.897404948702475,0.9940657899570955,0.9986939822710269,0,0,0,0,0,0,,no_recovery_no_added_fp,0.922945205479452,lightgbm,DoS,42,0.01,0.888830787140548,0.009949348769898697,True,0b7faf22430359c6f3a96ed9e2c6945a109e3741b71552707344e8dbb69c67dc,f16550cf45432a268deef56e9b1c170bb8023bc039b28ef9e2e2ecfa4b8a9bec,bec7dd5ec88dc2a0ccc7a07879d338395ed7421750f675fd0339e07dfe0648fa,benign calibration only; conservative >= cutoff with ties,frozen decisions on grouped internal development holdout,withheld_family,1.0,lightgbm,0.0,0.0,8252d24f33a979b3d955009ef1cb5b88f7dca06fafdef106655ae3acb6aa1f8e,,,
0.9914963064765504,0.2586318926306827,0.4102500310983953,0.011949305974652987,11.949305974652987,0.9339697137259113,0.98450711634671,521,29129,89,72,17,-28608,5.853932584269663,finite,0.16177429876060012,ae_plain,DoS,42,0.01,0.08425837755203248,0.010130246020260492,False,0b7faf22430359c6f3a96ed9e2c6945a109e3741b71552707344e8dbb69c67dc,f16550cf45432a268deef56e9b1c170bb8023bc039b28ef9e2e2ecfa4b8a9bec,bec7dd5ec88dc2a0ccc7a07879d338395ed7421750f675fd0339e07dfe0648fa,benign calibration only; conservative >= cutoff with ties,frozen decisions on grouped internal development holdout,withheld_family,1.0,ae_plain,-0.6409894467970694,0.0020519010259505126,8252d24f33a979b3d955009ef1cb5b88f7dca06fafdef106655ae3acb6aa1f8e,,,
0.9810267857142857,0.09847415473549775,0.1789823053898312,0.010259505129752565,10.259505129752565,0.9165221482825838,0.9723946135688165,28,35784,83,80,3,-35756,0.3373493975903614,finite,0.04827136333985649,ae_scaled,DoS,42,0.01,0.09202768653631212,0.010130246020260492,False,0b7faf22430359c6f3a96ed9e2c6945a109e3741b71552707344e8dbb69c67dc,f16550cf45432a268deef56e9b1c170bb8023bc039b28ef9e2e2ecfa4b8a9bec,bec7dd5ec88dc2a0ccc7a07879d338395ed7421750f675fd0339e07dfe0648fa,benign calibration only; conservative >= cutoff with ties,frozen decisions on grouped internal development holdout,withheld_family,1.0,ae_scaled,-0.8011471846922542,0.00036210018105009047,8252d24f33a979b3d955009ef1cb5b88f7dca06fafdef106655ae3acb6aa1f8e,,,
0.9890220820189275,0.1756178440993928,0.298272319050156,0.010500905250452625,10.500905250452625,0.9050079031346789,0.9734932123079332,323,32636,86,81,5,-32313,3.755813953488372,finite,0.06792237442922375,isolation_forest,DoS,42,0.01,0.5598243459503578,0.009949348769898697,False,0b7faf22430359c6f3a96ed9e2c6945a109e3741b71552707344e8dbb69c67dc,f16550cf45432a268deef56e9b1c170bb8023bc039b28ef9e2e2ecfa4b8a9bec,bec7dd5ec88dc2a0ccc7a07879d338395ed7421750f675fd0339e07dfe0648fa,benign calibration only; conservative >= cutoff with ties,frozen decisions on grouped internal development holdout,withheld_family,1.0,isolation_forest,-0.7240034953283592,0.0006035003017501508,8252d24f33a979b3d955009ef1cb5b88f7dca06fafdef106655ae3acb6aa1f8e,,,
0.9757387247278383,0.07028746835159419,0.1311290390001254,0.009414604707302354,9.414604707302354,0.8420705143269154,0.9500073820311827,87,37101,74,78,-4,-37014,1.1756756756756757,finite,0.07721787345075017,ae_denoising,DoS,42,0.01,1.4725911617279055,0.010130246020260492,True,0b7faf22430359c6f3a96ed9e2c6945a109e3741b71552707344e8dbb69c67dc,f16550cf45432a268deef56e9b1c170bb8023bc039b28ef9e2e2ecfa4b8a9bec,bec7dd5ec88dc2a0ccc7a07879d338395ed7421750f675fd0339e07dfe0648fa,benign calibration only; conservative >= cutoff with ties,frozen decisions on grouped internal development holdout,withheld_family,1.0,ae_denoising,-0.8293338710761579,-0.0004828002414001206,8252d24f33a979b3d955009ef1cb5b88f7dca06fafdef106655ae3acb6aa1f8e,,,
0.9573248407643312,0.03367614438394838,0.06506352676348996,0.008086904043452022,8.086904043452021,0.8777212125548995,0.9524153023830958,13,38661,64,79,-15,-38648,0.203125,finite,0.014024787997390736,ae_latent,DoS,42,0.01,76.24093612136136,0.009949348769898697,True,0b7faf22430359c6f3a96ed9e2c6945a109e3741b71552707344e8dbb69c67dc,f16550cf45432a268deef56e9b1c170bb8023bc039b28ef9e2e2ecfa4b8a9bec,bec7dd5ec88dc2a0ccc7a07879d338395ed7421750f675fd0339e07dfe0648fa,benign calibration only; conservative >= cutoff with ties,frozen decisions on grouped internal development holdout,withheld_family,1.0,ae_latent,-0.8659451950438036,-0.0018105009052504523,8252d24f33a979b3d955009ef1cb5b88f7dca06fafdef106655ae3acb6aa1f8e,,,
0.9980001463307563,0.9168739217136072,0.9557185230165588,0.009897404948702474,9.897404948702475,0.9930691483752229,0.9980416092448887,923,153,16,16,0,770,57.6875,finite,0.9459393346379648,learned_fusion,DoS,42,0.01,0.9343062351827439,0.009949348769898697,True,0b7faf22430359c6f3a96ed9e2c6945a109e3741b71552707344e8dbb69c67dc,f16550cf45432a268deef56e9b1c170bb8023bc039b28ef9e2e2ecfa4b8a9bec,bec7dd5ec88dc2a0ccc7a07879d338395ed7421750f675fd0339e07dfe0648fa,benign calibration only; conservative >= cutoff with ties,frozen decisions on grouped internal development holdout,withheld_family,1.0,learned_fusion,0.017252582285855134,0.0,8252d24f33a979b3d955009ef1cb5b88f7dca06fafdef106655ae3acb6aa1f8e,,,
0.9979999436603848,0.7937980327575004,0.8842630725071758,0.008569704284852143,8.569704284852142,0.9903995746412069,0.9978281749771336,46,4769,37,48,-11,-4723,1.2432432432432432,finite,0.8003098499673842,rank_or,DoS,42,0.01,0.9954249516100652,0.009768451519536902,True,0b7faf22430359c6f3a96ed9e2c6945a109e3741b71552707344e8dbb69c67dc,f16550cf45432a268deef56e9b1c170bb8023bc039b28ef9e2e2ecfa4b8a9bec,bec7dd5ec88dc2a0ccc7a07879d338395ed7421750f675fd0339e07dfe0648fa,benign calibration only; conservative >= cutoff with ties,frozen decisions on grouped internal development holdout,withheld_family,1.0,rank_or,-0.10582330667025164,-0.0013277006638503317,8252d24f33a979b3d955009ef1cb5b88f7dca06fafdef106655ae3acb6aa1f8e,,,
0.9979618720950464,0.899621339427752,0.9462434012066365,0.009897404948702474,9.897404948702475,0.9940657899570955,0.9986939822710269,0,0,0,0,0,0,,no_recovery_no_added_fp,0.922945205479452,fusion_control,DoS,42,0.01,0.9479664254652321,0.009949348769898697,True,0b7faf22430359c6f3a96ed9e2c6945a109e3741b71552707344e8dbb69c67dc,f16550cf45432a268deef56e9b1c170bb8023bc039b28ef9e2e2ecfa4b8a9bec,bec7dd5ec88dc2a0ccc7a07879d338395ed7421750f675fd0339e07dfe0648fa,benign calibration only; conservative >= cutoff with ties,frozen decisions on grouped internal development holdout,withheld_family,1.0,['lightgbm'],0.0,0.0,8252d24f33a979b3d955009ef1cb5b88f7dca06fafdef106655ae3acb6aa1f8e,,,
0.9980301556420234,0.9195178239340369,0.9571666802719502,0.009776704888352444,9.776704888352445,0.9933697680870485,0.998141383865122,1041,153,15,16,-1,888,69.4,finite,0.9484670580560991,fusion_latent,DoS,42,0.01,0.9348715307238382,0.009949348769898697,True,0b7faf22430359c6f3a96ed9e2c6945a109e3741b71552707344e8dbb69c67dc,f16550cf45432a268deef56e9b1c170bb8023bc039b28ef9e2e2ecfa4b8a9bec,bec7dd5ec88dc2a0ccc7a07879d338395ed7421750f675fd0339e07dfe0648fa,benign calibration only; conservative >= cutoff with ties,frozen decisions on grouped internal development holdout,withheld_family,1.0,"['lightgbm', 'ae_latent']",0.019896484506284895,-0.00012070006035003016,8252d24f33a979b3d955009ef1cb5b88f7dca06fafdef106655ae3acb6aa1f8e,,,
0.9977252928080534,0.9237973605789698,0.9593391891105811,0.011345805672902836,11.345805672902836,0.9939442772246538,0.9983106190546434,1116,37,12,0,12,1079,93.0,finite,0.9509947814742336,fusion_ae_plain,DoS,42,0.01,0.9322435393110665,0.009949348769898697,False,0b7faf22430359c6f3a96ed9e2c6945a109e3741b71552707344e8dbb69c67dc,f16550cf45432a268deef56e9b1c170bb8023bc039b28ef9e2e2ecfa4b8a9bec,bec7dd5ec88dc2a0ccc7a07879d338395ed7421750f675fd0339e07dfe0648fa,benign calibration only; conservative >= cutoff with ties,frozen decisions on grouped internal development holdout,withheld_family,1.0,"['lightgbm', 'ae_plain']",0.024176021151217753,0.0014484007242003619,8252d24f33a979b3d955009ef1cb5b88f7dca06fafdef106655ae3acb6aa1f8e,,,
0.9979191366836846,0.9240886379422375,0.9595858538855282,0.010380205190102595,10.380205190102595,0.9935755228682884,0.9981200123920548,1261,169,18,14,4,1092,70.05555555555556,finite,0.953604044357469,fusion_ae_plain_latent,DoS,42,0.01,0.928300594171878,0.009949348769898697,False,0b7faf22430359c6f3a96ed9e2c6945a109e3741b71552707344e8dbb69c67dc,f16550cf45432a268deef56e9b1c170bb8023bc039b28ef9e2e2ecfa4b8a9bec,bec7dd5ec88dc2a0ccc7a07879d338395ed7421750f675fd0339e07dfe0648fa,benign calibration only; conservative >= cutoff with ties,frozen decisions on grouped internal development holdout,withheld_family,1.0,"['lightgbm', 'ae_plain', 'ae_latent']",0.02446729851448548,0.0004828002414001206,8252d24f33a979b3d955009ef1cb5b88f7dca06fafdef106655ae3acb6aa1f8e,,,
0.9976905885274397,0.9002038941542874,0.9464435047879295,0.011225105612552806,11.225105612552806,0.9927059312771214,0.9979903300429909,160,134,11,0,11,26,14.545454545454545,finite,0.9237606001304631,fusion_ae_denoising,DoS,42,0.01,0.9382665359142252,0.009949348769898697,False,0b7faf22430359c6f3a96ed9e2c6945a109e3741b71552707344e8dbb69c67dc,f16550cf45432a268deef56e9b1c170bb8023bc039b28ef9e2e2ecfa4b8a9bec,bec7dd5ec88dc2a0ccc7a07879d338395ed7421750f675fd0339e07dfe0648fa,benign calibration only; conservative >= cutoff with ties,frozen decisions on grouped internal development holdout,withheld_family,1.0,"['lightgbm', 'ae_denoising']",0.0005825547265353448,0.0013277006638503317,8252d24f33a979b3d955009ef1cb5b88f7dca06fafdef106655ae3acb6aa1f8e,,,
0.9980001463307563,0.9168739217136072,0.9557185230165588,0.009897404948702474,9.897404948702475,0.9930691483752229,0.9980416092448887,923,153,16,16,0,770,57.6875,finite,0.9459393346379648,fusion_ae_denoising_latent,DoS,42,0.01,0.9343062351827439,0.009949348769898697,True,0b7faf22430359c6f3a96ed9e2c6945a109e3741b71552707344e8dbb69c67dc,f16550cf45432a268deef56e9b1c170bb8023bc039b28ef9e2e2ecfa4b8a9bec,bec7dd5ec88dc2a0ccc7a07879d338395ed7421750f675fd0339e07dfe0648fa,benign calibration only; conservative >= cutoff with ties,frozen decisions on grouped internal development holdout,withheld_family,1.0,"['lightgbm', 'ae_denoising', 'ae_latent']",0.017252582285855134,0.0,8252d24f33a979b3d955009ef1cb5b88f7dca06fafdef106655ae3acb6aa1f8e,,,
0.9978450411176063,0.9026237368645113,0.9478488994506076,0.010500905250452625,10.500905250452625,0.9938361647924296,0.9985090307580398,159,25,6,1,5,134,26.5,finite,0.9266144814090019,fusion_ae_scaled,DoS,42,0.01,0.9433674993259973,0.009949348769898697,False,0b7faf22430359c6f3a96ed9e2c6945a109e3741b71552707344e8dbb69c67dc,f16550cf45432a268deef56e9b1c170bb8023bc039b28ef9e2e2ecfa4b8a9bec,bec7dd5ec88dc2a0ccc7a07879d338395ed7421750f675fd0339e07dfe0648fa,benign calibration only; conservative >= cutoff with ties,frozen decisions on grouped internal development holdout,withheld_family,1.0,"['lightgbm', 'ae_scaled']",0.00300239743675923,0.0006035003017501508,8252d24f33a979b3d955009ef1cb5b88f7dca06fafdef106655ae3acb6aa1f8e,,,
0.9980300598278127,0.9194730120319957,0.9571423573452752,0.009776704888352444,9.776704888352445,0.9933645093819476,0.9981279646293927,1041,155,15,16,-1,886,69.4,finite,0.9483855185909981,fusion_ae_scaled_latent,DoS,42,0.01,0.9354314128003749,0.009949348769898697,True,0b7faf22430359c6f3a96ed9e2c6945a109e3741b71552707344e8dbb69c67dc,f16550cf45432a268deef56e9b1c170bb8023bc039b28ef9e2e2ecfa4b8a9bec,bec7dd5ec88dc2a0ccc7a07879d338395ed7421750f675fd0339e07dfe0648fa,benign calibration only; conservative >= cutoff with ties,frozen decisions on grouped internal development holdout,withheld_family,1.0,"['lightgbm', 'ae_scaled', 'ae_latent']",0.019851672604243698,-0.00012070006035003016,8252d24f33a979b3d955009ef1cb5b88f7dca06fafdef106655ae3acb6aa1f8e,,,
0.9979618720950464,0.899621339427752,0.9462434012066365,0.009897404948702474,9.897404948702475,0.9939878707946568,0.9986805325446932,0,0,0,0,0,0,,no_recovery_no_added_fp,0.922945205479452,selective_fusion,DoS,42,0.01,0.9962194685241126,0.009949348769898697,True,0b7faf22430359c6f3a96ed9e2c6945a109e3741b71552707344e8dbb69c67dc,f16550cf45432a268deef56e9b1c170bb8023bc039b28ef9e2e2ecfa4b8a9bec,bec7dd5ec88dc2a0ccc7a07879d338395ed7421750f675fd0339e07dfe0648fa,benign calibration only; conservative >= cutoff with ties,frozen decisions on grouped internal development holdout,withheld_family,1.0,selective_fusion,0.0,0.0,8252d24f33a979b3d955009ef1cb5b88f7dca06fafdef106655ae3acb6aa1f8e,True,0.08324514324589916,budget-dependent conditional ranking
0.9978170758627456,0.9115188994196859,0.9527177349476593,0.010742305371152686,10.742305371152685,0.9939686195258167,0.9986763768937581,601,70,14,7,7,531,42.92857142857143,finite,0.9388454011741683,selective_fusion_primary_0.75,DoS,42,0.01,0.9385028126586403,0.009768451519536902,False,0b7faf22430359c6f3a96ed9e2c6945a109e3741b71552707344e8dbb69c67dc,f16550cf45432a268deef56e9b1c170bb8023bc039b28ef9e2e2ecfa4b8a9bec,bec7dd5ec88dc2a0ccc7a07879d338395ed7421750f675fd0339e07dfe0648fa,benign calibration only; conservative >= cutoff with ties,frozen decisions on grouped internal development holdout,withheld_family,0.75,selective_fusion_primary_0.75,0.01189755999193387,0.0008449004224502111,8252d24f33a979b3d955009ef1cb5b88f7dca06fafdef106655ae3acb6aa1f8e,False,0.10883286718572832,budget-dependent conditional ranking
0.9980004389280401,0.9170083574197306,0.9557916861279776,0.009897404948702474,9.897404948702475,0.9939374580809606,0.9986681698256747,922,146,16,16,0,776,57.625,finite,0.946102413568167,selective_fusion_primary_0.5,DoS,42,0.01,0.9344788560699717,0.009768451519536902,True,0b7faf22430359c6f3a96ed9e2c6945a109e3741b71552707344e8dbb69c67dc,f16550cf45432a268deef56e9b1c170bb8023bc039b28ef9e2e2ecfa4b8a9bec,bec7dd5ec88dc2a0ccc7a07879d338395ed7421750f675fd0339e07dfe0648fa,benign calibration only; conservative >= cutoff with ties,frozen decisions on grouped internal development holdout,withheld_family,0.5,selective_fusion_primary_0.5,0.017387017991978615,0.0,8252d24f33a979b3d955009ef1cb5b88f7dca06fafdef106655ae3acb6aa1f8e,False,0.17399274321566255,budget-dependent conditional ranking
0.994478999231253,0.9565100490690327,0.9751250599602549,0.028605914302957152,28.605914302957153,0.9940657899570955,0.9986939822710269,0,0,0,0,0,0,,no_recovery_no_added_fp,0.9793705153294194,lightgbm,DoS,42,0.03,0.721759714897495,0.02984804630969609,True,0b7faf22430359c6f3a96ed9e2c6945a109e3741b71552707344e8dbb69c67dc,f16550cf45432a268deef56e9b1c170bb8023bc039b28ef9e2e2ecfa4b8a9bec,bec7dd5ec88dc2a0ccc7a07879d338395ed7421750f675fd0339e07dfe0648fa,benign calibration only; conservative >= cutoff with ties,frozen decisions on grouped internal development holdout,withheld_family,1.0,lightgbm,0.0,0.0,8252d24f33a979b3d955009ef1cb5b88f7dca06fafdef106655ae3acb6aa1f8e,,,
0.9927794028513452,0.8440993927987274,0.9124221947734263,0.033071816535908266,33.07181653590827,0.9339697137259113,0.98450711634671,667,5684,241,204,37,-5017,2.767634854771784,finite,0.8734507501630789,ae_plain,DoS,42,0.03,0.03695433586835862,0.03020984081041968,False,0b7faf22430359c6f3a96ed9e2c6945a109e3741b71552707344e8dbb69c67dc,f16550cf45432a268deef56e9b1c170bb8023bc039b28ef9e2e2ecfa4b8a9bec,bec7dd5ec88dc2a0ccc7a07879d338395ed7421750f675fd0339e07dfe0648fa,benign calibration only; conservative >= cutoff with ties,frozen decisions on grouped internal development holdout,withheld_family,1.0,ae_plain,-0.11241065627030533,0.004465902232951114,8252d24f33a979b3d955009ef1cb5b88f7dca06fafdef106655ae3acb6aa1f8e,,,
0.9761422254974208,0.23743586296520355,0.38196334276497196,0.031261315630657815,31.261315630657815,0.9165221482825838,0.9723946135688165,47,32140,233,211,22,-32093,0.2017167381974249,finite,0.1495433789954338,ae_scaled,DoS,42,0.03,0.035715136677026756,0.030028943560057888,False,0b7faf22430359c6f3a96ed9e2c6945a109e3741b71552707344e8dbb69c67dc,f16550cf45432a268deef56e9b1c170bb8023bc039b28ef9e2e2ecfa4b8a9bec,bec7dd5ec88dc2a0ccc7a07879d338395ed7421750f675fd0339e07dfe0648fa,benign calibration only; conservative >= cutoff with ties,frozen decisions on grouped internal development holdout,withheld_family,1.0,ae_scaled,-0.7190741861038291,0.0026554013277006634,8252d24f33a979b3d955009ef1cb5b88f7dca06fafdef106655ae3acb6aa1f8e,,,
0.9758951790358071,0.21861486410790706,0.35720954072013034,0.029088714544357273,29.088714544357273,0.9050079031346789,0.9734932123079332,102,33035,224,220,4,-32933,0.45535714285714285,finite,0.10453359425962165,isolation_forest,DoS,42,0.03,0.5269206921728906,0.02984804630969609,True,0b7faf22430359c6f3a96ed9e2c6945a109e3741b71552707344e8dbb69c67dc,f16550cf45432a268deef56e9b1c170bb8023bc039b28ef9e2e2ecfa4b8a9bec,bec7dd5ec88dc2a0ccc7a07879d338395ed7421750f675fd0339e07dfe0648fa,benign calibration only; conservative >= cutoff with ties,frozen decisions on grouped internal development holdout,withheld_family,1.0,isolation_forest,-0.7378951849611256,0.0004828002414001206,8252d24f33a979b3d955009ef1cb5b88f7dca06fafdef106655ae3acb6aa1f8e,,,
0.9585169427138732,0.14133673903788846,0.24634851206748418,0.03295111647555824,32.95111647555824,0.8420705143269154,0.9500073820311827,91,36473,238,202,36,-36382,0.38235294117647056,finite,0.12606001304631442,ae_denoising,DoS,42,0.03,0.4524289965629578,0.030028943560057888,False,0b7faf22430359c6f3a96ed9e2c6945a109e3741b71552707344e8dbb69c67dc,f16550cf45432a268deef56e9b1c170bb8023bc039b28ef9e2e2ecfa4b8a9bec,bec7dd5ec88dc2a0ccc7a07879d338395ed7421750f675fd0339e07dfe0648fa,benign calibration only; conservative >= cutoff with ties,frozen decisions on grouped internal development holdout,withheld_family,1.0,ae_denoising,-0.8151733100311442,0.004345202172601089,8252d24f33a979b3d955009ef1cb5b88f7dca06fafdef106655ae3acb6aa1f8e,,,
0.9449575871819038,0.11232103246622303,0.2007769945530279,0.03524441762220881,35.244417622208815,0.8777212125548995,0.9524153023830958,124,37801,268,213,55,-37677,0.4626865671641791,finite,0.09499347684279191,ae_latent,DoS,42,0.03,32.701687820189406,0.02984804630969609,False,0b7faf22430359c6f3a96ed9e2c6945a109e3741b71552707344e8dbb69c67dc,f16550cf45432a268deef56e9b1c170bb8023bc039b28ef9e2e2ecfa4b8a9bec,bec7dd5ec88dc2a0ccc7a07879d338395ed7421750f675fd0339e07dfe0648fa,benign calibration only; conservative >= cutoff with ties,frozen decisions on grouped internal development holdout,withheld_family,1.0,ae_latent,-0.8441890166028096,0.00663850331925166,8252d24f33a979b3d955009ef1cb5b88f7dca06fafdef106655ae3acb6aa1f8e,,,
0.9944838822297218,0.9573614752078152,0.9755696607151011,0.028605914302957152,28.605914302957153,0.9930691483752229,0.9980416092448887,84,46,17,17,0,38,4.9411764705882355,finite,0.981245923026745,learned_fusion,DoS,42,0.03,0.8012497610024482,0.02984804630969609,True,0b7faf22430359c6f3a96ed9e2c6945a109e3741b71552707344e8dbb69c67dc,f16550cf45432a268deef56e9b1c170bb8023bc039b28ef9e2e2ecfa4b8a9bec,bec7dd5ec88dc2a0ccc7a07879d338395ed7421750f675fd0339e07dfe0648fa,benign calibration only; conservative >= cutoff with ties,frozen decisions on grouped internal development holdout,withheld_family,1.0,learned_fusion,0.0008514261387825295,0.0,8252d24f33a979b3d955009ef1cb5b88f7dca06fafdef106655ae3acb6aa1f8e,,,
0.9940086885950256,0.9330510183504739,0.9625657324472696,0.030295715147857574,30.295715147857575,0.9903995746412069,0.9978281749771336,58,1105,122,108,14,-1047,0.47540983606557374,finite,0.9596379647749511,rank_or,DoS,42,0.03,0.9829315502375507,0.029486251808972505,False,0b7faf22430359c6f3a96ed9e2c6945a109e3741b71552707344e8dbb69c67dc,f16550cf45432a268deef56e9b1c170bb8023bc039b28ef9e2e2ecfa4b8a9bec,bec7dd5ec88dc2a0ccc7a07879d338395ed7421750f675fd0339e07dfe0648fa,benign calibration only; conservative >= cutoff with ties,frozen decisions on grouped internal development holdout,withheld_family,1.0,rank_or,-0.023459030718558815,0.0016898008449004222,8252d24f33a979b3d955009ef1cb5b88f7dca06fafdef106655ae3acb6aa1f8e,,,
0.994478999231253,0.9565100490690327,0.9751250599602549,0.028605914302957152,28.605914302957153,0.9940657899570955,0.9986939822710269,0,0,0,0,0,0,,no_recovery_no_added_fp,0.9793705153294194,fusion_control,DoS,42,0.03,0.8245082116829834,0.02984804630969609,True,0b7faf22430359c6f3a96ed9e2c6945a109e3741b71552707344e8dbb69c67dc,f16550cf45432a268deef56e9b1c170bb8023bc039b28ef9e2e2ecfa4b8a9bec,bec7dd5ec88dc2a0ccc7a07879d338395ed7421750f675fd0339e07dfe0648fa,benign calibration only; conservative >= cutoff with ties,frozen decisions on grouped internal development holdout,withheld_family,1.0,['lightgbm'],0.0,0.0,8252d24f33a979b3d955009ef1cb5b88f7dca06fafdef106655ae3acb6aa1f8e,,,
0.9943250534933482,0.9578992180323094,0.97577230762208,0.02945081472540736,29.450814725407362,0.9933697680870485,0.998141383865122,108,46,22,15,7,62,4.909090909090909,finite,0.9816536203522505,fusion_latent,DoS,42,0.03,0.8022508511820525,0.02984804630969609,True,0b7faf22430359c6f3a96ed9e2c6945a109e3741b71552707344e8dbb69c67dc,f16550cf45432a268deef56e9b1c170bb8023bc039b28ef9e2e2ecfa4b8a9bec,bec7dd5ec88dc2a0ccc7a07879d338395ed7421750f675fd0339e07dfe0648fa,benign calibration only; conservative >= cutoff with ties,frozen decisions on grouped internal development holdout,withheld_family,1.0,"['lightgbm', 'ae_latent']",0.0013891689632766768,0.0008449004224502094,8252d24f33a979b3d955009ef1cb5b88f7dca06fafdef106655ae3acb6aa1f8e,,,
0.9945297951582868,0.9572942573547534,0.9755568494480027,0.028364514182257092,28.364514182257093,0.9939442772246538,0.9983106190546434,67,32,9,11,-2,35,7.444444444444445,finite,0.9810013046314416,fusion_ae_plain,DoS,42,0.03,0.7946688394525332,0.02984804630969609,True,0b7faf22430359c6f3a96ed9e2c6945a109e3741b71552707344e8dbb69c67dc,f16550cf45432a268deef56e9b1c170bb8023bc039b28ef9e2e2ecfa4b8a9bec,bec7dd5ec88dc2a0ccc7a07879d338395ed7421750f675fd0339e07dfe0648fa,benign calibration only; conservative >= cutoff with ties,frozen decisions on grouped internal development holdout,withheld_family,1.0,"['lightgbm', 'ae_plain']",0.0007842082857206778,-0.0002414001207000603,8252d24f33a979b3d955009ef1cb5b88f7dca06fafdef106655ae3acb6aa1f8e,,,
0.994420940071598,0.9584817727588447,0.9761206630994078,0.02896801448400724,28.96801448400724,0.9935755228682884,0.9981200123920548,138,50,22,19,3,88,6.2727272727272725,finite,0.9827136333985649,fusion_ae_plain_latent,DoS,42,0.03,0.7887411732230227,0.029667149059334298,True,0b7faf22430359c6f3a96ed9e2c6945a109e3741b71552707344e8dbb69c67dc,f16550cf45432a268deef56e9b1c170bb8023bc039b28ef9e2e2ecfa4b8a9bec,bec7dd5ec88dc2a0ccc7a07879d338395ed7421750f675fd0339e07dfe0648fa,benign calibration only; conservative >= cutoff with ties,frozen decisions on grouped internal development holdout,withheld_family,1.0,"['lightgbm', 'ae_plain', 'ae_latent']",0.0019717236898120216,0.00036210018105008873,8252d24f33a979b3d955009ef1cb5b88f7dca06fafdef106655ae3acb6aa1f8e,,,
0.9943418632267679,0.956823732383321,0.9752220877389298,0.029330114665057333,29.330114665057334,0.9927059312771214,0.9979903300429909,27,13,10,4,6,14,2.7,finite,0.9801043705153294,fusion_ae_denoising,DoS,42,0.03,0.804229916746505,0.02984804630969609,True,0b7faf22430359c6f3a96ed9e2c6945a109e3741b71552707344e8dbb69c67dc,f16550cf45432a268deef56e9b1c170bb8023bc039b28ef9e2e2ecfa4b8a9bec,bec7dd5ec88dc2a0ccc7a07879d338395ed7421750f675fd0339e07dfe0648fa,benign calibration only; conservative >= cutoff with ties,frozen decisions on grouped internal development holdout,withheld_family,1.0,"['lightgbm', 'ae_denoising']",0.0003136833142882711,0.0007242003621001809,8252d24f33a979b3d955009ef1cb5b88f7dca06fafdef106655ae3acb6aa1f8e,,,
0.9944838822297218,0.9573614752078152,0.9755696607151011,0.028605914302957152,28.605914302957153,0.9930691483752229,0.9980416092448887,84,46,17,17,0,38,4.9411764705882355,finite,0.981245923026745,fusion_ae_denoising_latent,DoS,42,0.03,0.8012497610024482,0.02984804630969609,True,0b7faf22430359c6f3a96ed9e2c6945a109e3741b71552707344e8dbb69c67dc,f16550cf45432a268deef56e9b1c170bb8023bc039b28ef9e2e2ecfa4b8a9bec,bec7dd5ec88dc2a0ccc7a07879d338395ed7421750f675fd0339e07dfe0648fa,benign calibration only; conservative >= cutoff with ties,frozen decisions on grouped internal development holdout,withheld_family,1.0,"['lightgbm', 'ae_denoising', 'ae_latent']",0.0008514261387825295,0.0,8252d24f33a979b3d955009ef1cb5b88f7dca06fafdef106655ae3acb6aa1f8e,,,
0.9945012698338731,0.9563532074118886,0.9750542547115933,0.02848521424260712,28.48521424260712,0.9938361647924296,0.9985090307580398,2,9,6,7,-1,-7,0.3333333333333333,finite,0.9795335942596216,fusion_ae_scaled,DoS,42,0.03,0.8145724758288211,0.02984804630969609,True,0b7faf22430359c6f3a96ed9e2c6945a109e3741b71552707344e8dbb69c67dc,f16550cf45432a268deef56e9b1c170bb8023bc039b28ef9e2e2ecfa4b8a9bec,bec7dd5ec88dc2a0ccc7a07879d338395ed7421750f675fd0339e07dfe0648fa,benign calibration only; conservative >= cutoff with ties,frozen decisions on grouped internal development holdout,withheld_family,1.0,"['lightgbm', 'ae_scaled']",-0.00015684165714413556,-0.00012070006035003189,8252d24f33a979b3d955009ef1cb5b88f7dca06fafdef106655ae3acb6aa1f8e,,,
0.9943255813953489,0.9579888418363918,0.9758190594652577,0.02945081472540736,29.450814725407362,0.9933645093819476,0.9981279646293927,114,48,22,15,7,66,5.181818181818182,finite,0.9817351598173516,fusion_ae_scaled_latent,DoS,42,0.03,0.8033069362559975,0.02984804630969609,True,0b7faf22430359c6f3a96ed9e2c6945a109e3741b71552707344e8dbb69c67dc,f16550cf45432a268deef56e9b1c170bb8023bc039b28ef9e2e2ecfa4b8a9bec,bec7dd5ec88dc2a0ccc7a07879d338395ed7421750f675fd0339e07dfe0648fa,benign calibration only; conservative >= cutoff with ties,frozen decisions on grouped internal development holdout,withheld_family,1.0,"['lightgbm', 'ae_scaled', 'ae_latent']",0.0014787927673590717,0.0008449004224502094,8252d24f33a979b3d955009ef1cb5b88f7dca06fafdef106655ae3acb6aa1f8e,,,
0.9944560913114372,0.9565548609710739,0.9751373328308265,0.02872661436330718,28.72661436330718,0.9940003326681996,0.9986825407969186,2,0,1,0,1,2,2.0,finite,0.9795335942596216,selective_fusion,DoS,42,0.03,0.908731153794926,0.02984804630969609,True,0b7faf22430359c6f3a96ed9e2c6945a109e3741b71552707344e8dbb69c67dc,f16550cf45432a268deef56e9b1c170bb8023bc039b28ef9e2e2ecfa4b8a9bec,bec7dd5ec88dc2a0ccc7a07879d338395ed7421750f675fd0339e07dfe0648fa,benign calibration only; conservative >= cutoff with ties,frozen decisions on grouped internal development holdout,withheld_family,1.0,selective_fusion,4.481190204119745e-05,0.00012070006035002842,8252d24f33a979b3d955009ef1cb5b88f7dca06fafdef106655ae3acb6aa1f8e,True,0.03923199032428755,budget-dependent conditional ranking
0.9945534529711613,0.9573838811588358,0.9756147681348037,0.02824381412190706,28.24381412190706,0.9939994010025236,0.9986824457211128,82,43,16,19,-3,39,5.125,finite,0.9813274624918461,selective_fusion_primary_0.75,DoS,42,0.03,0.8033886424676725,0.02984804630969609,True,0b7faf22430359c6f3a96ed9e2c6945a109e3741b71552707344e8dbb69c67dc,f16550cf45432a268deef56e9b1c170bb8023bc039b28ef9e2e2ecfa4b8a9bec,bec7dd5ec88dc2a0ccc7a07879d338395ed7421750f675fd0339e07dfe0648fa,benign calibration only; conservative >= cutoff with ties,frozen decisions on grouped internal development holdout,withheld_family,0.75,selective_fusion_primary_0.75,0.0008738320898030727,-0.0003621001810500922,8252d24f33a979b3d955009ef1cb5b88f7dca06fafdef106655ae3acb6aa1f8e,False,0.045959634137122986,budget-dependent conditional ranking
0.9945524385985334,0.9572046335506711,0.9755212020185875,0.02824381412190706,28.24381412190706,0.9940065284477759,0.9986839497603105,82,51,16,19,-3,31,5.125,finite,0.9811643835616438,selective_fusion_primary_0.5,DoS,42,0.03,0.8033886424676725,0.029667149059334298,True,0b7faf22430359c6f3a96ed9e2c6945a109e3741b71552707344e8dbb69c67dc,f16550cf45432a268deef56e9b1c170bb8023bc039b28ef9e2e2ecfa4b8a9bec,bec7dd5ec88dc2a0ccc7a07879d338395ed7421750f675fd0339e07dfe0648fa,benign calibration only; conservative >= cutoff with ties,frozen decisions on grouped internal development holdout,withheld_family,0.5,selective_fusion_primary_0.5,0.0006945844816383939,-0.0003621001810500922,8252d24f33a979b3d955009ef1cb5b88f7dca06fafdef106655ae3acb6aa1f8e,False,0.05911255574873384,budget-dependent conditional ranking
0.990344890552601,0.9721494028814053,0.9811627959566722,0.05105612552806276,51.056125528062765,0.9940657899570955,0.9986939822710269,0,0,0,0,0,0,,no_recovery_no_added_fp,0.9876875407697325,lightgbm,DoS,42,0.05,0.5904107638993288,0.049927641099855286,False,0b7faf22430359c6f3a96ed9e2c6945a109e3741b71552707344e8dbb69c67dc,f16550cf45432a268deef56e9b1c170bb8023bc039b28ef9e2e2ecfa4b8a9bec,bec7dd5ec88dc2a0ccc7a07879d338395ed7421750f675fd0339e07dfe0648fa,benign calibration only; conservative >= cutoff with ties,frozen decisions on grouped internal development holdout,withheld_family,1.0,lightgbm,0.0,0.0,8252d24f33a979b3d955009ef1cb5b88f7dca06fafdef106655ae3acb6aa1f8e,,,
0.9901110250451846,0.8592010037866057,0.9200225525125658,0.046228123114061555,46.22812311406156,0.9339697137259113,0.98450711634671,466,5507,325,365,-40,-5041,1.4338461538461538,finite,0.8906555772994129,ae_plain,DoS,42,0.05,0.027914742007851604,0.05010853835021708,True,0b7faf22430359c6f3a96ed9e2c6945a109e3741b71552707344e8dbb69c67dc,f16550cf45432a268deef56e9b1c170bb8023bc039b28ef9e2e2ecfa4b8a9bec,bec7dd5ec88dc2a0ccc7a07879d338395ed7421750f675fd0339e07dfe0648fa,benign calibration only; conservative >= cutoff with ties,frozen decisions on grouped internal development holdout,withheld_family,1.0,ae_plain,-0.11294839909479959,-0.004828002414001206,8252d24f33a979b3d955009ef1cb5b88f7dca06fafdef106655ae3acb6aa1f8e,,,
0.9713563029805852,0.3183661580515785,0.47955584805683527,0.05057332528666264,50.573325286662644,0.9165221482825838,0.9723946135688165,101,29280,364,368,-4,-29179,0.2774725274725275,finite,0.2336105675146771,ae_scaled,DoS,42,0.05,0.026192869991064075,0.05010853835021708,False,0b7faf22430359c6f3a96ed9e2c6945a109e3741b71552707344e8dbb69c67dc,f16550cf45432a268deef56e9b1c170bb8023bc039b28ef9e2e2ecfa4b8a9bec,bec7dd5ec88dc2a0ccc7a07879d338395ed7421750f675fd0339e07dfe0648fa,benign calibration only; conservative >= cutoff with ties,frozen decisions on grouped internal development holdout,withheld_family,1.0,ae_scaled,-0.6537832448298269,-0.0004828002414001206,8252d24f33a979b3d955009ef1cb5b88f7dca06fafdef106655ae3acb6aa1f8e,,,
0.9724709341173327,0.3260962111536824,0.48841384633454704,0.04972842486421243,49.728424864212435,0.9050079031346789,0.9734932123079332,85,28919,367,378,-11,-28834,0.23160762942779292,finite,0.23230593607305935,isolation_forest,DoS,42,0.05,0.5030153647338587,0.049746743849493485,True,0b7faf22430359c6f3a96ed9e2c6945a109e3741b71552707344e8dbb69c67dc,f16550cf45432a268deef56e9b1c170bb8023bc039b28ef9e2e2ecfa4b8a9bec,bec7dd5ec88dc2a0ccc7a07879d338395ed7421750f675fd0339e07dfe0648fa,benign calibration only; conservative >= cutoff with ties,frozen decisions on grouped internal development holdout,withheld_family,1.0,isolation_forest,-0.6460531917277228,-0.00132770066385033,8252d24f33a979b3d955009ef1cb5b88f7dca06fafdef106655ae3acb6aa1f8e,,,
0.9647506339814033,0.25571911899800587,0.4042790598820425,0.050331925165962584,50.33192516596258,0.8420705143269154,0.9500073820311827,146,32121,343,349,-6,-31975,0.42565597667638483,finite,0.1605512067840835,ae_denoising,DoS,42,0.05,0.18958286941051486,0.05010853835021708,False,0b7faf22430359c6f3a96ed9e2c6945a109e3741b71552707344e8dbb69c67dc,f16550cf45432a268deef56e9b1c170bb8023bc039b28ef9e2e2ecfa4b8a9bec,bec7dd5ec88dc2a0ccc7a07879d338395ed7421750f675fd0339e07dfe0648fa,benign calibration only; conservative >= cutoff with ties,frozen decisions on grouped internal development holdout,withheld_family,1.0,ae_denoising,-0.7164302838833994,-0.0007242003621001775,8252d24f33a979b3d955009ef1cb5b88f7dca06fafdef106655ae3acb6aa1f8e,,,
0.9574371950117477,0.23739105106316238,0.3804513708099179,0.056849728424864215,56.84972842486421,0.8777212125548995,0.9524153023830958,188,32981,420,372,48,-32793,0.44761904761904764,finite,0.1797945205479452,ae_latent,DoS,42,0.05,23.34977276439854,0.049927641099855286,False,0b7faf22430359c6f3a96ed9e2c6945a109e3741b71552707344e8dbb69c67dc,f16550cf45432a268deef56e9b1c170bb8023bc039b28ef9e2e2ecfa4b8a9bec,bec7dd5ec88dc2a0ccc7a07879d338395ed7421750f675fd0339e07dfe0648fa,benign calibration only; conservative >= cutoff with ties,frozen decisions on grouped internal development holdout,withheld_family,1.0,ae_latent,-0.7347583518182429,0.005793602896801454,8252d24f33a979b3d955009ef1cb5b88f7dca06fafdef106655ae3acb6aa1f8e,,,
0.9903712323453578,0.9725303040487554,0.9813696895701916,0.050935425467712736,50.93542546771273,0.9930691483752229,0.9980416092448887,80,63,27,28,-1,17,2.962962962962963,finite,0.9889106327462491,learned_fusion,DoS,42,0.05,0.6170523600170458,0.049927641099855286,False,0b7faf22430359c6f3a96ed9e2c6945a109e3741b71552707344e8dbb69c67dc,f16550cf45432a268deef56e9b1c170bb8023bc039b28ef9e2e2ecfa4b8a9bec,bec7dd5ec88dc2a0ccc7a07879d338395ed7421750f675fd0339e07dfe0648fa,benign calibration only; conservative >= cutoff with ties,frozen decisions on grouped internal development holdout,withheld_family,1.0,learned_fusion,0.0003809011673501228,-0.00012070006035002495,8252d24f33a979b3d955009ef1cb5b88f7dca06fafdef106655ae3acb6aa1f8e,,,
0.990574380934649,0.9536644932894177,0.9717690841219648,0.04888352444176222,48.88352444176222,0.9903995746412069,0.9978281749771336,51,876,184,202,-18,-825,0.27717391304347827,finite,0.9776581865622962,rank_or,DoS,42,0.05,0.9729016364596165,0.049927641099855286,True,0b7faf22430359c6f3a96ed9e2c6945a109e3741b71552707344e8dbb69c67dc,f16550cf45432a268deef56e9b1c170bb8023bc039b28ef9e2e2ecfa4b8a9bec,bec7dd5ec88dc2a0ccc7a07879d338395ed7421750f675fd0339e07dfe0648fa,benign calibration only; conservative >= cutoff with ties,frozen decisions on grouped internal development holdout,withheld_family,1.0,rank_or,-0.018484909591987564,-0.0021726010863005393,8252d24f33a979b3d955009ef1cb5b88f7dca06fafdef106655ae3acb6aa1f8e,,,
0.990344890552601,0.9721494028814053,0.9811627959566722,0.05105612552806276,51.056125528062765,0.9940657899570955,0.9986939822710269,0,0,0,0,0,0,,no_recovery_no_added_fp,0.9876875407697325,fusion_control,DoS,42,0.05,0.6181558131028392,0.049927641099855286,False,0b7faf22430359c6f3a96ed9e2c6945a109e3741b71552707344e8dbb69c67dc,f16550cf45432a268deef56e9b1c170bb8023bc039b28ef9e2e2ecfa4b8a9bec,bec7dd5ec88dc2a0ccc7a07879d338395ed7421750f675fd0339e07dfe0648fa,benign calibration only; conservative >= cutoff with ties,frozen decisions on grouped internal development holdout,withheld_family,1.0,['lightgbm'],0.0,0.0,8252d24f33a979b3d955009ef1cb5b88f7dca06fafdef106655ae3acb6aa1f8e,,,
0.9903927340772689,0.9724182742936524,0.9813232035454258,0.050814725407362704,50.8147254073627,0.9933697680870485,0.998141383865122,82,70,28,30,-2,12,2.9285714285714284,finite,0.988747553816047,fusion_latent,DoS,42,0.05,0.6233427420562216,0.049927641099855286,False,0b7faf22430359c6f3a96ed9e2c6945a109e3741b71552707344e8dbb69c67dc,f16550cf45432a268deef56e9b1c170bb8023bc039b28ef9e2e2ecfa4b8a9bec,bec7dd5ec88dc2a0ccc7a07879d338395ed7421750f675fd0339e07dfe0648fa,benign calibration only; conservative >= cutoff with ties,frozen decisions on grouped internal development holdout,withheld_family,1.0,"['lightgbm', 'ae_latent']",0.00026887141224707367,-0.00024140012070005684,8252d24f33a979b3d955009ef1cb5b88f7dca06fafdef106655ae3acb6aa1f8e,,,
0.9903501767993612,0.9726871457058995,0.9814391969796306,0.05105612552806276,51.056125528062765,0.9939442772246538,0.9983106190546434,54,30,10,10,0,24,5.4,finite,0.9886660143509458,fusion_ae_plain,DoS,42,0.05,0.5935965348962207,0.049927641099855286,False,0b7faf22430359c6f3a96ed9e2c6945a109e3741b71552707344e8dbb69c67dc,f16550cf45432a268deef56e9b1c170bb8023bc039b28ef9e2e2ecfa4b8a9bec,bec7dd5ec88dc2a0ccc7a07879d338395ed7421750f675fd0339e07dfe0648fa,benign calibration only; conservative >= cutoff with ties,frozen decisions on grouped internal development holdout,withheld_family,1.0,"['lightgbm', 'ae_plain']",0.0005377428244942584,0.0,8252d24f33a979b3d955009ef1cb5b88f7dca06fafdef106655ae3acb6aa1f8e,,,
0.9903138318481208,0.9735833837467232,0.9818773444208433,0.051297525648762825,51.29752564876282,0.9935755228682884,0.9981200123920548,121,57,30,28,2,64,4.033333333333333,finite,0.9897260273972602,fusion_ae_plain_latent,DoS,42,0.05,0.5981949348795256,0.049927641099855286,False,0b7faf22430359c6f3a96ed9e2c6945a109e3741b71552707344e8dbb69c67dc,f16550cf45432a268deef56e9b1c170bb8023bc039b28ef9e2e2ecfa4b8a9bec,bec7dd5ec88dc2a0ccc7a07879d338395ed7421750f675fd0339e07dfe0648fa,benign calibration only; conservative >= cutoff with ties,frozen decisions on grouped internal development holdout,withheld_family,1.0,"['lightgbm', 'ae_plain', 'ae_latent']",0.0014339808653178743,0.00024140012070006378,8252d24f33a979b3d955009ef1cb5b88f7dca06fafdef106655ae3acb6aa1f8e,,,
0.990277080385265,0.9721494028814053,0.9811295155181186,0.05141822570911286,51.41822570911285,0.9927059312771214,0.9979903300429909,14,14,6,3,3,0,2.3333333333333335,finite,0.9879321591650359,fusion_ae_denoising,DoS,42,0.05,0.6012720395968393,0.049927641099855286,False,0b7faf22430359c6f3a96ed9e2c6945a109e3741b71552707344e8dbb69c67dc,f16550cf45432a268deef56e9b1c170bb8023bc039b28ef9e2e2ecfa4b8a9bec,bec7dd5ec88dc2a0ccc7a07879d338395ed7421750f675fd0339e07dfe0648fa,benign calibration only; conservative >= cutoff with ties,frozen decisions on grouped internal development holdout,withheld_family,1.0,"['lightgbm', 'ae_denoising']",0.0,0.00036210018105009567,8252d24f33a979b3d955009ef1cb5b88f7dca06fafdef106655ae3acb6aa1f8e,,,
0.9903712323453578,0.9725303040487554,0.9813696895701916,0.050935425467712736,50.93542546771273,0.9930691483752229,0.9980416092448887,80,63,27,28,-1,17,2.962962962962963,finite,0.9889106327462491,fusion_ae_denoising_latent,DoS,42,0.05,0.6170523600170458,0.049927641099855286,False,0b7faf22430359c6f3a96ed9e2c6945a109e3741b71552707344e8dbb69c67dc,f16550cf45432a268deef56e9b1c170bb8023bc039b28ef9e2e2ecfa4b8a9bec,bec7dd5ec88dc2a0ccc7a07879d338395ed7421750f675fd0339e07dfe0648fa,benign calibration only; conservative >= cutoff with ties,frozen decisions on grouped internal development holdout,withheld_family,1.0,"['lightgbm', 'ae_denoising', 'ae_latent']",0.0003809011673501228,-0.00012070006035002495,8252d24f33a979b3d955009ef1cb5b88f7dca06fafdef106655ae3acb6aa1f8e,,,
0.9903872499771669,0.9718581255181377,0.9810352041797189,0.050814725407362704,50.8147254073627,0.9938361647924296,0.9985090307580398,2,15,4,6,-2,-13,0.5,finite,0.9876060013046314,fusion_ae_scaled,DoS,42,0.05,0.6092084399107957,0.049927641099855286,False,0b7faf22430359c6f3a96ed9e2c6945a109e3741b71552707344e8dbb69c67dc,f16550cf45432a268deef56e9b1c170bb8023bc039b28ef9e2e2ecfa4b8a9bec,bec7dd5ec88dc2a0ccc7a07879d338395ed7421750f675fd0339e07dfe0648fa,benign calibration only; conservative >= cutoff with ties,frozen decisions on grouped internal development holdout,withheld_family,1.0,"['lightgbm', 'ae_scaled']",-0.0002912773632676169,-0.00024140012070005684,8252d24f33a979b3d955009ef1cb5b88f7dca06fafdef106655ae3acb6aa1f8e,,,
0.9903927340772689,0.9724182742936524,0.9813232035454258,0.050814725407362704,50.8147254073627,0.9933645093819476,0.9981279646293927,82,70,29,31,-2,12,2.8275862068965516,finite,0.988747553816047,fusion_ae_scaled_latent,DoS,42,0.05,0.6243732610602083,0.049927641099855286,False,0b7faf22430359c6f3a96ed9e2c6945a109e3741b71552707344e8dbb69c67dc,f16550cf45432a268deef56e9b1c170bb8023bc039b28ef9e2e2ecfa4b8a9bec,bec7dd5ec88dc2a0ccc7a07879d338395ed7421750f675fd0339e07dfe0648fa,benign calibration only; conservative >= cutoff with ties,frozen decisions on grouped internal development holdout,withheld_family,1.0,"['lightgbm', 'ae_scaled', 'ae_latent']",0.00026887141224707367,-0.00024140012070005684,8252d24f33a979b3d955009ef1cb5b88f7dca06fafdef106655ae3acb6aa1f8e,,,
0.9902132998745294,0.9725527099997759,0.9813035516469604,0.051780325890162945,51.78032589016294,0.9940307842081505,0.9986878937699198,18,0,6,0,6,18,3.0,finite,0.9879321591650359,selective_fusion,DoS,42,0.05,0.7144623807971958,0.049927641099855286,False,0b7faf22430359c6f3a96ed9e2c6945a109e3741b71552707344e8dbb69c67dc,f16550cf45432a268deef56e9b1c170bb8023bc039b28ef9e2e2ecfa4b8a9bec,bec7dd5ec88dc2a0ccc7a07879d338395ed7421750f675fd0339e07dfe0648fa,benign calibration only; conservative >= cutoff with ties,frozen decisions on grouped internal development holdout,withheld_family,1.0,selective_fusion,0.000403307118370666,0.0007242003621001844,8252d24f33a979b3d955009ef1cb5b88f7dca06fafdef106655ae3acb6aa1f8e,True,0.028479098949278102,budget-dependent conditional ranking
0.9903712323453578,0.9725303040487554,0.9813696895701916,0.050935425467712736,50.93542546771273,0.9940099616831193,0.9986842207447713,80,63,27,28,-1,17,2.962962962962963,finite,0.9889106327462491,selective_fusion_primary_0.75,DoS,42,0.05,0.6170523600170458,0.049927641099855286,False,0b7faf22430359c6f3a96ed9e2c6945a109e3741b71552707344e8dbb69c67dc,f16550cf45432a268deef56e9b1c170bb8023bc039b28ef9e2e2ecfa4b8a9bec,bec7dd5ec88dc2a0ccc7a07879d338395ed7421750f675fd0339e07dfe0648fa,benign calibration only; conservative >= cutoff with ties,frozen decisions on grouped internal development holdout,withheld_family,0.75,selective_fusion_primary_0.75,0.0003809011673501228,-0.00012070006035002495,8252d24f33a979b3d955009ef1cb5b88f7dca06fafdef106655ae3acb6aa1f8e,False,0.03465870436162975,budget-dependent conditional ranking
0.9903712323453578,0.9725303040487554,0.9813696895701916,0.050935425467712736,50.93542546771273,0.9940019701821821,0.998682906611426,80,63,27,28,-1,17,2.962962962962963,finite,0.9889106327462491,selective_fusion_primary_0.5,DoS,42,0.05,0.6170523600170458,0.049927641099855286,False,0b7faf22430359c6f3a96ed9e2c6945a109e3741b71552707344e8dbb69c67dc,f16550cf45432a268deef56e9b1c170bb8023bc039b28ef9e2e2ecfa4b8a9bec,bec7dd5ec88dc2a0ccc7a07879d338395ed7421750f675fd0339e07dfe0648fa,benign calibration only; conservative >= cutoff with ties,frozen decisions on grouped internal development holdout,withheld_family,0.5,selective_fusion_primary_0.5,0.0003809011673501228,-0.00012070006035002495,8252d24f33a979b3d955009ef1cb5b88f7dca06fafdef106655ae3acb6aa1f8e,False,0.0437863784110666,budget-dependent conditional ranking
0.9961380403030153,0.9015706571665434,0.9464980887974125,0.018829209414604708,18.82920941460471,0.9903995746412069,0.9978281749771336,87,0,74,0,74,87,1.1756756756756757,finite,0.9262883235485975,naive_or,DoS,42,0.01,,,False,0b7faf22430359c6f3a96ed9e2c6945a109e3741b71552707344e8dbb69c67dc,f16550cf45432a268deef56e9b1c170bb8023bc039b28ef9e2e2ecfa4b8a9bec,bec7dd5ec88dc2a0ccc7a07879d338395ed7421750f675fd0339e07dfe0648fa,benign calibration only; conservative >= cutoff with ties,frozen decisions on grouped internal development holdout,withheld_family,1.0,naive_or,0.0019493177387913674,0.008931804465902233,8252d24f33a979b3d955009ef1cb5b88f7dca06fafdef106655ae3acb6aa1f8e,,,rank_or (naive OR has two cutoffs)
0.9890188644349917,0.9585489906119066,0.9735455755686279,0.057332528666264336,57.33252866626433,0.9903995746412069,0.9978281749771336,91,0,238,0,238,91,0.38235294117647056,finite,0.981245923026745,naive_or,DoS,42,0.03,,,False,0b7faf22430359c6f3a96ed9e2c6945a109e3741b71552707344e8dbb69c67dc,f16550cf45432a268deef56e9b1c170bb8023bc039b28ef9e2e2ecfa4b8a9bec,bec7dd5ec88dc2a0ccc7a07879d338395ed7421750f675fd0339e07dfe0648fa,benign calibration only; conservative >= cutoff with ties,frozen decisions on grouped internal development holdout,withheld_family,1.0,naive_or,0.0020389415428738733,0.028726614363307184,8252d24f33a979b3d955009ef1cb5b88f7dca06fafdef106655ae3acb6aa1f8e,,,rank_or (naive OR has two cutoffs)
0.9827088036117382,0.9754206717304116,0.9790511745060777,0.09245624622812311,92.45624622812312,0.9903995746412069,0.9978281749771336,146,0,343,0,343,146,0.42565597667638483,finite,0.9900521852576647,naive_or,DoS,42,0.05,,,False,0b7faf22430359c6f3a96ed9e2c6945a109e3741b71552707344e8dbb69c67dc,f16550cf45432a268deef56e9b1c170bb8023bc039b28ef9e2e2ecfa4b8a9bec,bec7dd5ec88dc2a0ccc7a07879d338395ed7421750f675fd0339e07dfe0648fa,benign calibration only; conservative >= cutoff with ties,frozen decisions on grouped internal development holdout,withheld_family,1.0,naive_or,0.0032712688490063035,0.04140012070006035,8252d24f33a979b3d955009ef1cb5b88f7dca06fafdef106655ae3acb6aa1f8e,,,rank_or (naive OR has two cutoffs)
0.9979815231736666,0.8695995309822314,0.9293778843489053,0.0093964582580412,9.3964582580412,0.9936201369947126,0.9986332356057104,0,0,0,0,0,0,,no_recovery_no_added_fp,0.8871493803000652,lightgbm,DoS,123,0.01,0.8902809040159053,0.009987515605493134,True,0b7faf22430359c6f3a96ed9e2c6945a109e3741b71552707344e8dbb69c67dc,ed93d1d0f2e5bf660f1819ef6b506b32641b6e06e6a7f13b28c3d1b76529d3a4,bec7dd5ec88dc2a0ccc7a07879d338395ed7421750f675fd0339e07dfe0648fa,benign calibration only; conservative >= cutoff with ties,frozen decisions on grouped internal development holdout,withheld_family,1.0,lightgbm,0.0,0.0,d695ec981d57467e17a97b9ff512c445dbf5c863b35972a8c8dd422db5415575,,,
0.9944627357078719,0.29967529539099846,0.4605627945661214,0.008914588603782676,8.914588603782677,0.9424049745229403,0.9871221541252612,259,25534,65,69,-4,-25275,3.9846153846153847,finite,0.21469341161121983,ae_plain,DoS,123,0.01,0.08930879831314088,0.010165864098448368,True,0b7faf22430359c6f3a96ed9e2c6945a109e3741b71552707344e8dbb69c67dc,ed93d1d0f2e5bf660f1819ef6b506b32641b6e06e6a7f13b28c3d1b76529d3a4,bec7dd5ec88dc2a0ccc7a07879d338395ed7421750f675fd0339e07dfe0648fa,benign calibration only; conservative >= cutoff with ties,frozen decisions on grouped internal development holdout,withheld_family,1.0,ae_plain,-0.569924235591233,-0.00048186965425852345,d695ec981d57467e17a97b9ff512c445dbf5c863b35972a8c8dd422db5415575,,,
0.979256827339203,0.14796608640750428,0.25708632882132854,0.016744970485483675,16.744970485483677,0.9215044690889601,0.9745332349118517,105,32108,136,75,61,-32003,0.7720588235294118,finite,0.05675146771037182,ae_scaled,DoS,123,0.01,0.053812425583601005,0.010165864098448368,False,0b7faf22430359c6f3a96ed9e2c6945a109e3741b71552707344e8dbb69c67dc,ed93d1d0f2e5bf660f1819ef6b506b32641b6e06e6a7f13b28c3d1b76529d3a4,bec7dd5ec88dc2a0ccc7a07879d338395ed7421750f675fd0339e07dfe0648fa,benign calibration only; conservative >= cutoff with ties,frozen decisions on grouped internal development holdout,withheld_family,1.0,ae_scaled,-0.7216334445747271,0.007348512227442476,d695ec981d57467e17a97b9ff512c445dbf5c863b35972a8c8dd422db5415575,,,
0.9778692743180648,0.17137187697303147,0.29163468917881813,0.020720395133116493,20.720395133116494,0.8808026513848748,0.9601447495739139,181,31146,167,73,94,-30965,1.0838323353293413,finite,0.058463796477495104,isolation_forest,DoS,123,0.01,0.565955153251519,0.0098091671125379,False,0b7faf22430359c6f3a96ed9e2c6945a109e3741b71552707344e8dbb69c67dc,ed93d1d0f2e5bf660f1819ef6b506b32641b6e06e6a7f13b28c3d1b76529d3a4,bec7dd5ec88dc2a0ccc7a07879d338395ed7421750f675fd0339e07dfe0648fa,benign calibration only; conservative >= cutoff with ties,frozen decisions on grouped internal development holdout,withheld_family,1.0,isolation_forest,-0.6982276540092,0.011323936875075293,d695ec981d57467e17a97b9ff512c445dbf5c863b35972a8c8dd422db5415575,,,
0.985412406271302,0.1629836745738252,0.27970512547646226,0.012890013251415491,12.890013251415493,0.851052713191384,0.9554183239958342,72,31409,102,73,29,-31337,0.7058823529411765,finite,0.07583170254403131,ae_denoising,DoS,123,0.01,1.3646931648254397,0.010165864098448368,False,0b7faf22430359c6f3a96ed9e2c6945a109e3741b71552707344e8dbb69c67dc,ed93d1d0f2e5bf660f1819ef6b506b32641b6e06e6a7f13b28c3d1b76529d3a4,bec7dd5ec88dc2a0ccc7a07879d338395ed7421750f675fd0339e07dfe0648fa,benign calibration only; conservative >= cutoff with ties,frozen decisions on grouped internal development holdout,withheld_family,1.0,ae_denoising,-0.7066158564084062,0.003493554993374292,d695ec981d57467e17a97b9ff512c445dbf5c863b35972a8c8dd422db5415575,,,
0.767379679144385,0.01294308649770001,0.025456803264147596,0.020961329960245755,20.961329960245752,0.8514804325422306,0.9377264545839683,26,38017,172,76,96,-37991,0.1511627906976744,finite,0.013535551206784083,ae_latent,DoS,123,0.01,60.00472096992697,0.0098091671125379,False,0b7faf22430359c6f3a96ed9e2c6945a109e3741b71552707344e8dbb69c67dc,ed93d1d0f2e5bf660f1819ef6b506b32641b6e06e6a7f13b28c3d1b76529d3a4,bec7dd5ec88dc2a0ccc7a07879d338395ed7421750f675fd0339e07dfe0648fa,benign calibration only; conservative >= cutoff with ties,frozen decisions on grouped internal development holdout,withheld_family,1.0,ae_latent,-0.8566564444845314,0.011564871702204556,d695ec981d57467e17a97b9ff512c445dbf5c863b35972a8c8dd422db5415575,,,
0.9985049787029985,0.7981870659330748,0.8871790373312949,0.006384772918925431,6.384772918925431,0.9920463419353281,0.9978242266159503,105,3272,5,30,-25,-3167,21.0,finite,0.808382257012394,learned_fusion,DoS,123,0.01,0.9405808475375408,0.009987515605493134,True,0b7faf22430359c6f3a96ed9e2c6945a109e3741b71552707344e8dbb69c67dc,ed93d1d0f2e5bf660f1819ef6b506b32641b6e06e6a7f13b28c3d1b76529d3a4,bec7dd5ec88dc2a0ccc7a07879d338395ed7421750f675fd0339e07dfe0648fa,benign calibration only; conservative >= cutoff with ties,frozen decisions on grouped internal development holdout,withheld_family,1.0,learned_fusion,-0.07141246504915666,-0.0030116853391157685,d695ec981d57467e17a97b9ff512c445dbf5c863b35972a8c8dd422db5415575,,,
0.9979020152473258,0.7614999549021376,0.8638189026729761,0.008553186363088784,8.553186363088784,0.9884824305280224,0.99737020967511,31,4825,40,47,-7,-4794,0.775,finite,0.7615786040443575,rank_or,DoS,123,0.01,0.994465274058204,0.008739076154806492,True,0b7faf22430359c6f3a96ed9e2c6945a109e3741b71552707344e8dbb69c67dc,ed93d1d0f2e5bf660f1819ef6b506b32641b6e06e6a7f13b28c3d1b76529d3a4,bec7dd5ec88dc2a0ccc7a07879d338395ed7421750f675fd0339e07dfe0648fa,benign calibration only; conservative >= cutoff with ties,frozen decisions on grouped internal development holdout,withheld_family,1.0,rank_or,-0.1080995760800938,-0.0008432718949524156,d695ec981d57467e17a97b9ff512c445dbf5c863b35972a8c8dd422db5415575,,,
0.9979815231736666,0.8695995309822314,0.9293778843489053,0.0093964582580412,9.3964582580412,0.9936201369947126,0.9986332356057104,0,0,0,0,0,0,,no_recovery_no_added_fp,0.8871493803000652,fusion_control,DoS,123,0.01,0.9457802797903351,0.009987515605493134,True,0b7faf22430359c6f3a96ed9e2c6945a109e3741b71552707344e8dbb69c67dc,ed93d1d0f2e5bf660f1819ef6b506b32641b6e06e6a7f13b28c3d1b76529d3a4,bec7dd5ec88dc2a0ccc7a07879d338395ed7421750f675fd0339e07dfe0648fa,benign calibration only; conservative >= cutoff with ties,frozen decisions on grouped internal development holdout,withheld_family,1.0,['lightgbm'],0.0,0.0,d695ec981d57467e17a97b9ff512c445dbf5c863b35972a8c8dd422db5415575,,,
0.9985866311938809,0.8125056372327951,0.8959866719713547,0.006143838091796169,6.1438380917961695,0.9922974728127151,0.9979528044236641,99,2631,7,34,-27,-2532,14.142857142857142,finite,0.8249347684279191,fusion_latent,DoS,123,0.01,0.9459635831297485,0.009987515605493134,True,0b7faf22430359c6f3a96ed9e2c6945a109e3741b71552707344e8dbb69c67dc,ed93d1d0f2e5bf660f1819ef6b506b32641b6e06e6a7f13b28c3d1b76529d3a4,bec7dd5ec88dc2a0ccc7a07879d338395ed7421750f675fd0339e07dfe0648fa,benign calibration only; conservative >= cutoff with ties,frozen decisions on grouped internal development holdout,withheld_family,1.0,"['lightgbm', 'ae_latent']",-0.0570938937494363,-0.0032526201662450302,d695ec981d57467e17a97b9ff512c445dbf5c863b35972a8c8dd422db5415575,,,
0.9980765337112776,0.889239650040588,0.9405199141426186,0.009155523430911939,9.155523430911938,0.9936535882431193,0.998352147696554,945,74,8,10,-2,871,118.125,finite,0.9115296803652968,fusion_ae_plain,DoS,123,0.01,0.927686870816541,0.009987515605493134,True,0b7faf22430359c6f3a96ed9e2c6945a109e3741b71552707344e8dbb69c67dc,ed93d1d0f2e5bf660f1819ef6b506b32641b6e06e6a7f13b28c3d1b76529d3a4,bec7dd5ec88dc2a0ccc7a07879d338395ed7421750f675fd0339e07dfe0648fa,benign calibration only; conservative >= cutoff with ties,frozen decisions on grouped internal development holdout,withheld_family,1.0,"['lightgbm', 'ae_plain']",0.01964011905835661,-0.00024093482712926086,d695ec981d57467e17a97b9ff512c445dbf5c863b35972a8c8dd422db5415575,,,
0.998518884226117,0.8208938396320015,0.9010358013538431,0.006505240332490061,6.505240332490062,0.9927757554456957,0.9981214016779971,200,2360,6,30,-24,-2160,33.333333333333336,finite,0.8377364644487932,fusion_ae_plain_latent,DoS,123,0.01,0.9411086377514818,0.009987515605493134,True,0b7faf22430359c6f3a96ed9e2c6945a109e3741b71552707344e8dbb69c67dc,ed93d1d0f2e5bf660f1819ef6b506b32641b6e06e6a7f13b28c3d1b76529d3a4,bec7dd5ec88dc2a0ccc7a07879d338395ed7421750f675fd0339e07dfe0648fa,benign calibration only; conservative >= cutoff with ties,frozen decisions on grouped internal development holdout,withheld_family,1.0,"['lightgbm', 'ae_plain', 'ae_latent']",-0.04870569135022995,-0.002891217925551138,d695ec981d57467e17a97b9ff512c445dbf5c863b35972a8c8dd422db5415575,,,
0.9981082103670071,0.8327771263642103,0.9079778733866011,0.008432718949524154,8.432718949524153,0.9922662245739681,0.9978662108508841,109,1742,10,18,-8,-1633,10.9,finite,0.845808871493803,fusion_ae_denoising,DoS,123,0.01,0.9319119943433926,0.009987515605493134,True,0b7faf22430359c6f3a96ed9e2c6945a109e3741b71552707344e8dbb69c67dc,ed93d1d0f2e5bf660f1819ef6b506b32641b6e06e6a7f13b28c3d1b76529d3a4,bec7dd5ec88dc2a0ccc7a07879d338395ed7421750f675fd0339e07dfe0648fa,benign calibration only; conservative >= cutoff with ties,frozen decisions on grouped internal development holdout,withheld_family,1.0,"['lightgbm', 'ae_denoising']",-0.03682240461802111,-0.0009637393085170452,d695ec981d57467e17a97b9ff512c445dbf5c863b35972a8c8dd422db5415575,,,
0.9985049787029985,0.7981870659330748,0.8871790373312949,0.006384772918925431,6.384772918925431,0.9920463419353281,0.9978242266159503,105,3272,5,30,-25,-3167,21.0,finite,0.808382257012394,fusion_ae_denoising_latent,DoS,123,0.01,0.9405808475375408,0.009987515605493134,True,0b7faf22430359c6f3a96ed9e2c6945a109e3741b71552707344e8dbb69c67dc,ed93d1d0f2e5bf660f1819ef6b506b32641b6e06e6a7f13b28c3d1b76529d3a4,bec7dd5ec88dc2a0ccc7a07879d338395ed7421750f675fd0339e07dfe0648fa,benign calibration only; conservative >= cutoff with ties,frozen decisions on grouped internal development holdout,withheld_family,1.0,"['lightgbm', 'ae_denoising', 'ae_latent']",-0.07141246504915666,-0.0030116853391157685,d695ec981d57467e17a97b9ff512c445dbf5c863b35972a8c8dd422db5415575,,,
0.9979991164929969,0.8660142509245061,0.9273339691661334,0.00927599084447657,9.275990844476569,0.9934632248473586,0.9982716429662255,84,243,3,4,-1,-159,28.0,finite,0.8837247227658187,fusion_ae_scaled,DoS,123,0.01,0.9409160877209752,0.009987515605493134,True,0b7faf22430359c6f3a96ed9e2c6945a109e3741b71552707344e8dbb69c67dc,ed93d1d0f2e5bf660f1819ef6b506b32641b6e06e6a7f13b28c3d1b76529d3a4,bec7dd5ec88dc2a0ccc7a07879d338395ed7421750f675fd0339e07dfe0648fa,benign calibration only; conservative >= cutoff with ties,frozen decisions on grouped internal development holdout,withheld_family,1.0,"['lightgbm', 'ae_scaled']",-0.003585280057725293,-0.00012046741356462956,d695ec981d57467e17a97b9ff512c445dbf5c863b35972a8c8dd422db5415575,,,
0.9984825074495088,0.8160232704969784,0.8980792138177487,0.006625707746054693,6.625707746054692,0.9923600983197506,0.9979837957115143,98,2474,7,30,-23,-2376,14.0,finite,0.828604044357469,fusion_ae_scaled_latent,DoS,123,0.01,0.9452695865699021,0.009987515605493134,True,0b7faf22430359c6f3a96ed9e2c6945a109e3741b71552707344e8dbb69c67dc,ed93d1d0f2e5bf660f1819ef6b506b32641b6e06e6a7f13b28c3d1b76529d3a4,bec7dd5ec88dc2a0ccc7a07879d338395ed7421750f675fd0339e07dfe0648fa,benign calibration only; conservative >= cutoff with ties,frozen decisions on grouped internal development holdout,withheld_family,1.0,"['lightgbm', 'ae_scaled', 'ae_latent']",-0.05357626048525299,-0.002770750511986507,d695ec981d57467e17a97b9ff512c445dbf5c863b35972a8c8dd422db5415575,,,
0.9979815231736666,0.8695995309822314,0.9293778843489053,0.0093964582580412,9.3964582580412,0.9933316799080316,0.9985784731460363,0,0,0,0,0,0,,no_recovery_no_added_fp,0.8871493803000652,selective_fusion,DoS,123,0.01,0.9984062275312248,0.009987515605493134,True,0b7faf22430359c6f3a96ed9e2c6945a109e3741b71552707344e8dbb69c67dc,ed93d1d0f2e5bf660f1819ef6b506b32641b6e06e6a7f13b28c3d1b76529d3a4,bec7dd5ec88dc2a0ccc7a07879d338395ed7421750f675fd0339e07dfe0648fa,benign calibration only; conservative >= cutoff with ties,frozen decisions on grouped internal development holdout,withheld_family,1.0,selective_fusion,0.0,0.0,d695ec981d57467e17a97b9ff512c445dbf5c863b35972a8c8dd422db5415575,True,0.10448441565841707,budget-dependent conditional ranking
0.9981896597625259,0.8454496256877424,0.9154926138444635,0.008191784122394892,8.191784122394893,0.9932942097289318,0.9985704947285599,87,1158,3,13,-10,-1071,29.0,finite,0.8616275277234181,selective_fusion_primary_0.75,DoS,123,0.01,0.9506702651449456,0.009987515605493134,True,0b7faf22430359c6f3a96ed9e2c6945a109e3741b71552707344e8dbb69c67dc,ed93d1d0f2e5bf660f1819ef6b506b32641b6e06e6a7f13b28c3d1b76529d3a4,bec7dd5ec88dc2a0ccc7a07879d338395ed7421750f675fd0339e07dfe0648fa,benign calibration only; conservative >= cutoff with ties,frozen decisions on grouped internal development holdout,withheld_family,0.75,selective_fusion_primary_0.75,-0.024149905294489016,-0.0012046741356463078,d695ec981d57467e17a97b9ff512c445dbf5c863b35972a8c8dd422db5415575,False,0.12602328629223727,budget-dependent conditional ranking
0.9983027267668336,0.8090331018309732,0.8937574730968514,0.007348512227442477,7.348512227442477,0.9932089429327272,0.9985511126668555,105,2791,4,21,-17,-2686,26.25,finite,0.8180039138943248,selective_fusion_primary_0.5,DoS,123,0.01,0.9409877971827807,0.009987515605493134,True,0b7faf22430359c6f3a96ed9e2c6945a109e3741b71552707344e8dbb69c67dc,ed93d1d0f2e5bf660f1819ef6b506b32641b6e06e6a7f13b28c3d1b76529d3a4,bec7dd5ec88dc2a0ccc7a07879d338395ed7421750f675fd0339e07dfe0648fa,benign calibration only; conservative >= cutoff with ties,frozen decisions on grouped internal development holdout,withheld_family,0.5,selective_fusion_primary_0.5,-0.060566429151258205,-0.0020479460305987225,d695ec981d57467e17a97b9ff512c445dbf5c863b35972a8c8dd422db5415575,False,0.16703071283405194,budget-dependent conditional ranking
0.9951479289940829,0.9480698114909353,0.9710385921152913,0.024695819780749306,24.695819780749307,0.9936201369947126,0.9986332356057104,0,0,0,0,0,0,,no_recovery_no_added_fp,0.9705642530984997,lightgbm,DoS,123,0.03,0.7541889065486587,0.0299625468164794,True,0b7faf22430359c6f3a96ed9e2c6945a109e3741b71552707344e8dbb69c67dc,ed93d1d0f2e5bf660f1819ef6b506b32641b6e06e6a7f13b28c3d1b76529d3a4,bec7dd5ec88dc2a0ccc7a07879d338395ed7421750f675fd0339e07dfe0648fa,benign calibration only; conservative >= cutoff with ties,frozen decisions on grouped internal development holdout,withheld_family,1.0,lightgbm,0.0,0.0,d695ec981d57467e17a97b9ff512c445dbf5c863b35972a8c8dd422db5415575,,,
0.9926724651495293,0.751465680526743,0.8553901437371664,0.02963498373689917,29.63498373689917,0.9424049745229403,0.9871221541252612,510,9229,201,160,41,-8719,2.537313432835821,finite,0.7575831702544031,ae_plain,DoS,123,0.03,0.03995496779680253,0.030140895309434635,True,0b7faf22430359c6f3a96ed9e2c6945a109e3741b71552707344e8dbb69c67dc,ed93d1d0f2e5bf660f1819ef6b506b32641b6e06e6a7f13b28c3d1b76529d3a4,bec7dd5ec88dc2a0ccc7a07879d338395ed7421750f675fd0339e07dfe0648fa,benign calibration only; conservative >= cutoff with ties,frozen decisions on grouped internal development holdout,withheld_family,1.0,ae_plain,-0.19660413096419227,0.004939163956149864,d695ec981d57467e17a97b9ff512c445dbf5c863b35972a8c8dd422db5415575,,,
0.9741249305500437,0.27674303238026515,0.4310323634256414,0.03927237682206963,39.27237682206963,0.9215044690889601,0.9745332349118517,92,29864,311,190,121,-29772,0.2958199356913183,finite,0.1879484670580561,ae_scaled,DoS,123,0.03,0.027436992153525356,0.030140895309434635,False,0b7faf22430359c6f3a96ed9e2c6945a109e3741b71552707344e8dbb69c67dc,ed93d1d0f2e5bf660f1819ef6b506b32641b6e06e6a7f13b28c3d1b76529d3a4,bec7dd5ec88dc2a0ccc7a07879d338395ed7421750f675fd0339e07dfe0648fa,benign calibration only; conservative >= cutoff with ties,frozen decisions on grouped internal development holdout,withheld_family,1.0,ae_scaled,-0.6713267791106701,0.014576557041320326,d695ec981d57467e17a97b9ff512c445dbf5c863b35972a8c8dd422db5415575,,,
0.9682539682539683,0.21732659871922072,0.35497771721115245,0.03806770268642332,38.067702686423324,0.8808026513848748,0.9601447495739139,176,32583,297,186,111,-32407,0.5925925925925926,finite,0.10534898891063274,isolation_forest,DoS,123,0.03,0.5259131730978474,0.0299625468164794,False,0b7faf22430359c6f3a96ed9e2c6945a109e3741b71552707344e8dbb69c67dc,ed93d1d0f2e5bf660f1819ef6b506b32641b6e06e6a7f13b28c3d1b76529d3a4,bec7dd5ec88dc2a0ccc7a07879d338395ed7421750f675fd0339e07dfe0648fa,benign calibration only; conservative >= cutoff with ties,frozen decisions on grouped internal development holdout,withheld_family,1.0,isolation_forest,-0.7307432127717146,0.013371882905674017,d695ec981d57467e17a97b9ff512c445dbf5c863b35972a8c8dd422db5415575,,,
0.9737148399612027,0.22636872012266618,0.3673387244319221,0.03264666907601494,32.64666907601494,0.851052713191384,0.9554183239958342,106,32112,251,185,66,-32006,0.42231075697211157,finite,0.12336921069797782,ae_denoising,DoS,123,0.03,0.516478180885315,0.030140895309434635,False,0b7faf22430359c6f3a96ed9e2c6945a109e3741b71552707344e8dbb69c67dc,ed93d1d0f2e5bf660f1819ef6b506b32641b6e06e6a7f13b28c3d1b76529d3a4,bec7dd5ec88dc2a0ccc7a07879d338395ed7421750f675fd0339e07dfe0648fa,benign calibration only; conservative >= cutoff with ties,frozen decisions on grouped internal development holdout,withheld_family,1.0,ae_denoising,-0.7217010913682691,0.007950849295265634,d695ec981d57467e17a97b9ff512c445dbf5c863b35972a8c8dd422db5415575,,,
0.9497690531177829,0.1483719671687562,0.2566502847335986,0.04192265992049151,41.922659920491505,0.8514804325422306,0.9377264545839683,128,35593,324,181,143,-35465,0.3950617283950617,finite,0.08047945205479452,ae_latent,DoS,123,0.03,33.25179083407278,0.0299625468164794,False,0b7faf22430359c6f3a96ed9e2c6945a109e3741b71552707344e8dbb69c67dc,ed93d1d0f2e5bf660f1819ef6b506b32641b6e06e6a7f13b28c3d1b76529d3a4,bec7dd5ec88dc2a0ccc7a07879d338395ed7421750f675fd0339e07dfe0648fa,benign calibration only; conservative >= cutoff with ties,frozen decisions on grouped internal development holdout,withheld_family,1.0,ae_latent,-0.799697844322179,0.017226840139742204,d695ec981d57467e17a97b9ff512c445dbf5c863b35972a8c8dd422db5415575,,,
0.9949453196967192,0.9498286281230269,0.9718636442291054,0.025780026502830983,25.780026502830985,0.9920463419353281,0.9978242266159503,142,64,26,17,9,78,5.461538461538462,finite,0.973744292237443,learned_fusion,DoS,123,0.03,0.8049483304334761,0.0299625468164794,True,0b7faf22430359c6f3a96ed9e2c6945a109e3741b71552707344e8dbb69c67dc,ed93d1d0f2e5bf660f1819ef6b506b32641b6e06e6a7f13b28c3d1b76529d3a4,bec7dd5ec88dc2a0ccc7a07879d338395ed7421750f675fd0339e07dfe0648fa,benign calibration only; conservative >= cutoff with ties,frozen decisions on grouped internal development holdout,withheld_family,1.0,learned_fusion,0.0017588166320916532,0.0010842067220816765,d695ec981d57467e17a97b9ff512c445dbf5c863b35972a8c8dd422db5415575,,,
0.9938217552052928,0.9213042301794895,0.95619003042359,0.030598723045416214,30.598723045416214,0.9884824305280224,0.99737020967511,31,1218,150,101,49,-1187,0.20666666666666667,finite,0.946917808219178,rank_or,DoS,123,0.03,0.9835743617211213,0.029784198323524167,False,0b7faf22430359c6f3a96ed9e2c6945a109e3741b71552707344e8dbb69c67dc,ed93d1d0f2e5bf660f1819ef6b506b32641b6e06e6a7f13b28c3d1b76529d3a4,bec7dd5ec88dc2a0ccc7a07879d338395ed7421750f675fd0339e07dfe0648fa,benign calibration only; conservative >= cutoff with ties,frozen decisions on grouped internal development holdout,withheld_family,1.0,rank_or,-0.026765581311445796,0.0059029032646669075,d695ec981d57467e17a97b9ff512c445dbf5c863b35972a8c8dd422db5415575,,,
0.9951479289940829,0.9480698114909353,0.9710385921152913,0.024695819780749306,24.695819780749307,0.9936201369947126,0.9986332356057104,0,0,0,0,0,0,,no_recovery_no_added_fp,0.9705642530984997,fusion_control,DoS,123,0.03,0.8521758182072978,0.0299625468164794,True,0b7faf22430359c6f3a96ed9e2c6945a109e3741b71552707344e8dbb69c67dc,ed93d1d0f2e5bf660f1819ef6b506b32641b6e06e6a7f13b28c3d1b76529d3a4,bec7dd5ec88dc2a0ccc7a07879d338395ed7421750f675fd0339e07dfe0648fa,benign calibration only; conservative >= cutoff with ties,frozen decisions on grouped internal development holdout,withheld_family,1.0,['lightgbm'],0.0,0.0,d695ec981d57467e17a97b9ff512c445dbf5c863b35972a8c8dd422db5415575,,,
0.9948925303256012,0.9487462794263551,0.971271598240977,0.026020961329960245,26.020961329960247,0.9922974728127151,0.9979528044236641,103,73,29,18,11,30,3.5517241379310347,finite,0.9725212002609263,fusion_latent,DoS,123,0.03,0.8204241977037393,0.0299625468164794,True,0b7faf22430359c6f3a96ed9e2c6945a109e3741b71552707344e8dbb69c67dc,ed93d1d0f2e5bf660f1819ef6b506b32641b6e06e6a7f13b28c3d1b76529d3a4,bec7dd5ec88dc2a0ccc7a07879d338395ed7421750f675fd0339e07dfe0648fa,benign calibration only; conservative >= cutoff with ties,frozen decisions on grouped internal development holdout,withheld_family,1.0,"['lightgbm', 'ae_latent']",0.0006764679354198666,0.001325141549210939,d695ec981d57467e17a97b9ff512c445dbf5c863b35972a8c8dd422db5415575,,,
0.9950168859079422,0.9500315685036529,0.9720040142575354,0.02541862426213709,25.41862426213709,0.9936535882431193,0.998352147696554,110,23,13,7,6,87,8.461538461538462,finite,0.9729288975864319,fusion_ae_plain,DoS,123,0.03,0.8117272920273562,0.0299625468164794,True,0b7faf22430359c6f3a96ed9e2c6945a109e3741b71552707344e8dbb69c67dc,ed93d1d0f2e5bf660f1819ef6b506b32641b6e06e6a7f13b28c3d1b76529d3a4,bec7dd5ec88dc2a0ccc7a07879d338395ed7421750f675fd0339e07dfe0648fa,benign calibration only; conservative >= cutoff with ties,frozen decisions on grouped internal development holdout,withheld_family,1.0,"['lightgbm', 'ae_plain']",0.001961757012717613,0.0007228044813877843,d695ec981d57467e17a97b9ff512c445dbf5c863b35972a8c8dd422db5415575,,,
0.9950415564790329,0.9502570578154595,0.9721337946943484,0.02529815684857246,25.29815684857246,0.9927757554456957,0.9981214016779971,168,71,25,20,5,97,6.72,finite,0.9747227658186562,fusion_ae_plain_latent,DoS,123,0.03,0.8063308979826768,0.029784198323524167,True,0b7faf22430359c6f3a96ed9e2c6945a109e3741b71552707344e8dbb69c67dc,ed93d1d0f2e5bf660f1819ef6b506b32641b6e06e6a7f13b28c3d1b76529d3a4,bec7dd5ec88dc2a0ccc7a07879d338395ed7421750f675fd0339e07dfe0648fa,benign calibration only; conservative >= cutoff with ties,frozen decisions on grouped internal development holdout,withheld_family,1.0,"['lightgbm', 'ae_plain', 'ae_latent']",0.0021872463245242724,0.0006023370678231547,d695ec981d57467e17a97b9ff512c445dbf5c863b35972a8c8dd422db5415575,,,
0.9950062717440181,0.9480021646973933,0.9709356704887935,0.02541862426213709,25.41862426213709,0.9922662245739681,0.9978662108508841,107,110,10,4,6,-3,10.7,finite,0.9714611872146118,fusion_ae_denoising,DoS,123,0.03,0.8044434019415242,0.0299625468164794,True,0b7faf22430359c6f3a96ed9e2c6945a109e3741b71552707344e8dbb69c67dc,ed93d1d0f2e5bf660f1819ef6b506b32641b6e06e6a7f13b28c3d1b76529d3a4,bec7dd5ec88dc2a0ccc7a07879d338395ed7421750f675fd0339e07dfe0648fa,benign calibration only; conservative >= cutoff with ties,frozen decisions on grouped internal development holdout,withheld_family,1.0,"['lightgbm', 'ae_denoising']",-6.764679354198666e-05,0.0007228044813877843,d695ec981d57467e17a97b9ff512c445dbf5c863b35972a8c8dd422db5415575,,,
0.9949453196967192,0.9498286281230269,0.9718636442291054,0.025780026502830983,25.780026502830985,0.9920463419353281,0.9978242266159503,142,64,26,17,9,78,5.461538461538462,finite,0.973744292237443,fusion_ae_denoising_latent,DoS,123,0.03,0.8049483304334761,0.0299625468164794,True,0b7faf22430359c6f3a96ed9e2c6945a109e3741b71552707344e8dbb69c67dc,ed93d1d0f2e5bf660f1819ef6b506b32641b6e06e6a7f13b28c3d1b76529d3a4,bec7dd5ec88dc2a0ccc7a07879d338395ed7421750f675fd0339e07dfe0648fa,benign calibration only; conservative >= cutoff with ties,frozen decisions on grouped internal development holdout,withheld_family,1.0,"['lightgbm', 'ae_denoising', 'ae_latent']",0.0017588166320916532,0.0010842067220816765,d695ec981d57467e17a97b9ff512c445dbf5c863b35972a8c8dd422db5415575,,,
0.9950062717440181,0.9480021646973933,0.9709356704887935,0.02541862426213709,25.41862426213709,0.9934632248473586,0.9982716429662255,6,9,6,0,6,-3,1.0,finite,0.970808871493803,fusion_ae_scaled,DoS,123,0.03,0.8357123494715546,0.0299625468164794,True,0b7faf22430359c6f3a96ed9e2c6945a109e3741b71552707344e8dbb69c67dc,ed93d1d0f2e5bf660f1819ef6b506b32641b6e06e6a7f13b28c3d1b76529d3a4,bec7dd5ec88dc2a0ccc7a07879d338395ed7421750f675fd0339e07dfe0648fa,benign calibration only; conservative >= cutoff with ties,frozen decisions on grouped internal development holdout,withheld_family,1.0,"['lightgbm', 'ae_scaled']",-6.764679354198666e-05,0.0007228044813877843,d695ec981d57467e17a97b9ff512c445dbf5c863b35972a8c8dd422db5415575,,,
0.9948688846326642,0.9487237304951746,0.9712485139486836,0.026141428743524875,26.141428743524877,0.9923600983197506,0.9979837957115143,101,72,30,18,12,29,3.3666666666666667,finite,0.9724396607958252,fusion_ae_scaled_latent,DoS,123,0.03,0.8204372605488736,0.0299625468164794,True,0b7faf22430359c6f3a96ed9e2c6945a109e3741b71552707344e8dbb69c67dc,ed93d1d0f2e5bf660f1819ef6b506b32641b6e06e6a7f13b28c3d1b76529d3a4,bec7dd5ec88dc2a0ccc7a07879d338395ed7421750f675fd0339e07dfe0648fa,benign calibration only; conservative >= cutoff with ties,frozen decisions on grouped internal development holdout,withheld_family,1.0,"['lightgbm', 'ae_scaled', 'ae_latent']",0.0006539190042392784,0.0014456089627755686,d695ec981d57467e17a97b9ff512c445dbf5c863b35972a8c8dd422db5415575,,,
0.9951254141031709,0.9482727518715612,0.971134306299649,0.02481628719431394,24.816287194313936,0.9934843693938361,0.9986088059456248,9,0,1,0,1,9,9.0,finite,0.9711350293542075,selective_fusion,DoS,123,0.03,0.9146232298660967,0.0299625468164794,True,0b7faf22430359c6f3a96ed9e2c6945a109e3741b71552707344e8dbb69c67dc,ed93d1d0f2e5bf660f1819ef6b506b32641b6e06e6a7f13b28c3d1b76529d3a4,bec7dd5ec88dc2a0ccc7a07879d338395ed7421750f675fd0339e07dfe0648fa,benign calibration only; conservative >= cutoff with ties,frozen decisions on grouped internal development holdout,withheld_family,1.0,selective_fusion,0.00020294038062595998,0.00012046741356463303,d695ec981d57467e17a97b9ff512c445dbf5c863b35972a8c8dd422db5415575,True,0.043704533799312426,budget-dependent conditional ranking
0.9950258183713108,0.9472355010372508,0.9705427072984775,0.02529815684857246,25.29815684857246,0.9934435906256294,0.998601266852304,83,120,21,16,5,-37,3.9523809523809526,finite,0.971542726679713,selective_fusion_primary_0.75,DoS,123,0.03,0.8132345251009226,0.0299625468164794,True,0b7faf22430359c6f3a96ed9e2c6945a109e3741b71552707344e8dbb69c67dc,ed93d1d0f2e5bf660f1819ef6b506b32641b6e06e6a7f13b28c3d1b76529d3a4,bec7dd5ec88dc2a0ccc7a07879d338395ed7421750f675fd0339e07dfe0648fa,benign calibration only; conservative >= cutoff with ties,frozen decisions on grouped internal development holdout,withheld_family,0.75,selective_fusion_primary_0.75,-0.0008343104536844281,0.0006023370678231547,d695ec981d57467e17a97b9ff512c445dbf5c863b35972a8c8dd422db5415575,False,0.04871887405268856,budget-dependent conditional ranking
0.9949453196967192,0.9498286281230269,0.9718636442291054,0.025780026502830983,25.780026502830985,0.9934116863735253,0.9985950809496128,142,64,26,17,9,78,5.461538461538462,finite,0.973744292237443,selective_fusion_primary_0.5,DoS,123,0.03,0.8049483304334761,0.0299625468164794,True,0b7faf22430359c6f3a96ed9e2c6945a109e3741b71552707344e8dbb69c67dc,ed93d1d0f2e5bf660f1819ef6b506b32641b6e06e6a7f13b28c3d1b76529d3a4,bec7dd5ec88dc2a0ccc7a07879d338395ed7421750f675fd0339e07dfe0648fa,benign calibration only; conservative >= cutoff with ties,frozen decisions on grouped internal development holdout,withheld_family,0.5,selective_fusion_primary_0.5,0.0017588166320916532,0.0010842067220816765,d695ec981d57467e17a97b9ff512c445dbf5c863b35972a8c8dd422db5415575,False,0.06193849835704382,budget-dependent conditional ranking
0.9915132402726893,0.9641922972851087,0.9776619338317671,0.04409107336465486,44.09107336465486,0.9936201369947126,0.9986332356057104,0,0,0,0,0,0,,no_recovery_no_added_fp,0.9817351598173516,lightgbm,DoS,123,0.05,0.6346692109417843,0.049937578027465665,True,0b7faf22430359c6f3a96ed9e2c6945a109e3741b71552707344e8dbb69c67dc,ed93d1d0f2e5bf660f1819ef6b506b32641b6e06e6a7f13b28c3d1b76529d3a4,bec7dd5ec88dc2a0ccc7a07879d338395ed7421750f675fd0339e07dfe0648fa,benign calibration only; conservative >= cutoff with ties,frozen decisions on grouped internal development holdout,withheld_family,1.0,lightgbm,0.0,0.0,d695ec981d57467e17a97b9ff512c445dbf5c863b35972a8c8dd422db5415575,,,
0.989265866470424,0.8790475331469289,0.9309056175750702,0.050957715937838814,50.95771593783881,0.9424049745229403,0.9871221541252612,685,4461,347,290,57,-3776,1.9740634005763689,finite,0.9094911937377691,ae_plain,DoS,123,0.05,0.026622800156474117,0.050115926520420906,False,0b7faf22430359c6f3a96ed9e2c6945a109e3741b71552707344e8dbb69c67dc,ed93d1d0f2e5bf660f1819ef6b506b32641b6e06e6a7f13b28c3d1b76529d3a4,bec7dd5ec88dc2a0ccc7a07879d338395ed7421750f675fd0339e07dfe0648fa,benign calibration only; conservative >= cutoff with ties,frozen decisions on grouped internal development holdout,withheld_family,1.0,ae_plain,-0.08514476413817984,0.006866642573183951,d695ec981d57467e17a97b9ff512c445dbf5c863b35972a8c8dd422db5415575,,,
0.9749540910018364,0.4309777216559935,0.5977295471603703,0.05914950006023371,59.149500060233706,0.9215044690889601,0.9745332349118517,65,23712,461,336,125,-23647,0.14099783080260303,finite,0.3664383561643836,ae_scaled,DoS,123,0.05,0.019184237346053127,0.050115926520420906,False,0b7faf22430359c6f3a96ed9e2c6945a109e3741b71552707344e8dbb69c67dc,ed93d1d0f2e5bf660f1819ef6b506b32641b6e06e6a7f13b28c3d1b76529d3a4,bec7dd5ec88dc2a0ccc7a07879d338395ed7421750f675fd0339e07dfe0648fa,benign calibration only; conservative >= cutoff with ties,frozen decisions on grouped internal development holdout,withheld_family,1.0,ae_scaled,-0.5332145756291151,0.015058426695578844,d695ec981d57467e17a97b9ff512c445dbf5c863b35972a8c8dd422db5415575,,,
0.9608011221945137,0.27800577252638226,0.43123469744665965,0.060595109023009276,60.59510902300928,0.8808026513848748,0.9601447495739139,206,30637,467,330,137,-30431,0.4411134903640257,finite,0.17115133724722767,isolation_forest,DoS,123,0.05,0.5031824215997834,0.049937578027465665,False,0b7faf22430359c6f3a96ed9e2c6945a109e3741b71552707344e8dbb69c67dc,ed93d1d0f2e5bf660f1819ef6b506b32641b6e06e6a7f13b28c3d1b76529d3a4,bec7dd5ec88dc2a0ccc7a07879d338395ed7421750f675fd0339e07dfe0648fa,benign calibration only; conservative >= cutoff with ties,frozen decisions on grouped internal development holdout,withheld_family,1.0,isolation_forest,-0.6861865247587264,0.016504035658354413,d695ec981d57467e17a97b9ff512c445dbf5c863b35972a8c8dd422db5415575,,,
0.9660466081183874,0.3150085685938486,0.47509734904521417,0.05914950006023371,59.149500060233706,0.851052713191384,0.9554183239958342,195,28985,438,313,125,-28790,0.4452054794520548,finite,0.22513046314416177,ae_denoising,DoS,123,0.05,0.2128773778676987,0.050115926520420906,False,0b7faf22430359c6f3a96ed9e2c6945a109e3741b71552707344e8dbb69c67dc,ed93d1d0f2e5bf660f1819ef6b506b32641b6e06e6a7f13b28c3d1b76529d3a4,bec7dd5ec88dc2a0ccc7a07879d338395ed7421750f675fd0339e07dfe0648fa,benign calibration only; conservative >= cutoff with ties,frozen decisions on grouped internal development holdout,withheld_family,1.0,ae_denoising,-0.6491837286912601,0.015058426695578844,d695ec981d57467e17a97b9ff512c445dbf5c863b35972a8c8dd422db5415575,,,
0.9513198163733741,0.2242942184540453,0.3630027005328078,0.06131791350439706,61.31791350439706,0.8514804325422306,0.9377264545839683,154,32967,452,309,143,-32813,0.3407079646017699,finite,0.14065557729941291,ae_latent,DoS,123,0.05,21.353985376570343,0.049937578027465665,False,0b7faf22430359c6f3a96ed9e2c6945a109e3741b71552707344e8dbb69c67dc,ed93d1d0f2e5bf660f1819ef6b506b32641b6e06e6a7f13b28c3d1b76529d3a4,bec7dd5ec88dc2a0ccc7a07879d338395ed7421750f675fd0339e07dfe0648fa,benign calibration only; conservative >= cutoff with ties,frozen decisions on grouped internal development holdout,withheld_family,1.0,ae_latent,-0.7398980788310634,0.017226840139742197,d695ec981d57467e17a97b9ff512c445dbf5c863b35972a8c8dd422db5415575,,,
0.9911529019408032,0.9650040588076125,0.977903708612298,0.04601855198168895,46.01855198168895,0.9920463419353281,0.9978242266159503,78,42,25,9,16,36,3.12,finite,0.9827136333985649,learned_fusion,DoS,123,0.05,0.639633164842401,0.049937578027465665,True,0b7faf22430359c6f3a96ed9e2c6945a109e3741b71552707344e8dbb69c67dc,ed93d1d0f2e5bf660f1819ef6b506b32641b6e06e6a7f13b28c3d1b76529d3a4,bec7dd5ec88dc2a0ccc7a07879d338395ed7421750f675fd0339e07dfe0648fa,benign calibration only; conservative >= cutoff with ties,frozen decisions on grouped internal development holdout,withheld_family,1.0,learned_fusion,0.0008117615225038399,0.0019274786170340868,d695ec981d57467e17a97b9ff512c445dbf5c863b35972a8c8dd422db5415575,,,
0.990155574966359,0.9457472715793271,0.9674420750343109,0.05023491145645103,50.23491145645103,0.9884824305280224,0.99737020967511,25,843,228,177,51,-818,0.10964912280701754,finite,0.9701565557729941,rank_or,DoS,123,0.05,0.973754686663096,0.049937578027465665,False,0b7faf22430359c6f3a96ed9e2c6945a109e3741b71552707344e8dbb69c67dc,ed93d1d0f2e5bf660f1819ef6b506b32641b6e06e6a7f13b28c3d1b76529d3a4,bec7dd5ec88dc2a0ccc7a07879d338395ed7421750f675fd0339e07dfe0648fa,benign calibration only; conservative >= cutoff with ties,frozen decisions on grouped internal development holdout,withheld_family,1.0,rank_or,-0.018445025705781548,0.006143838091796167,d695ec981d57467e17a97b9ff512c445dbf5c863b35972a8c8dd422db5415575,,,
0.9915132402726893,0.9641922972851087,0.9776619338317671,0.04409107336465486,44.09107336465486,0.9936201369947126,0.9986332356057104,0,0,0,0,0,0,,no_recovery_no_added_fp,0.9817351598173516,fusion_control,DoS,123,0.05,0.6855506358987032,0.049937578027465665,True,0b7faf22430359c6f3a96ed9e2c6945a109e3741b71552707344e8dbb69c67dc,ed93d1d0f2e5bf660f1819ef6b506b32641b6e06e6a7f13b28c3d1b76529d3a4,bec7dd5ec88dc2a0ccc7a07879d338395ed7421750f675fd0339e07dfe0648fa,benign calibration only; conservative >= cutoff with ties,frozen decisions on grouped internal development holdout,withheld_family,1.0,['lightgbm'],0.0,0.0,d695ec981d57467e17a97b9ff512c445dbf5c863b35972a8c8dd422db5415575,,,
0.9911510574717969,0.9648011184269866,0.977798599129312,0.04601855198168895,46.01855198168895,0.9922974728127151,0.9979528044236641,82,55,28,12,16,27,2.9285714285714284,finite,0.9825505544683627,fusion_latent,DoS,123,0.05,0.6649184210543704,0.049937578027465665,True,0b7faf22430359c6f3a96ed9e2c6945a109e3741b71552707344e8dbb69c67dc,ed93d1d0f2e5bf660f1819ef6b506b32641b6e06e6a7f13b28c3d1b76529d3a4,bec7dd5ec88dc2a0ccc7a07879d338395ed7421750f675fd0339e07dfe0648fa,benign calibration only; conservative >= cutoff with ties,frozen decisions on grouped internal development holdout,withheld_family,1.0,"['lightgbm', 'ae_latent']",0.0006088211418778799,0.0019274786170340868,d695ec981d57467e17a97b9ff512c445dbf5c863b35972a8c8dd422db5415575,,,
0.9917633410672854,0.9638540633173988,0.9776095508187723,0.04276593181544392,42.76593181544392,0.9936535882431193,0.998352147696554,27,42,10,21,-11,-15,2.7,finite,0.9823059360730594,fusion_ae_plain,DoS,123,0.05,0.6487098660053984,0.049937578027465665,True,0b7faf22430359c6f3a96ed9e2c6945a109e3741b71552707344e8dbb69c67dc,ed93d1d0f2e5bf660f1819ef6b506b32641b6e06e6a7f13b28c3d1b76529d3a4,bec7dd5ec88dc2a0ccc7a07879d338395ed7421750f675fd0339e07dfe0648fa,benign calibration only; conservative >= cutoff with ties,frozen decisions on grouped internal development holdout,withheld_family,1.0,"['lightgbm', 'ae_plain']",-0.0003382339677099333,-0.0013251415492109425,d695ec981d57467e17a97b9ff512c445dbf5c863b35972a8c8dd422db5415575,,,
0.9914242670066057,0.9645305312528186,0.9777925091150149,0.04457294301891338,44.572943018913385,0.9927757554456957,0.9981214016779971,75,60,20,16,4,15,3.75,finite,0.9826320939334638,fusion_ae_plain_latent,DoS,123,0.05,0.649364128754017,0.04975922953451043,True,0b7faf22430359c6f3a96ed9e2c6945a109e3741b71552707344e8dbb69c67dc,ed93d1d0f2e5bf660f1819ef6b506b32641b6e06e6a7f13b28c3d1b76529d3a4,bec7dd5ec88dc2a0ccc7a07879d338395ed7421750f675fd0339e07dfe0648fa,benign calibration only; conservative >= cutoff with ties,frozen decisions on grouped internal development holdout,withheld_family,1.0,"['lightgbm', 'ae_plain', 'ae_latent']",0.0003382339677099333,0.00048186965425851824,d695ec981d57467e17a97b9ff512c445dbf5c863b35972a8c8dd422db5415575,,,
0.9916510123147568,0.964169748353928,0.9777173105285422,0.04336826888326708,43.36826888326708,0.9922662245739681,0.9978662108508841,35,36,9,15,-6,-1,3.888888888888889,finite,0.9826320939334638,fusion_ae_denoising,DoS,123,0.05,0.6316979295876167,0.049937578027465665,True,0b7faf22430359c6f3a96ed9e2c6945a109e3741b71552707344e8dbb69c67dc,ed93d1d0f2e5bf660f1819ef6b506b32641b6e06e6a7f13b28c3d1b76529d3a4,bec7dd5ec88dc2a0ccc7a07879d338395ed7421750f675fd0339e07dfe0648fa,benign calibration only; conservative >= cutoff with ties,frozen decisions on grouped internal development holdout,withheld_family,1.0,"['lightgbm', 'ae_denoising']",-2.2548931180699228e-05,-0.0007228044813877843,d695ec981d57467e17a97b9ff512c445dbf5c863b35972a8c8dd422db5415575,,,
0.9911529019408032,0.9650040588076125,0.977903708612298,0.04601855198168895,46.01855198168895,0.9920463419353281,0.9978242266159503,78,42,25,9,16,36,3.12,finite,0.9827136333985649,fusion_ae_denoising_latent,DoS,123,0.05,0.639633164842401,0.049937578027465665,True,0b7faf22430359c6f3a96ed9e2c6945a109e3741b71552707344e8dbb69c67dc,ed93d1d0f2e5bf660f1819ef6b506b32641b6e06e6a7f13b28c3d1b76529d3a4,bec7dd5ec88dc2a0ccc7a07879d338395ed7421750f675fd0339e07dfe0648fa,benign calibration only; conservative >= cutoff with ties,frozen decisions on grouped internal development holdout,withheld_family,1.0,"['lightgbm', 'ae_denoising', 'ae_latent']",0.0008117615225038399,0.0019274786170340868,d695ec981d57467e17a97b9ff512c445dbf5c863b35972a8c8dd422db5415575,,,
0.9914442718356559,0.9641922972851087,0.9776284051807904,0.044452475605348755,44.45247560534875,0.9934632248473586,0.9982716429662255,10,10,6,3,3,0,1.6666666666666667,finite,0.9819797782126549,fusion_ae_scaled,DoS,123,0.05,0.6651983714055084,0.049937578027465665,True,0b7faf22430359c6f3a96ed9e2c6945a109e3741b71552707344e8dbb69c67dc,ed93d1d0f2e5bf660f1819ef6b506b32641b6e06e6a7f13b28c3d1b76529d3a4,bec7dd5ec88dc2a0ccc7a07879d338395ed7421750f675fd0339e07dfe0648fa,benign calibration only; conservative >= cutoff with ties,frozen decisions on grouped internal development holdout,withheld_family,1.0,"['lightgbm', 'ae_scaled']",0.0,0.00036140224069389215,d695ec981d57467e17a97b9ff512c445dbf5c863b35972a8c8dd422db5415575,,,
0.9911069939786938,0.9650040588076125,0.9778813636779088,0.046259486808818216,46.25948680881822,0.9923600983197506,0.9979837957115143,84,48,30,12,18,36,2.8,finite,0.9826320939334638,fusion_ae_scaled_latent,DoS,123,0.05,0.6625014276923669,0.049937578027465665,True,0b7faf22430359c6f3a96ed9e2c6945a109e3741b71552707344e8dbb69c67dc,ed93d1d0f2e5bf660f1819ef6b506b32641b6e06e6a7f13b28c3d1b76529d3a4,bec7dd5ec88dc2a0ccc7a07879d338395ed7421750f675fd0339e07dfe0648fa,benign calibration only; conservative >= cutoff with ties,frozen decisions on grouped internal development holdout,withheld_family,1.0,"['lightgbm', 'ae_scaled', 'ae_latent']",0.0008117615225038399,0.002168413444163353,d695ec981d57467e17a97b9ff512c445dbf5c863b35972a8c8dd422db5415575,,,
0.9913994946333774,0.9643275908721927,0.9776761730582385,0.044693410432478015,44.69341043247802,0.9935297212406651,0.9986169895712103,6,0,5,0,5,6,1.2,finite,0.9818982387475538,selective_fusion,DoS,123,0.05,0.8137565199979279,0.049937578027465665,True,0b7faf22430359c6f3a96ed9e2c6945a109e3741b71552707344e8dbb69c67dc,ed93d1d0f2e5bf660f1819ef6b506b32641b6e06e6a7f13b28c3d1b76529d3a4,bec7dd5ec88dc2a0ccc7a07879d338395ed7421750f675fd0339e07dfe0648fa,benign calibration only; conservative >= cutoff with ties,frozen decisions on grouped internal development holdout,withheld_family,1.0,selective_fusion,0.00013529358708397332,0.0006023370678231513,d695ec981d57467e17a97b9ff512c445dbf5c863b35972a8c8dd422db5415575,True,0.03350490987483143,budget-dependent conditional ranking
0.9911529019408032,0.9650040588076125,0.977903708612298,0.04601855198168895,46.01855198168895,0.993478685302944,0.9986076262164773,78,42,25,9,16,36,3.12,finite,0.9827136333985649,selective_fusion_primary_0.75,DoS,123,0.05,0.639633164842401,0.049937578027465665,True,0b7faf22430359c6f3a96ed9e2c6945a109e3741b71552707344e8dbb69c67dc,ed93d1d0f2e5bf660f1819ef6b506b32641b6e06e6a7f13b28c3d1b76529d3a4,bec7dd5ec88dc2a0ccc7a07879d338395ed7421750f675fd0339e07dfe0648fa,benign calibration only; conservative >= cutoff with ties,frozen decisions on grouped internal development holdout,withheld_family,0.75,selective_fusion_primary_0.75,0.0008117615225038399,0.0019274786170340868,d695ec981d57467e17a97b9ff512c445dbf5c863b35972a8c8dd422db5415575,False,0.03939296092993219,budget-dependent conditional ranking
0.9911529019408032,0.9650040588076125,0.977903708612298,0.04601855198168895,46.01855198168895,0.9934560345063351,0.9986035449848127,78,42,25,9,16,36,3.12,finite,0.9827136333985649,selective_fusion_primary_0.5,DoS,123,0.05,0.639633164842401,0.049937578027465665,True,0b7faf22430359c6f3a96ed9e2c6945a109e3741b71552707344e8dbb69c67dc,ed93d1d0f2e5bf660f1819ef6b506b32641b6e06e6a7f13b28c3d1b76529d3a4,bec7dd5ec88dc2a0ccc7a07879d338395ed7421750f675fd0339e07dfe0648fa,benign calibration only; conservative >= cutoff with ties,frozen decisions on grouped internal development holdout,withheld_family,0.5,selective_fusion_primary_0.5,0.0008117615225038399,0.0019274786170340868,d695ec981d57467e17a97b9ff512c445dbf5c863b35972a8c8dd422db5415575,False,0.04668654675302475,budget-dependent conditional ranking
0.9953628564804081,0.8712230540272391,0.9291649131245115,0.02168413444163354,21.68413444163354,0.9884824305280224,0.99737020967511,72,0,102,0,102,72,0.7058823529411765,finite,0.8905740378343118,naive_or,DoS,123,0.01,,,False,0b7faf22430359c6f3a96ed9e2c6945a109e3741b71552707344e8dbb69c67dc,ed93d1d0f2e5bf660f1819ef6b506b32641b6e06e6a7f13b28c3d1b76529d3a4,bec7dd5ec88dc2a0ccc7a07879d338395ed7421750f675fd0339e07dfe0648fa,benign calibration only; conservative >= cutoff with ties,frozen decisions on grouped internal development holdout,withheld_family,1.0,naive_or,0.0016235230450076799,0.01228767618359234,d695ec981d57467e17a97b9ff512c445dbf5c863b35972a8c8dd422db5415575,,,rank_or (naive OR has two cutoffs)
0.9892975332691811,0.9504599981960855,0.9694899660744063,0.05493314058547163,54.93314058547163,0.9884824305280224,0.99737020967511,106,0,251,0,251,106,0.42231075697211157,finite,0.9742335290280496,naive_or,DoS,123,0.03,,,False,0b7faf22430359c6f3a96ed9e2c6945a109e3741b71552707344e8dbb69c67dc,ed93d1d0f2e5bf660f1819ef6b506b32641b6e06e6a7f13b28c3d1b76529d3a4,bec7dd5ec88dc2a0ccc7a07879d338395ed7421750f675fd0339e07dfe0648fa,benign calibration only; conservative >= cutoff with ties,frozen decisions on grouped internal development holdout,withheld_family,1.0,naive_or,0.0023901867051502323,0.03023732080472232,d695ec981d57467e17a97b9ff512c445dbf5c863b35972a8c8dd422db5415575,,,rank_or (naive OR has two cutoffs)
0.9816266368061427,0.9685893388653378,0.9750644103192709,0.09685580050596314,96.85580050596313,0.9884824305280224,0.99737020967511,195,0,438,0,438,195,0.4452054794520548,finite,0.9859752120026093,naive_or,DoS,123,0.05,,,False,0b7faf22430359c6f3a96ed9e2c6945a109e3741b71552707344e8dbb69c67dc,ed93d1d0f2e5bf660f1819ef6b506b32641b6e06e6a7f13b28c3d1b76529d3a4,bec7dd5ec88dc2a0ccc7a07879d338395ed7421750f675fd0339e07dfe0648fa,benign calibration only; conservative >= cutoff with ties,frozen decisions on grouped internal development holdout,withheld_family,1.0,naive_or,0.004397041580229133,0.052764727141308275,d695ec981d57467e17a97b9ff512c445dbf5c863b35972a8c8dd422db5415575,,,rank_or (naive OR has two cutoffs)
0.9966702313824616,0.9305814006263332,0.9624926651801432,0.016348448687350834,16.348448687350835,0.993371599142835,0.9985523057072994,0,0,0,0,0,0,,no_recovery_no_added_fp,0.9552348336594912,lightgbm,DoS,2026,0.01,0.8555583088737222,0.009866102889358703,False,0b7faf22430359c6f3a96ed9e2c6945a109e3741b71552707344e8dbb69c67dc,eac28ec8c819875b84258be4ca59846afd2f7c85b007746d1022021ef5fd4423,bec7dd5ec88dc2a0ccc7a07879d338395ed7421750f675fd0339e07dfe0648fa,benign calibration only; conservative >= cutoff with ties,frozen decisions on grouped internal development holdout,withheld_family,1.0,lightgbm,0.0,0.0,a1e41f236198cf114400b1727942427de66a593bbc1312470bb5f5974a0b1d3e,,,
0.9936200716845878,0.31455090092134524,0.4778337010479868,0.010620525059665872,10.620525059665871,0.9401392283997523,0.9865249080871141,314,27460,75,123,-48,-27146,4.1866666666666665,finite,0.2124918460534899,ae_plain,DoS,2026,0.01,0.07948008924722673,0.01004228329809725,False,0b7faf22430359c6f3a96ed9e2c6945a109e3741b71552707344e8dbb69c67dc,eac28ec8c819875b84258be4ca59846afd2f7c85b007746d1022021ef5fd4423,bec7dd5ec88dc2a0ccc7a07879d338395ed7421750f675fd0339e07dfe0648fa,benign calibration only; conservative >= cutoff with ties,frozen decisions on grouped internal development holdout,withheld_family,1.0,ae_plain,-0.6160304997049879,-0.005727923627684962,a1e41f236198cf114400b1727942427de66a593bbc1312470bb5f5974a0b1d3e,,,
0.9876912840984697,0.1347524168293015,0.23715004592835176,0.00883054892601432,8.83054892601432,0.9349591770946313,0.9787782941813696,19,35088,71,134,-63,-35069,0.2676056338028169,finite,0.04794520547945205,ae_scaled,DoS,2026,0.01,0.07366132736206056,0.01004228329809725,True,0b7faf22430359c6f3a96ed9e2c6945a109e3741b71552707344e8dbb69c67dc,eac28ec8c819875b84258be4ca59846afd2f7c85b007746d1022021ef5fd4423,bec7dd5ec88dc2a0ccc7a07879d338395ed7421750f675fd0339e07dfe0648fa,benign calibration only; conservative >= cutoff with ties,frozen decisions on grouped internal development holdout,withheld_family,1.0,ae_scaled,-0.7958289837970317,-0.007517899761336514,a1e41f236198cf114400b1727942427de66a593bbc1312470bb5f5974a0b1d3e,,,
0.98378728923476,0.034425634275858936,0.06652341694439572,0.0029832935560859188,2.983293556085919,0.8911883774468479,0.9681830191819616,0,39490,25,137,-112,-39490,0.0,finite,0.018590998043052837,isolation_forest,DoS,2026,0.01,0.6107334279611434,0.009866102889358703,True,0b7faf22430359c6f3a96ed9e2c6945a109e3741b71552707344e8dbb69c67dc,eac28ec8c819875b84258be4ca59846afd2f7c85b007746d1022021ef5fd4423,bec7dd5ec88dc2a0ccc7a07879d338395ed7421750f675fd0339e07dfe0648fa,benign calibration only; conservative >= cutoff with ties,frozen decisions on grouped internal development holdout,withheld_family,1.0,isolation_forest,-0.8961557663504742,-0.013365155131264916,a1e41f236198cf114400b1727942427de66a593bbc1312470bb5f5974a0b1d3e,,,
0.990858635324845,0.13774792356919166,0.24187121453618107,0.006682577565632458,6.682577565632458,0.8928036251654197,0.967226129876612,74,35011,46,127,-81,-34937,1.608695652173913,finite,0.08871493803000652,ae_denoising,DoS,2026,0.01,1.1952195167541506,0.01004228329809725,True,0b7faf22430359c6f3a96ed9e2c6945a109e3741b71552707344e8dbb69c67dc,eac28ec8c819875b84258be4ca59846afd2f7c85b007746d1022021ef5fd4423,bec7dd5ec88dc2a0ccc7a07879d338395ed7421750f675fd0339e07dfe0648fa,benign calibration only; conservative >= cutoff with ties,frozen decisions on grouped internal development holdout,withheld_family,1.0,ae_denoising,-0.7928334770571416,-0.009665871121718376,a1e41f236198cf114400b1727942427de66a593bbc1312470bb5f5974a0b1d3e,,,
0.8654822335025381,0.007738392411382925,0.015339631129104813,0.006324582338902148,6.324582338902148,0.8736751105712879,0.9543449687281975,3,40669,51,135,-84,-40666,0.058823529411764705,finite,0.007909328114807566,ae_latent,DoS,2026,0.01,106.70878679664011,0.007751937984496124,True,0b7faf22430359c6f3a96ed9e2c6945a109e3741b71552707344e8dbb69c67dc,eac28ec8c819875b84258be4ca59846afd2f7c85b007746d1022021ef5fd4423,bec7dd5ec88dc2a0ccc7a07879d338395ed7421750f675fd0339e07dfe0648fa,benign calibration only; conservative >= cutoff with ties,frozen decisions on grouped internal development holdout,withheld_family,1.0,ae_latent,-0.9228430082149502,-0.010023866348448686,a1e41f236198cf114400b1727942427de66a593bbc1312470bb5f5974a0b1d3e,,,
0.9968636794631787,0.9304679344619434,0.9625221545359578,0.015393794749403342,15.393794749403341,0.9926088803982136,0.9979357058250038,191,196,17,25,-8,-5,11.235294117647058,finite,0.9571917808219178,learned_fusion,DoS,2026,0.01,0.9054865165139935,0.009866102889358703,False,0b7faf22430359c6f3a96ed9e2c6945a109e3741b71552707344e8dbb69c67dc,eac28ec8c819875b84258be4ca59846afd2f7c85b007746d1022021ef5fd4423,bec7dd5ec88dc2a0ccc7a07879d338395ed7421750f675fd0339e07dfe0648fa,benign calibration only; conservative >= cutoff with ties,frozen decisions on grouped internal development holdout,withheld_family,1.0,learned_fusion,-0.00011346616438978607,-0.000954653937947492,a1e41f236198cf114400b1727942427de66a593bbc1312470bb5f5974a0b1d3e,,,
0.9975204562360526,0.8216538828121455,0.9010863208192825,0.010739856801909307,10.739856801909308,0.9906098367636221,0.9978843689964908,30,4830,28,75,-47,-4800,1.0714285714285714,finite,0.8325994781474233,rank_or,DoS,2026,0.01,0.9922354640664501,0.009866102889358703,False,0b7faf22430359c6f3a96ed9e2c6945a109e3741b71552707344e8dbb69c67dc,eac28ec8c819875b84258be4ca59846afd2f7c85b007746d1022021ef5fd4423,bec7dd5ec88dc2a0ccc7a07879d338395ed7421750f675fd0339e07dfe0648fa,benign calibration only; conservative >= cutoff with ties,frozen decisions on grouped internal development holdout,withheld_family,1.0,rank_or,-0.10892751781418775,-0.005608591885441527,a1e41f236198cf114400b1727942427de66a593bbc1312470bb5f5974a0b1d3e,,,
0.9966702313824616,0.9305814006263332,0.9624926651801432,0.016348448687350834,16.348448687350835,0.993371599142835,0.9985523057072994,0,0,0,0,0,0,,no_recovery_no_added_fp,0.9552348336594912,fusion_control,DoS,2026,0.01,0.9272338956021253,0.009866102889358703,False,0b7faf22430359c6f3a96ed9e2c6945a109e3741b71552707344e8dbb69c67dc,eac28ec8c819875b84258be4ca59846afd2f7c85b007746d1022021ef5fd4423,bec7dd5ec88dc2a0ccc7a07879d338395ed7421750f675fd0339e07dfe0648fa,benign calibration only; conservative >= cutoff with ties,frozen decisions on grouped internal development holdout,withheld_family,1.0,['lightgbm'],0.0,0.0,a1e41f236198cf114400b1727942427de66a593bbc1312470bb5f5974a0b1d3e,,,
0.9968641369083793,0.9306040938592112,0.9625952137835522,0.015393794749403342,15.393794749403341,0.992589763109729,0.9979268156029886,195,194,17,25,-8,1,11.470588235294118,finite,0.9571917808219178,fusion_latent,DoS,2026,0.01,0.9051821017270548,0.009866102889358703,False,0b7faf22430359c6f3a96ed9e2c6945a109e3741b71552707344e8dbb69c67dc,eac28ec8c819875b84258be4ca59846afd2f7c85b007746d1022021ef5fd4423,bec7dd5ec88dc2a0ccc7a07879d338395ed7421750f675fd0339e07dfe0648fa,benign calibration only; conservative >= cutoff with ties,frozen decisions on grouped internal development holdout,withheld_family,1.0,"['lightgbm', 'ae_latent']",2.2693232877957215e-05,-0.000954653937947492,a1e41f236198cf114400b1727942427de66a593bbc1312470bb5f5974a0b1d3e,,,
0.9966821660370048,0.9339399990922707,0.9642915719674782,0.016348448687350834,16.348448687350835,0.993894561715682,0.9986695546454545,194,46,8,8,0,148,24.25,finite,0.9593933463796478,fusion_ae_plain,DoS,2026,0.01,0.9047611888460636,0.009866102889358703,False,0b7faf22430359c6f3a96ed9e2c6945a109e3741b71552707344e8dbb69c67dc,eac28ec8c819875b84258be4ca59846afd2f7c85b007746d1022021ef5fd4423,bec7dd5ec88dc2a0ccc7a07879d338395ed7421750f675fd0339e07dfe0648fa,benign calibration only; conservative >= cutoff with ties,frozen decisions on grouped internal development holdout,withheld_family,1.0,"['lightgbm', 'ae_plain']",0.0033585984659374457,0.0,a1e41f236198cf114400b1727942427de66a593bbc1312470bb5f5974a0b1d3e,,,
0.9967846436514843,0.9356646847909953,0.9652581060517382,0.01587112171837709,15.871121718377088,0.9933334552846365,0.9984373961384904,338,114,19,23,-4,224,17.789473684210527,finite,0.9631441617742987,fusion_ae_plain_latent,DoS,2026,0.01,0.8917420216489195,0.009866102889358703,False,0b7faf22430359c6f3a96ed9e2c6945a109e3741b71552707344e8dbb69c67dc,eac28ec8c819875b84258be4ca59846afd2f7c85b007746d1022021ef5fd4423,bec7dd5ec88dc2a0ccc7a07879d338395ed7421750f675fd0339e07dfe0648fa,benign calibration only; conservative >= cutoff with ties,frozen decisions on grouped internal development holdout,withheld_family,1.0,"['lightgbm', 'ae_plain', 'ae_latent']",0.005083284164662083,-0.00047732696897374513,a1e41f236198cf114400b1727942427de66a593bbc1312470bb5f5974a0b1d3e,,,
0.9966199786013034,0.9300821495030182,0.9622021364009861,0.01658711217183771,16.58711217183771,0.9921822449120851,0.9978014281900649,68,90,7,5,2,-22,9.714285714285714,finite,0.9549902152641878,fusion_ae_denoising,DoS,2026,0.01,0.9081897957258711,0.009866102889358703,False,0b7faf22430359c6f3a96ed9e2c6945a109e3741b71552707344e8dbb69c67dc,eac28ec8c819875b84258be4ca59846afd2f7c85b007746d1022021ef5fd4423,bec7dd5ec88dc2a0ccc7a07879d338395ed7421750f675fd0339e07dfe0648fa,benign calibration only; conservative >= cutoff with ties,frozen decisions on grouped internal development holdout,withheld_family,1.0,"['lightgbm', 'ae_denoising']",-0.0004992511233150587,0.0002386634844868743,a1e41f236198cf114400b1727942427de66a593bbc1312470bb5f5974a0b1d3e,,,
0.9968636794631787,0.9304679344619434,0.9625221545359578,0.015393794749403342,15.393794749403341,0.9926088803982136,0.9979357058250038,191,196,17,25,-8,-5,11.235294117647058,finite,0.9571917808219178,fusion_ae_denoising_latent,DoS,2026,0.01,0.9054865165139935,0.009866102889358703,False,0b7faf22430359c6f3a96ed9e2c6945a109e3741b71552707344e8dbb69c67dc,eac28ec8c819875b84258be4ca59846afd2f7c85b007746d1022021ef5fd4423,bec7dd5ec88dc2a0ccc7a07879d338395ed7421750f675fd0339e07dfe0648fa,benign calibration only; conservative >= cutoff with ties,frozen decisions on grouped internal development holdout,withheld_family,1.0,"['lightgbm', 'ae_denoising', 'ae_latent']",-0.00011346616438978607,-0.000954653937947492,a1e41f236198cf114400b1727942427de66a593bbc1312470bb5f5974a0b1d3e,,,
0.9966745151345971,0.9317841419688648,0.9631375860572581,0.016348448687350834,16.348448687350835,0.9931378466580884,0.9982791534251676,64,11,3,3,0,53,21.333333333333332,finite,0.956539465101109,fusion_ae_scaled,DoS,2026,0.01,0.9163755997715274,0.009866102889358703,False,0b7faf22430359c6f3a96ed9e2c6945a109e3741b71552707344e8dbb69c67dc,eac28ec8c819875b84258be4ca59846afd2f7c85b007746d1022021ef5fd4423,bec7dd5ec88dc2a0ccc7a07879d338395ed7421750f675fd0339e07dfe0648fa,benign calibration only; conservative >= cutoff with ties,frozen decisions on grouped internal development holdout,withheld_family,1.0,"['lightgbm', 'ae_scaled']",0.0012027413425316213,0.0,a1e41f236198cf114400b1727942427de66a593bbc1312470bb5f5974a0b1d3e,,,
0.9968680958508339,0.9317841419688648,0.9632279631693156,0.015393794749403342,15.393794749403341,0.992623736612482,0.9979657771748311,194,141,17,25,-8,53,11.411764705882353,finite,0.9585779517286367,fusion_ae_scaled_latent,DoS,2026,0.01,0.9044621078556421,0.009866102889358703,False,0b7faf22430359c6f3a96ed9e2c6945a109e3741b71552707344e8dbb69c67dc,eac28ec8c819875b84258be4ca59846afd2f7c85b007746d1022021ef5fd4423,bec7dd5ec88dc2a0ccc7a07879d338395ed7421750f675fd0339e07dfe0648fa,benign calibration only; conservative >= cutoff with ties,frozen decisions on grouped internal development holdout,withheld_family,1.0,"['lightgbm', 'ae_scaled', 'ae_latent']",0.0012027413425316213,-0.000954653937947492,a1e41f236198cf114400b1727942427de66a593bbc1312470bb5f5974a0b1d3e,,,
0.9966709595898233,0.9307856397222348,0.9626022365904318,0.016348448687350834,16.348448687350835,0.9933665757601394,0.9985518449562641,9,0,0,0,0,9,,recovery_without_additional_fp,0.9555609915198956,selective_fusion,DoS,2026,0.01,0.9574762753176053,0.009866102889358703,False,0b7faf22430359c6f3a96ed9e2c6945a109e3741b71552707344e8dbb69c67dc,eac28ec8c819875b84258be4ca59846afd2f7c85b007746d1022021ef5fd4423,bec7dd5ec88dc2a0ccc7a07879d338395ed7421750f675fd0339e07dfe0648fa,benign calibration only; conservative >= cutoff with ties,frozen decisions on grouped internal development holdout,withheld_family,1.0,selective_fusion,0.00020423909590161493,0.0,a1e41f236198cf114400b1727942427de66a593bbc1312470bb5f5974a0b1d3e,True,0.05641993669679289,budget-dependent conditional ranking
0.9967699630852924,0.9313983570099397,0.9629759977475892,0.01587112171837709,15.871121718377088,0.9933658987543853,0.9985516821118198,191,155,17,21,-4,36,11.235294117647058,finite,0.9576810176125244,selective_fusion_primary_0.75,DoS,2026,0.01,0.9054865165139935,0.009866102889358703,False,0b7faf22430359c6f3a96ed9e2c6945a109e3741b71552707344e8dbb69c67dc,eac28ec8c819875b84258be4ca59846afd2f7c85b007746d1022021ef5fd4423,bec7dd5ec88dc2a0ccc7a07879d338395ed7421750f675fd0339e07dfe0648fa,benign calibration only; conservative >= cutoff with ties,frozen decisions on grouped internal development holdout,withheld_family,0.75,selective_fusion_primary_0.75,0.0008169563836064597,-0.00047732696897374513,a1e41f236198cf114400b1727942427de66a593bbc1312470bb5f5974a0b1d3e,False,0.07747015978339626,budget-dependent conditional ranking
0.9968636794631787,0.9304679344619434,0.9625221545359578,0.015393794749403342,15.393794749403341,0.993256318603024,0.9985276419295319,191,196,17,25,-8,-5,11.235294117647058,finite,0.9571917808219178,selective_fusion_primary_0.5,DoS,2026,0.01,0.9054865165139935,0.009866102889358703,False,0b7faf22430359c6f3a96ed9e2c6945a109e3741b71552707344e8dbb69c67dc,eac28ec8c819875b84258be4ca59846afd2f7c85b007746d1022021ef5fd4423,bec7dd5ec88dc2a0ccc7a07879d338395ed7421750f675fd0339e07dfe0648fa,benign calibration only; conservative >= cutoff with ties,frozen decisions on grouped internal development holdout,withheld_family,0.5,selective_fusion_primary_0.5,-0.00011346616438978607,-0.000954653937947492,a1e41f236198cf114400b1727942427de66a593bbc1312470bb5f5974a0b1d3e,False,0.13915265225183998,budget-dependent conditional ranking
0.9932870153037273,0.9603322289293332,0.9765316718587747,0.034128878281622914,34.12887828162291,0.993371599142835,0.9985523057072994,0,0,0,0,0,0,,no_recovery_no_added_fp,0.9796966731898239,lightgbm,DoS,2026,0.03,0.6855149601906395,0.029950669485553208,False,0b7faf22430359c6f3a96ed9e2c6945a109e3741b71552707344e8dbb69c67dc,eac28ec8c819875b84258be4ca59846afd2f7c85b007746d1022021ef5fd4423,bec7dd5ec88dc2a0ccc7a07879d338395ed7421750f675fd0339e07dfe0648fa,benign calibration only; conservative >= cutoff with ties,frozen decisions on grouped internal development holdout,withheld_family,1.0,lightgbm,0.0,0.0,a1e41f236198cf114400b1727942427de66a593bbc1312470bb5f5974a0b1d3e,,,
0.9930659670164917,0.8417600871420142,0.9111744331720258,0.030906921241050118,30.90692124105012,0.9401392283997523,0.9865249080871141,515,5740,219,246,-27,-5225,2.3515981735159817,finite,0.8544520547945206,ae_plain,DoS,2026,0.03,0.039766903966665275,0.030126849894291756,False,0b7faf22430359c6f3a96ed9e2c6945a109e3741b71552707344e8dbb69c67dc,eac28ec8c819875b84258be4ca59846afd2f7c85b007746d1022021ef5fd4423,bec7dd5ec88dc2a0ccc7a07879d338395ed7421750f675fd0339e07dfe0648fa,benign calibration only; conservative >= cutoff with ties,frozen decisions on grouped internal development holdout,withheld_family,1.0,ae_plain,-0.11857214178731901,-0.003221957040572796,a1e41f236198cf114400b1727942427de66a593bbc1312470bb5f5974a0b1d3e,,,
0.9813996579247435,0.3125085099623292,0.4740610692278564,0.031145584725536992,31.14558472553699,0.9349591770946313,0.9787782941813696,63,28610,222,247,-25,-28547,0.28378378378378377,finite,0.22325505544683627,ae_scaled,DoS,2026,0.03,0.02859817817807198,0.030126849894291756,False,0b7faf22430359c6f3a96ed9e2c6945a109e3741b71552707344e8dbb69c67dc,eac28ec8c819875b84258be4ca59846afd2f7c85b007746d1022021ef5fd4423,bec7dd5ec88dc2a0ccc7a07879d338395ed7421750f675fd0339e07dfe0648fa,benign calibration only; conservative >= cutoff with ties,frozen decisions on grouped internal development holdout,withheld_family,1.0,ae_scaled,-0.647823718967004,-0.002983293556085922,a1e41f236198cf114400b1727942427de66a593bbc1312470bb5f5974a0b1d3e,,,
0.9783043707214323,0.21079744020333135,0.3468568548010679,0.02458233890214797,24.58233890214797,0.8911883774468479,0.9681830191819616,43,33072,190,270,-80,-33029,0.22631578947368422,finite,0.09711350293542075,isolation_forest,DoS,2026,0.03,0.5273544596289313,0.029950669485553208,True,0b7faf22430359c6f3a96ed9e2c6945a109e3741b71552707344e8dbb69c67dc,eac28ec8c819875b84258be4ca59846afd2f7c85b007746d1022021ef5fd4423,bec7dd5ec88dc2a0ccc7a07879d338395ed7421750f675fd0339e07dfe0648fa,benign calibration only; conservative >= cutoff with ties,frozen decisions on grouped internal development holdout,withheld_family,1.0,isolation_forest,-0.7495347887260019,-0.009546539379474944,a1e41f236198cf114400b1727942427de66a593bbc1312470bb5f5974a0b1d3e,,,
0.9781299001402988,0.2689601960695321,0.4219069825392022,0.03162291169451074,31.62291169451074,0.8928036251654197,0.967226129876612,86,30552,220,241,-21,-30466,0.39090909090909093,finite,0.1779191128506197,ae_denoising,DoS,2026,0.03,0.2696679532527924,0.030126849894291756,False,0b7faf22430359c6f3a96ed9e2c6945a109e3741b71552707344e8dbb69c67dc,eac28ec8c819875b84258be4ca59846afd2f7c85b007746d1022021ef5fd4423,bec7dd5ec88dc2a0ccc7a07879d338395ed7421750f675fd0339e07dfe0648fa,benign calibration only; conservative >= cutoff with ties,frozen decisions on grouped internal development holdout,withheld_family,1.0,ae_denoising,-0.6913720328598012,-0.0025059665871121767,a1e41f236198cf114400b1727942427de66a593bbc1312470bb5f5974a0b1d3e,,,
0.9756347489468291,0.1944583125312032,0.3242823894491854,0.025536992840095467,25.536992840095465,0.8736751105712879,0.9543449687281975,239,33988,195,267,-72,-33749,1.2256410256410257,finite,0.11097521200260926,ae_latent,DoS,2026,0.03,35.71660708870527,0.029950669485553208,True,0b7faf22430359c6f3a96ed9e2c6945a109e3741b71552707344e8dbb69c67dc,eac28ec8c819875b84258be4ca59846afd2f7c85b007746d1022021ef5fd4423,bec7dd5ec88dc2a0ccc7a07879d338395ed7421750f675fd0339e07dfe0648fa,benign calibration only; conservative >= cutoff with ties,frozen decisions on grouped internal development holdout,withheld_family,1.0,ae_latent,-0.7658739163981301,-0.008591885441527447,a1e41f236198cf114400b1727942427de66a593bbc1312470bb5f5974a0b1d3e,,,
0.992845917481763,0.9605591612581128,0.9764357143681012,0.03639618138424821,36.39618138424821,0.9926088803982136,0.9979357058250038,67,57,31,12,19,10,2.161290322580645,finite,0.9806751467710372,learned_fusion,DoS,2026,0.03,0.7159565932645688,0.029950669485553208,False,0b7faf22430359c6f3a96ed9e2c6945a109e3741b71552707344e8dbb69c67dc,eac28ec8c819875b84258be4ca59846afd2f7c85b007746d1022021ef5fd4423,bec7dd5ec88dc2a0ccc7a07879d338395ed7421750f675fd0339e07dfe0648fa,benign calibration only; conservative >= cutoff with ties,frozen decisions on grouped internal development holdout,withheld_family,1.0,learned_fusion,0.00022693232877957215,0.0022673031026252954,a1e41f236198cf114400b1727942427de66a593bbc1312470bb5f5974a0b1d3e,,,
0.992990933665048,0.941996096763945,0.9668215537621261,0.03496420047732697,34.96420047732697,0.9906098367636221,0.9978843689964908,54,862,125,118,7,-808,0.432,finite,0.9664057403783431,rank_or,DoS,2026,0.03,0.9785120982304082,0.029069767441860465,False,0b7faf22430359c6f3a96ed9e2c6945a109e3741b71552707344e8dbb69c67dc,eac28ec8c819875b84258be4ca59846afd2f7c85b007746d1022021ef5fd4423,bec7dd5ec88dc2a0ccc7a07879d338395ed7421750f675fd0339e07dfe0648fa,benign calibration only; conservative >= cutoff with ties,frozen decisions on grouped internal development holdout,withheld_family,1.0,rank_or,-0.018336132165388208,0.0008353221957040566,a1e41f236198cf114400b1727942427de66a593bbc1312470bb5f5974a0b1d3e,,,
0.9932870153037273,0.9603322289293332,0.9765316718587747,0.034128878281622914,34.12887828162291,0.993371599142835,0.9985523057072994,0,0,0,0,0,0,,no_recovery_no_added_fp,0.9796966731898239,fusion_control,DoS,2026,0.03,0.7539233795082126,0.029950669485553208,False,0b7faf22430359c6f3a96ed9e2c6945a109e3741b71552707344e8dbb69c67dc,eac28ec8c819875b84258be4ca59846afd2f7c85b007746d1022021ef5fd4423,bec7dd5ec88dc2a0ccc7a07879d338395ed7421750f675fd0339e07dfe0648fa,benign calibration only; conservative >= cutoff with ties,frozen decisions on grouped internal development holdout,withheld_family,1.0,['lightgbm'],0.0,0.0,a1e41f236198cf114400b1727942427de66a593bbc1312470bb5f5974a0b1d3e,,,
0.992845917481763,0.9605591612581128,0.9764357143681012,0.03639618138424821,36.39618138424821,0.992589763109729,0.9979268156029886,67,57,31,12,19,10,2.161290322580645,finite,0.9806751467710372,fusion_latent,DoS,2026,0.03,0.7154616733853844,0.029950669485553208,False,0b7faf22430359c6f3a96ed9e2c6945a109e3741b71552707344e8dbb69c67dc,eac28ec8c819875b84258be4ca59846afd2f7c85b007746d1022021ef5fd4423,bec7dd5ec88dc2a0ccc7a07879d338395ed7421750f675fd0339e07dfe0648fa,benign calibration only; conservative >= cutoff with ties,frozen decisions on grouped internal development holdout,withheld_family,1.0,"['lightgbm', 'ae_latent']",0.00022693232877957215,0.0022673031026252954,a1e41f236198cf114400b1727942427de66a593bbc1312470bb5f5974a0b1d3e,,,
0.9933109582932382,0.9604230018608451,0.9765901722566428,0.03400954653937947,34.00954653937948,0.993894561715682,0.9986695546454545,20,16,3,4,-1,4,6.666666666666667,finite,0.9799412915851272,fusion_ae_plain,DoS,2026,0.03,0.7091746331165889,0.029950669485553208,False,0b7faf22430359c6f3a96ed9e2c6945a109e3741b71552707344e8dbb69c67dc,eac28ec8c819875b84258be4ca59846afd2f7c85b007746d1022021ef5fd4423,bec7dd5ec88dc2a0ccc7a07879d338395ed7421750f675fd0339e07dfe0648fa,benign calibration only; conservative >= cutoff with ties,frozen decisions on grouped internal development holdout,withheld_family,1.0,"['lightgbm', 'ae_plain']",9.077293151182886e-05,-0.00011933174224344062,a1e41f236198cf114400b1727942427de66a593bbc1312470bb5f5974a0b1d3e,,,
0.9929863245056414,0.9606499341896246,0.9765505150120535,0.035680190930787586,35.68019093078759,0.9933334552846365,0.9984373961384904,68,54,24,11,13,14,2.8333333333333335,finite,0.9808382257012394,fusion_ae_plain_latent,DoS,2026,0.03,0.6957458537351594,0.029950669485553208,False,0b7faf22430359c6f3a96ed9e2c6945a109e3741b71552707344e8dbb69c67dc,eac28ec8c819875b84258be4ca59846afd2f7c85b007746d1022021ef5fd4423,bec7dd5ec88dc2a0ccc7a07879d338395ed7421750f675fd0339e07dfe0648fa,benign calibration only; conservative >= cutoff with ties,frozen decisions on grouped internal development holdout,withheld_family,1.0,"['lightgbm', 'ae_plain', 'ae_latent']",0.000317705260291401,0.0015513126491646725,a1e41f236198cf114400b1727942427de66a593bbc1312470bb5f5974a0b1d3e,,,
0.9933682948051643,0.9585848499977306,0.9756666551178557,0.033651551312649165,33.65155131264916,0.9921822449120851,0.9978014281900649,17,94,5,9,-4,-77,3.4,finite,0.9783920417482062,fusion_ae_denoising,DoS,2026,0.03,0.7306593029053603,0.029950669485553208,False,0b7faf22430359c6f3a96ed9e2c6945a109e3741b71552707344e8dbb69c67dc,eac28ec8c819875b84258be4ca59846afd2f7c85b007746d1022021ef5fd4423,bec7dd5ec88dc2a0ccc7a07879d338395ed7421750f675fd0339e07dfe0648fa,benign calibration only; conservative >= cutoff with ties,frozen decisions on grouped internal development holdout,withheld_family,1.0,"['lightgbm', 'ae_denoising']",-0.0017473789316025945,-0.0004773269689737486,a1e41f236198cf114400b1727942427de66a593bbc1312470bb5f5974a0b1d3e,,,
0.992845917481763,0.9605591612581128,0.9764357143681012,0.03639618138424821,36.39618138424821,0.9926088803982136,0.9979357058250038,67,57,31,12,19,10,2.161290322580645,finite,0.9806751467710372,fusion_ae_denoising_latent,DoS,2026,0.03,0.7159565932645688,0.029950669485553208,False,0b7faf22430359c6f3a96ed9e2c6945a109e3741b71552707344e8dbb69c67dc,eac28ec8c819875b84258be4ca59846afd2f7c85b007746d1022021ef5fd4423,bec7dd5ec88dc2a0ccc7a07879d338395ed7421750f675fd0339e07dfe0648fa,benign calibration only; conservative >= cutoff with ties,frozen decisions on grouped internal development holdout,withheld_family,1.0,"['lightgbm', 'ae_denoising', 'ae_latent']",0.00022693232877957215,0.0022673031026252954,a1e41f236198cf114400b1727942427de66a593bbc1312470bb5f5974a0b1d3e,,,
0.9934454729126533,0.9596287387101167,0.9762443438914027,0.03329355608591886,33.29355608591885,0.9931378466580884,0.9982791534251676,2,33,1,8,-7,-31,2.0,finite,0.9796151337247228,fusion_ae_scaled,DoS,2026,0.03,0.7455262470865156,0.029950669485553208,False,0b7faf22430359c6f3a96ed9e2c6945a109e3741b71552707344e8dbb69c67dc,eac28ec8c819875b84258be4ca59846afd2f7c85b007746d1022021ef5fd4423,bec7dd5ec88dc2a0ccc7a07879d338395ed7421750f675fd0339e07dfe0648fa,benign calibration only; conservative >= cutoff with ties,frozen decisions on grouped internal development holdout,withheld_family,1.0,"['lightgbm', 'ae_scaled']",-0.0007034902192165626,-0.0008353221957040566,a1e41f236198cf114400b1727942427de66a593bbc1312470bb5f5974a0b1d3e,,,
0.9928683698125601,0.960445695093723,0.9763879436632715,0.036276849642004776,36.27684964200478,0.992623736612482,0.9979657771748311,62,57,29,11,18,5,2.1379310344827585,finite,0.9807566862361383,fusion_ae_scaled_latent,DoS,2026,0.03,0.7165623227730987,0.029950669485553208,False,0b7faf22430359c6f3a96ed9e2c6945a109e3741b71552707344e8dbb69c67dc,eac28ec8c819875b84258be4ca59846afd2f7c85b007746d1022021ef5fd4423,bec7dd5ec88dc2a0ccc7a07879d338395ed7421750f675fd0339e07dfe0648fa,benign calibration only; conservative >= cutoff with ties,frozen decisions on grouped internal development holdout,withheld_family,1.0,"['lightgbm', 'ae_scaled', 'ae_latent']",0.00011346616438978607,0.0021479713603818618,a1e41f236198cf114400b1727942427de66a593bbc1312470bb5f5974a0b1d3e,,,
0.9932878030463048,0.960445695093723,0.976590712431497,0.034128878281622914,34.12887828162291,0.9933663036038263,0.9985517268404197,5,0,0,0,0,5,,recovery_without_additional_fp,0.9797782126549249,selective_fusion,DoS,2026,0.03,0.849262202667279,0.029950669485553208,False,0b7faf22430359c6f3a96ed9e2c6945a109e3741b71552707344e8dbb69c67dc,eac28ec8c819875b84258be4ca59846afd2f7c85b007746d1022021ef5fd4423,bec7dd5ec88dc2a0ccc7a07879d338395ed7421750f675fd0339e07dfe0648fa,benign calibration only; conservative >= cutoff with ties,frozen decisions on grouped internal development holdout,withheld_family,1.0,selective_fusion,0.00011346616438978607,0.0,a1e41f236198cf114400b1727942427de66a593bbc1312470bb5f5974a0b1d3e,True,0.03554131868969988,budget-dependent conditional ranking
0.9929134597334335,0.9602414559978214,0.9763041923352023,0.0360381861575179,36.0381861575179,0.9933598409068974,0.9985504630654576,58,62,28,12,16,-4,2.0714285714285716,finite,0.9804305283757339,selective_fusion_primary_0.75,DoS,2026,0.03,0.7236676551300367,0.029774489076814657,False,0b7faf22430359c6f3a96ed9e2c6945a109e3741b71552707344e8dbb69c67dc,eac28ec8c819875b84258be4ca59846afd2f7c85b007746d1022021ef5fd4423,bec7dd5ec88dc2a0ccc7a07879d338395ed7421750f675fd0339e07dfe0648fa,benign calibration only; conservative >= cutoff with ties,frozen decisions on grouped internal development holdout,withheld_family,0.75,selective_fusion_primary_0.75,-9.077293151182886e-05,0.0019093078758949875,a1e41f236198cf114400b1727942427de66a593bbc1312470bb5f5974a0b1d3e,False,0.0416809670899592,budget-dependent conditional ranking
0.992845917481763,0.9605591612581128,0.9764357143681012,0.03639618138424821,36.39618138424821,0.9933650023987667,0.9985514918024654,67,57,31,12,19,10,2.161290322580645,finite,0.9806751467710372,selective_fusion_primary_0.5,DoS,2026,0.03,0.7159565932645688,0.029950669485553208,False,0b7faf22430359c6f3a96ed9e2c6945a109e3741b71552707344e8dbb69c67dc,eac28ec8c819875b84258be4ca59846afd2f7c85b007746d1022021ef5fd4423,bec7dd5ec88dc2a0ccc7a07879d338395ed7421750f675fd0339e07dfe0648fa,benign calibration only; conservative >= cutoff with ties,frozen decisions on grouped internal development holdout,withheld_family,0.5,selective_fusion_primary_0.5,0.00022693232877957215,0.0022673031026252954,a1e41f236198cf114400b1727942427de66a593bbc1312470bb5f5974a0b1d3e,False,0.0490599855089044,budget-dependent conditional ranking
0.9894379217897753,0.9715199927381655,0.9803970962053725,0.054534606205250594,54.5346062052506,0.993371599142835,0.9985523057072994,0,0,0,0,0,0,,no_recovery_no_added_fp,0.9852413568166993,lightgbm,DoS,2026,0.05,0.5564836130963297,0.049682875264270614,False,0b7faf22430359c6f3a96ed9e2c6945a109e3741b71552707344e8dbb69c67dc,eac28ec8c819875b84258be4ca59846afd2f7c85b007746d1022021ef5fd4423,bec7dd5ec88dc2a0ccc7a07879d338395ed7421750f675fd0339e07dfe0648fa,benign calibration only; conservative >= cutoff with ties,frozen decisions on grouped internal development holdout,withheld_family,1.0,lightgbm,0.0,0.0,a1e41f236198cf114400b1727942427de66a593bbc1312470bb5f5974a0b1d3e,,,
0.9889572447167237,0.8718740071710616,0.9267321956220226,0.05119331742243437,51.19331742243437,0.9401392283997523,0.9865249080871141,552,4943,352,380,-28,-4391,1.5681818181818181,finite,0.8948140900195695,ae_plain,DoS,2026,0.05,0.026536632329225544,0.05003523608174771,False,0b7faf22430359c6f3a96ed9e2c6945a109e3741b71552707344e8dbb69c67dc,eac28ec8c819875b84258be4ca59846afd2f7c85b007746d1022021ef5fd4423,bec7dd5ec88dc2a0ccc7a07879d338395ed7421750f675fd0339e07dfe0648fa,benign calibration only; conservative >= cutoff with ties,frozen decisions on grouped internal development holdout,withheld_family,1.0,ae_plain,-0.09964598556710391,-0.0033412887828162263,a1e41f236198cf114400b1727942427de66a593bbc1312470bb5f5974a0b1d3e,,,
0.9753561339183747,0.3682430899105887,0.5346358499579922,0.04892601431980907,48.92601431980907,0.9349591770946313,0.9787782941813696,95,26679,333,380,-47,-26584,0.2852852852852853,finite,0.28041422048271364,ae_scaled,DoS,2026,0.05,0.022575346753001217,0.05003523608174771,True,0b7faf22430359c6f3a96ed9e2c6945a109e3741b71552707344e8dbb69c67dc,eac28ec8c819875b84258be4ca59846afd2f7c85b007746d1022021ef5fd4423,bec7dd5ec88dc2a0ccc7a07879d338395ed7421750f675fd0339e07dfe0648fa,benign calibration only; conservative >= cutoff with ties,frozen decisions on grouped internal development holdout,withheld_family,1.0,ae_scaled,-0.6032769028275768,-0.005608591885441522,a1e41f236198cf114400b1727942427de66a593bbc1312470bb5f5974a0b1d3e,,,
0.9696217696388841,0.2571370217401171,0.4064786913473956,0.042362768496420046,42.362768496420045,0.8911883774468479,0.9681830191819616,104,31584,318,420,-102,-31480,0.3270440251572327,finite,0.14538486627527725,isolation_forest,DoS,2026,0.05,0.5080418909147155,0.04985905567300916,True,0b7faf22430359c6f3a96ed9e2c6945a109e3741b71552707344e8dbb69c67dc,eac28ec8c819875b84258be4ca59846afd2f7c85b007746d1022021ef5fd4423,bec7dd5ec88dc2a0ccc7a07879d338395ed7421750f675fd0339e07dfe0648fa,benign calibration only; conservative >= cutoff with ties,frozen decisions on grouped internal development holdout,withheld_family,1.0,isolation_forest,-0.7143829709980484,-0.012171837708830548,a1e41f236198cf114400b1727942427de66a593bbc1312470bb5f5974a0b1d3e,,,
0.9698659232709412,0.33159351881269006,0.49421632956774675,0.054176610978520286,54.17661097852029,0.8928036251654197,0.967226129876612,249,28448,361,364,-3,-28199,0.6897506925207756,finite,0.24421069797782127,ae_denoising,DoS,2026,0.05,0.11542686820030214,0.05003523608174771,False,0b7faf22430359c6f3a96ed9e2c6945a109e3741b71552707344e8dbb69c67dc,eac28ec8c819875b84258be4ca59846afd2f7c85b007746d1022021ef5fd4423,bec7dd5ec88dc2a0ccc7a07879d338395ed7421750f675fd0339e07dfe0648fa,benign calibration only; conservative >= cutoff with ties,frozen decisions on grouped internal development holdout,withheld_family,1.0,ae_denoising,-0.6399264739254754,-0.000357995226730308,a1e41f236198cf114400b1727942427de66a593bbc1312470bb5f5974a0b1d3e,,,
0.9652944434188665,0.2373258294376617,0.38098360655737706,0.04486873508353222,44.86873508353222,0.8736751105712879,0.9543449687281975,264,32617,317,398,-81,-32353,0.832807570977918,finite,0.14742335290280495,ae_latent,DoS,2026,0.05,28.522775533823427,0.04985905567300916,True,0b7faf22430359c6f3a96ed9e2c6945a109e3741b71552707344e8dbb69c67dc,eac28ec8c819875b84258be4ca59846afd2f7c85b007746d1022021ef5fd4423,bec7dd5ec88dc2a0ccc7a07879d338395ed7421750f675fd0339e07dfe0648fa,benign calibration only; conservative >= cutoff with ties,frozen decisions on grouped internal development holdout,withheld_family,1.0,ae_latent,-0.7341941633005038,-0.009665871121718371,a1e41f236198cf114400b1727942427de66a593bbc1312470bb5f5974a0b1d3e,,,
0.9896690394749006,0.971746925066945,0.9806261020908237,0.05334128878281623,53.34128878281623,0.9926088803982136,0.9979357058250038,50,40,15,25,-10,10,3.3333333333333335,finite,0.9855675146771037,learned_fusion,DoS,2026,0.05,0.5071033693458752,0.04985905567300916,False,0b7faf22430359c6f3a96ed9e2c6945a109e3741b71552707344e8dbb69c67dc,eac28ec8c819875b84258be4ca59846afd2f7c85b007746d1022021ef5fd4423,bec7dd5ec88dc2a0ccc7a07879d338395ed7421750f675fd0339e07dfe0648fa,benign calibration only; conservative >= cutoff with ties,frozen decisions on grouped internal development holdout,withheld_family,1.0,learned_fusion,0.00022693232877957215,-0.0011933174224343646,a1e41f236198cf114400b1727942427de66a593bbc1312470bb5f5974a0b1d3e,,,
0.9891383395500505,0.956837471066128,0.972719827437048,0.05525059665871122,55.25059665871122,0.9906098367636221,0.9978843689964908,60,707,193,187,6,-647,0.31088082901554404,finite,0.9777397260273972,rank_or,DoS,2026,0.05,0.9676778620440594,0.04985905567300916,False,0b7faf22430359c6f3a96ed9e2c6945a109e3741b71552707344e8dbb69c67dc,eac28ec8c819875b84258be4ca59846afd2f7c85b007746d1022021ef5fd4423,bec7dd5ec88dc2a0ccc7a07879d338395ed7421750f675fd0339e07dfe0648fa,benign calibration only; conservative >= cutoff with ties,frozen decisions on grouped internal development holdout,withheld_family,1.0,rank_or,-0.01468252167203743,0.0007159904534606229,a1e41f236198cf114400b1727942427de66a593bbc1312470bb5f5974a0b1d3e,,,
0.9894379217897753,0.9715199927381655,0.9803970962053725,0.054534606205250594,54.5346062052506,0.993371599142835,0.9985523057072994,0,0,0,0,0,0,,no_recovery_no_added_fp,0.9852413568166993,fusion_control,DoS,2026,0.05,0.5095247614387192,0.049682875264270614,False,0b7faf22430359c6f3a96ed9e2c6945a109e3741b71552707344e8dbb69c67dc,eac28ec8c819875b84258be4ca59846afd2f7c85b007746d1022021ef5fd4423,bec7dd5ec88dc2a0ccc7a07879d338395ed7421750f675fd0339e07dfe0648fa,benign calibration only; conservative >= cutoff with ties,frozen decisions on grouped internal development holdout,withheld_family,1.0,['lightgbm'],0.0,0.0,a1e41f236198cf114400b1727942427de66a593bbc1312470bb5f5974a0b1d3e,,,
0.9896692782361506,0.971769618299823,0.9806377740882808,0.05334128878281623,53.34128878281623,0.992589763109729,0.9979268156029886,51,40,15,25,-10,11,3.4,finite,0.9855675146771037,fusion_latent,DoS,2026,0.05,0.50646401392311,0.04985905567300916,False,0b7faf22430359c6f3a96ed9e2c6945a109e3741b71552707344e8dbb69c67dc,eac28ec8c819875b84258be4ca59846afd2f7c85b007746d1022021ef5fd4423,bec7dd5ec88dc2a0ccc7a07879d338395ed7421750f675fd0339e07dfe0648fa,benign calibration only; conservative >= cutoff with ties,frozen decisions on grouped internal development holdout,withheld_family,1.0,"['lightgbm', 'ae_latent']",0.00024962556165752936,-0.0011933174224343646,a1e41f236198cf114400b1727942427de66a593bbc1312470bb5f5974a0b1d3e,,,
0.9894386540639227,0.9715880724367993,0.9804321192621683,0.054534606205250594,54.5346062052506,0.993894561715682,0.9986695546454545,14,11,6,6,0,3,2.3333333333333335,finite,0.9854044357469015,fusion_ae_plain,DoS,2026,0.05,0.4766988625614826,0.04985905567300916,False,0b7faf22430359c6f3a96ed9e2c6945a109e3741b71552707344e8dbb69c67dc,eac28ec8c819875b84258be4ca59846afd2f7c85b007746d1022021ef5fd4423,bec7dd5ec88dc2a0ccc7a07879d338395ed7421750f675fd0339e07dfe0648fa,benign calibration only; conservative >= cutoff with ties,frozen decisions on grouped internal development holdout,withheld_family,1.0,"['lightgbm', 'ae_plain']",6.807969863387164e-05,0.0,a1e41f236198cf114400b1727942427de66a593bbc1312470bb5f5974a0b1d3e,,,
0.9896550131621484,0.9725865746834294,0.9810465595385249,0.05346062052505966,53.46062052505967,0.9933334552846365,0.9984373961384904,82,35,11,20,-9,47,7.454545454545454,finite,0.9867090671885193,fusion_ae_plain_latent,DoS,2026,0.05,0.48540076510658436,0.04985905567300916,False,0b7faf22430359c6f3a96ed9e2c6945a109e3741b71552707344e8dbb69c67dc,eac28ec8c819875b84258be4ca59846afd2f7c85b007746d1022021ef5fd4423,bec7dd5ec88dc2a0ccc7a07879d338395ed7421750f675fd0339e07dfe0648fa,benign calibration only; conservative >= cutoff with ties,frozen decisions on grouped internal development holdout,withheld_family,1.0,"['lightgbm', 'ae_plain', 'ae_latent']",0.001066581945263878,-0.0010739856801909309,a1e41f236198cf114400b1727942427de66a593bbc1312470bb5f5974a0b1d3e,,,
0.9894629817912931,0.9717242318340671,0.9805133841679833,0.05441527446300716,54.41527446300716,0.9921822449120851,0.9978014281900649,20,11,6,7,-1,9,3.3333333333333335,finite,0.9855675146771037,fusion_ae_denoising,DoS,2026,0.05,0.4870000767816882,0.04985905567300916,False,0b7faf22430359c6f3a96ed9e2c6945a109e3741b71552707344e8dbb69c67dc,eac28ec8c819875b84258be4ca59846afd2f7c85b007746d1022021ef5fd4423,bec7dd5ec88dc2a0ccc7a07879d338395ed7421750f675fd0339e07dfe0648fa,benign calibration only; conservative >= cutoff with ties,frozen decisions on grouped internal development holdout,withheld_family,1.0,"['lightgbm', 'ae_denoising']",0.00020423909590161493,-0.00011933174224343368,a1e41f236198cf114400b1727942427de66a593bbc1312470bb5f5974a0b1d3e,,,
0.9896690394749006,0.971746925066945,0.9806261020908237,0.05334128878281623,53.34128878281623,0.9926088803982136,0.9979357058250038,50,40,15,25,-10,10,3.3333333333333335,finite,0.9855675146771037,fusion_ae_denoising_latent,DoS,2026,0.05,0.5071033693458752,0.04985905567300916,False,0b7faf22430359c6f3a96ed9e2c6945a109e3741b71552707344e8dbb69c67dc,eac28ec8c819875b84258be4ca59846afd2f7c85b007746d1022021ef5fd4423,bec7dd5ec88dc2a0ccc7a07879d338395ed7421750f675fd0339e07dfe0648fa,benign calibration only; conservative >= cutoff with ties,frozen decisions on grouped internal development holdout,withheld_family,1.0,"['lightgbm', 'ae_denoising', 'ae_latent']",0.00022693232877957215,-0.0011933174224343646,a1e41f236198cf114400b1727942427de66a593bbc1312470bb5f5974a0b1d3e,,,
0.9893250768270986,0.9716561521354332,0.9804110137958669,0.05513126491646778,55.13126491646778,0.9931378466580884,0.9982791534251676,11,5,6,1,5,6,1.8333333333333333,finite,0.9853228962818004,fusion_ae_scaled,DoS,2026,0.05,0.4953949075651954,0.04985905567300916,False,0b7faf22430359c6f3a96ed9e2c6945a109e3741b71552707344e8dbb69c67dc,eac28ec8c819875b84258be4ca59846afd2f7c85b007746d1022021ef5fd4423,bec7dd5ec88dc2a0ccc7a07879d338395ed7421750f675fd0339e07dfe0648fa,benign calibration only; conservative >= cutoff with ties,frozen decisions on grouped internal development holdout,withheld_family,1.0,"['lightgbm', 'ae_scaled']",0.0001361593972677433,0.0005966587112171892,a1e41f236198cf114400b1727942427de66a593bbc1312470bb5f5974a0b1d3e,,,
0.9896468848215937,0.9718150047655789,0.9806498889372324,0.05346062052505966,53.46062052505967,0.992623736612482,0.9979657771748311,51,38,15,24,-9,13,3.4,finite,0.9855675146771037,fusion_ae_scaled_latent,DoS,2026,0.05,0.5042270664543788,0.04985905567300916,False,0b7faf22430359c6f3a96ed9e2c6945a109e3741b71552707344e8dbb69c67dc,eac28ec8c819875b84258be4ca59846afd2f7c85b007746d1022021ef5fd4423,bec7dd5ec88dc2a0ccc7a07879d338395ed7421750f675fd0339e07dfe0648fa,benign calibration only; conservative >= cutoff with ties,frozen decisions on grouped internal development holdout,withheld_family,1.0,"['lightgbm', 'ae_scaled', 'ae_latent']",0.0002950120274134438,-0.0010739856801909309,a1e41f236198cf114400b1727942427de66a593bbc1312470bb5f5974a0b1d3e,,,
0.9894170113455184,0.9717015386011891,0.9804792599292445,0.054653937947494034,54.653937947494036,0.9933499742250369,0.9985485745013769,8,0,1,0,1,8,8.0,finite,0.9852413568166993,selective_fusion,DoS,2026,0.05,0.6690316046079506,0.04985905567300916,False,0b7faf22430359c6f3a96ed9e2c6945a109e3741b71552707344e8dbb69c67dc,eac28ec8c819875b84258be4ca59846afd2f7c85b007746d1022021ef5fd4423,bec7dd5ec88dc2a0ccc7a07879d338395ed7421750f675fd0339e07dfe0648fa,benign calibration only; conservative >= cutoff with ties,frozen decisions on grouped internal development holdout,withheld_family,1.0,selective_fusion,0.00018154586302365772,0.00011933174224344062,a1e41f236198cf114400b1727942427de66a593bbc1312470bb5f5974a0b1d3e,True,0.027399611028486443,budget-dependent conditional ranking
0.9897147875930292,0.971746925066945,0.9806485595199926,0.053102625298329355,53.10262529832936,0.9933637648322482,0.9985512494623274,50,40,13,25,-12,10,3.8461538461538463,finite,0.9855675146771037,selective_fusion_primary_0.75,DoS,2026,0.05,0.5083818511717569,0.049682875264270614,False,0b7faf22430359c6f3a96ed9e2c6945a109e3741b71552707344e8dbb69c67dc,eac28ec8c819875b84258be4ca59846afd2f7c85b007746d1022021ef5fd4423,bec7dd5ec88dc2a0ccc7a07879d338395ed7421750f675fd0339e07dfe0648fa,benign calibration only; conservative >= cutoff with ties,frozen decisions on grouped internal development holdout,withheld_family,0.75,selective_fusion_primary_0.75,0.00022693232877957215,-0.0014319809069212389,a1e41f236198cf114400b1727942427de66a593bbc1312470bb5f5974a0b1d3e,False,0.03310071311444152,budget-dependent conditional ranking
0.9897147875930292,0.971746925066945,0.9806485595199926,0.053102625298329355,53.10262529832936,0.9933585613660221,0.9985502178673886,50,40,13,25,-12,10,3.8461538461538463,finite,0.9855675146771037,selective_fusion_primary_0.5,DoS,2026,0.05,0.5083818511717569,0.049682875264270614,False,0b7faf22430359c6f3a96ed9e2c6945a109e3741b71552707344e8dbb69c67dc,eac28ec8c819875b84258be4ca59846afd2f7c85b007746d1022021ef5fd4423,bec7dd5ec88dc2a0ccc7a07879d338395ed7421750f675fd0339e07dfe0648fa,benign calibration only; conservative >= cutoff with ties,frozen decisions on grouped internal development holdout,withheld_family,0.5,selective_fusion_primary_0.5,0.00022693232877957215,-0.0014319809069212389,a1e41f236198cf114400b1727942427de66a593bbc1312470bb5f5974a0b1d3e,False,0.03903062197307707,budget-dependent conditional ranking
0.9955651415277239,0.9322606998593019,0.9628735497480371,0.021837708830548926,21.837708830548927,0.9906098367636221,0.9978843689964908,74,0,46,0,46,74,1.608695652173913,finite,0.9574363992172211,naive_or,DoS,2026,0.01,,,False,0b7faf22430359c6f3a96ed9e2c6945a109e3741b71552707344e8dbb69c67dc,eac28ec8c819875b84258be4ca59846afd2f7c85b007746d1022021ef5fd4423,bec7dd5ec88dc2a0ccc7a07879d338395ed7421750f675fd0339e07dfe0648fa,benign calibration only; conservative >= cutoff with ties,frozen decisions on grouped internal development holdout,withheld_family,1.0,naive_or,0.0016792992329687229,0.0054892601431980916,a1e41f236198cf114400b1727942427de66a593bbc1312470bb5f5974a0b1d3e,,,rank_or (naive OR has two cutoffs)
0.9882078769517595,0.9622838469568374,0.9750735835172921,0.060381861575179,60.381861575178995,0.9906098367636221,0.9978843689964908,86,0,220,0,220,86,0.39090909090909093,finite,0.9810828440965427,naive_or,DoS,2026,0.03,,,False,0b7faf22430359c6f3a96ed9e2c6945a109e3741b71552707344e8dbb69c67dc,eac28ec8c819875b84258be4ca59846afd2f7c85b007746d1022021ef5fd4423,bec7dd5ec88dc2a0ccc7a07879d338395ed7421750f675fd0339e07dfe0648fa,benign calibration only; conservative >= cutoff with ties,frozen decisions on grouped internal development holdout,withheld_family,1.0,naive_or,0.0019516180275042094,0.026252983293556083,a1e41f236198cf114400b1727942427de66a593bbc1312470bb5f5974a0b1d3e,,,rank_or (naive OR has two cutoffs)
0.9813574000638133,0.9771706077247765,0.9792595287910488,0.09761336515513126,97.61336515513126,0.9906098367636221,0.9978843689964908,249,0,361,0,361,249,0.6897506925207756,finite,0.9907860404435747,naive_or,DoS,2026,0.05,,,False,0b7faf22430359c6f3a96ed9e2c6945a109e3741b71552707344e8dbb69c67dc,eac28ec8c819875b84258be4ca59846afd2f7c85b007746d1022021ef5fd4423,bec7dd5ec88dc2a0ccc7a07879d338395ed7421750f675fd0339e07dfe0648fa,benign calibration only; conservative >= cutoff with ties,frozen decisions on grouped internal development holdout,withheld_family,1.0,naive_or,0.005650614986611013,0.04307875894988067,a1e41f236198cf114400b1727942427de66a593bbc1312470bb5f5974a0b1d3e,,,rank_or (naive OR has two cutoffs)
0.9982111404667547,0.7299162843113579,0.8432370856000372,0.007867344468651657,7.867344468651658,0.9904515787232405,0.9980768607115638,0,0,0,0,0,0,,no_recovery_no_added_fp,0.4980459441425984,lightgbm,Reconnaissance,42,0.01,0.9081072221965232,0.009953785993601137,True,0b7faf22430359c6f3a96ed9e2c6945a109e3741b71552707344e8dbb69c67dc,7e29e92922cc5237b549fa741c6af2c997c8f2f3e9502c78b0587edc9a8d3025,bec7dd5ec88dc2a0ccc7a07879d338395ed7421750f675fd0339e07dfe0648fa,benign calibration only; conservative >= cutoff with ties,frozen decisions on grouped internal development holdout,withheld_family,1.0,lightgbm,0.0,0.0,0d1827207e96a7dd582e69570c793ee435c1850169000e44711bd1e34cf8ace1,,,
0.9944646528546576,0.2530789664332287,0.4034778144951715,0.008472524812394093,8.472524812394093,0.9033355211506414,0.9810976869342701,1123,24818,63,58,5,-23695,17.825396825396826,finite,0.05947955390334572,ae_plain,Reconnaissance,42,0.01,0.0882551670074463,0.010487024528972627,True,0b7faf22430359c6f3a96ed9e2c6945a109e3741b71552707344e8dbb69c67dc,7e29e92922cc5237b549fa741c6af2c997c8f2f3e9502c78b0587edc9a8d3025,bec7dd5ec88dc2a0ccc7a07879d338395ed7421750f675fd0339e07dfe0648fa,benign calibration only; conservative >= cutoff with ties,frozen decisions on grouped internal development holdout,withheld_family,1.0,ae_plain,-0.4768373178781292,0.0006051803437424359,0d1827207e96a7dd582e69570c793ee435c1850169000e44711bd1e34cf8ace1,,,
0.9862183020948181,0.10800531272639459,0.19468930242681468,0.00907770515613653,9.07770515613653,0.8869095514108862,0.970830136199693,108,31012,74,64,10,-30904,1.4594594594594594,finite,0.013630731102850062,ae_scaled,Reconnaissance,42,0.01,0.06768965721130372,0.0101315321720583,True,0b7faf22430359c6f3a96ed9e2c6945a109e3741b71552707344e8dbb69c67dc,7e29e92922cc5237b549fa741c6af2c997c8f2f3e9502c78b0587edc9a8d3025,bec7dd5ec88dc2a0ccc7a07879d338395ed7421750f675fd0339e07dfe0648fa,benign calibration only; conservative >= cutoff with ties,frozen decisions on grouped internal development holdout,withheld_family,1.0,ae_scaled,-0.6219109715849633,0.0012103606874848717,0d1827207e96a7dd582e69570c793ee435c1850169000e44711bd1e34cf8ace1,,,
0.9845781009032827,0.08993399339933994,0.16481348306319263,0.008472524812394093,8.472524812394093,0.87677836455378,0.9678913559902769,654,32456,69,64,5,-31802,9.478260869565217,finite,0.01496520827375846,isolation_forest,Reconnaissance,42,0.01,0.5731654024179287,0.009776039815143975,True,0b7faf22430359c6f3a96ed9e2c6945a109e3741b71552707344e8dbb69c67dc,7e29e92922cc5237b549fa741c6af2c997c8f2f3e9502c78b0587edc9a8d3025,bec7dd5ec88dc2a0ccc7a07879d338395ed7421750f675fd0339e07dfe0648fa,benign calibration only; conservative >= cutoff with ties,frozen decisions on grouped internal development holdout,withheld_family,1.0,isolation_forest,-0.639982290912018,0.0006051803437424359,0d1827207e96a7dd582e69570c793ee435c1850169000e44711bd1e34cf8ace1,,,
0.9890047927826332,0.14118972872897045,0.24710315922938753,0.00944081336238199,9.44081336238199,0.8483937744962126,0.9581773191946074,634,29889,76,63,13,-29255,8.342105263157896,finite,0.08674101610904585,ae_denoising,Reconnaissance,42,0.01,0.5119507312774659,0.0101315321720583,True,0b7faf22430359c6f3a96ed9e2c6945a109e3741b71552707344e8dbb69c67dc,7e29e92922cc5237b549fa741c6af2c997c8f2f3e9502c78b0587edc9a8d3025,bec7dd5ec88dc2a0ccc7a07879d338395ed7421750f675fd0339e07dfe0648fa,benign calibration only; conservative >= cutoff with ties,frozen decisions on grouped internal development holdout,withheld_family,1.0,ae_denoising,-0.5887265555823875,0.0015734688937303325,0d1827207e96a7dd582e69570c793ee435c1850169000e44711bd1e34cf8ace1,,,
0.9281183932346723,0.01766884005473718,0.03467751490975157,0.00823045267489712,8.23045267489712,0.8592748006490254,0.9496725097423255,22,35415,68,65,3,-35393,0.3235294117647059,finite,0.0023829949480507102,ae_latent,Reconnaissance,42,0.01,65.70742059023628,0.009953785993601137,True,0b7faf22430359c6f3a96ed9e2c6945a109e3741b71552707344e8dbb69c67dc,7e29e92922cc5237b549fa741c6af2c997c8f2f3e9502c78b0587edc9a8d3025,bec7dd5ec88dc2a0ccc7a07879d338395ed7421750f675fd0339e07dfe0648fa,benign calibration only; conservative >= cutoff with ties,frozen decisions on grouped internal development holdout,withheld_family,1.0,ae_latent,-0.7122474442566207,0.00036310820624546256,0d1827207e96a7dd582e69570c793ee435c1850169000e44711bd1e34cf8ace1,,,
0.9981030927835052,0.7306206230379135,0.8436683049252327,0.008351488743645606,8.351488743645607,0.9894466398125015,0.9976663855870563,787,752,18,14,4,35,43.72222222222222,finite,0.5409398532075111,learned_fusion,Reconnaissance,42,0.01,0.9452084241398432,0.009953785993601137,True,0b7faf22430359c6f3a96ed9e2c6945a109e3741b71552707344e8dbb69c67dc,7e29e92922cc5237b549fa741c6af2c997c8f2f3e9502c78b0587edc9a8d3025,bec7dd5ec88dc2a0ccc7a07879d338395ed7421750f675fd0339e07dfe0648fa,benign calibration only; conservative >= cutoff with ties,frozen decisions on grouped internal development holdout,withheld_family,1.0,learned_fusion,0.00070433872655562,0.00048414427499394834,0d1827207e96a7dd582e69570c793ee435c1850169000e44711bd1e34cf8ace1,,,
0.9980849527517032,0.6397810512758593,0.7797412471641425,0.00738320019365771,7.38320019365771,0.985950269199299,0.9970961740828646,11,4490,21,25,-4,-4479,0.5238095238095238,finite,0.3063578305213993,rank_or,Reconnaissance,42,0.01,0.9965102076426454,0.009065055101315321,True,0b7faf22430359c6f3a96ed9e2c6945a109e3741b71552707344e8dbb69c67dc,7e29e92922cc5237b549fa741c6af2c997c8f2f3e9502c78b0587edc9a8d3025,bec7dd5ec88dc2a0ccc7a07879d338395ed7421750f675fd0339e07dfe0648fa,benign calibration only; conservative >= cutoff with ties,frozen decisions on grouped internal development holdout,withheld_family,1.0,rank_or,-0.09013523303549864,-0.00048414427499394747,0d1827207e96a7dd582e69570c793ee435c1850169000e44711bd1e34cf8ace1,,,
0.9982111404667547,0.7299162843113579,0.8432370856000372,0.007867344468651657,7.867344468651658,0.9904515787232405,0.9980768607115638,0,0,0,0,0,0,,no_recovery_no_added_fp,0.4980459441425984,fusion_control,Reconnaissance,42,0.01,0.9597796238333368,0.009953785993601137,True,0b7faf22430359c6f3a96ed9e2c6945a109e3741b71552707344e8dbb69c67dc,7e29e92922cc5237b549fa741c6af2c997c8f2f3e9502c78b0587edc9a8d3025,bec7dd5ec88dc2a0ccc7a07879d338395ed7421750f675fd0339e07dfe0648fa,benign calibration only; conservative >= cutoff with ties,frozen decisions on grouped internal development holdout,withheld_family,1.0,['lightgbm'],0.0,0.0,0d1827207e96a7dd582e69570c793ee435c1850169000e44711bd1e34cf8ace1,,,
0.9980941132257805,0.748249215165419,0.8552993271608488,0.00859356088114258,8.593560881142581,0.9894055198955607,0.9974689433126425,1124,213,20,14,6,911,56.2,finite,0.5663902392526928,fusion_latent,Reconnaissance,42,0.01,0.9471913914600604,0.009953785993601137,True,0b7faf22430359c6f3a96ed9e2c6945a109e3741b71552707344e8dbb69c67dc,7e29e92922cc5237b549fa741c6af2c997c8f2f3e9502c78b0587edc9a8d3025,bec7dd5ec88dc2a0ccc7a07879d338395ed7421750f675fd0339e07dfe0648fa,benign calibration only; conservative >= cutoff with ties,frozen decisions on grouped internal development holdout,withheld_family,1.0,"['lightgbm', 'ae_latent']",0.01833293085406107,0.0007262164124909234,0d1827207e96a7dd582e69570c793ee435c1850169000e44711bd1e34cf8ace1,,,
0.9980336121234368,0.7660387990018515,0.8667812781073173,0.00907770515613653,9.07770515613653,0.990236590634815,0.9978471384738794,2147,352,15,5,10,1795,143.13333333333333,finite,0.48613096940234485,fusion_ae_plain,Reconnaissance,42,0.01,0.9472684398348977,0.009953785993601137,True,0b7faf22430359c6f3a96ed9e2c6945a109e3741b71552707344e8dbb69c67dc,7e29e92922cc5237b549fa741c6af2c997c8f2f3e9502c78b0587edc9a8d3025,bec7dd5ec88dc2a0ccc7a07879d338395ed7421750f675fd0339e07dfe0648fa,benign calibration only; conservative >= cutoff with ties,frozen decisions on grouped internal development holdout,withheld_family,1.0,"['lightgbm', 'ae_plain']",0.036122514690493546,0.0012103606874848717,0d1827207e96a7dd582e69570c793ee435c1850169000e44711bd1e34cf8ace1,,,
0.9981849747474747,0.7636440473315624,0.865303051032973,0.008351488743645606,8.351488743645607,0.9898101255561906,0.9976141377556031,1877,201,20,16,4,1676,93.85,finite,0.5410351730054332,fusion_ae_plain_latent,Reconnaissance,42,0.01,0.9412676105594734,0.009953785993601137,True,0b7faf22430359c6f3a96ed9e2c6945a109e3741b71552707344e8dbb69c67dc,7e29e92922cc5237b549fa741c6af2c997c8f2f3e9502c78b0587edc9a8d3025,bec7dd5ec88dc2a0ccc7a07879d338395ed7421750f675fd0339e07dfe0648fa,benign calibration only; conservative >= cutoff with ties,frozen decisions on grouped internal development holdout,withheld_family,1.0,"['lightgbm', 'ae_plain', 'ae_latent']",0.033727763020204526,0.00048414427499394834,0d1827207e96a7dd582e69570c793ee435c1850169000e44711bd1e34cf8ace1,,,
0.9980406225852743,0.7277831441680753,0.8417512335909133,0.00859356088114258,8.593560881142581,0.9899342135889201,0.9979528940491277,726,832,8,2,6,-106,90.75,finite,0.513487751405967,fusion_ae_denoising,Reconnaissance,42,0.01,0.9465766071593417,0.009953785993601137,True,0b7faf22430359c6f3a96ed9e2c6945a109e3741b71552707344e8dbb69c67dc,7e29e92922cc5237b549fa741c6af2c997c8f2f3e9502c78b0587edc9a8d3025,bec7dd5ec88dc2a0ccc7a07879d338395ed7421750f675fd0339e07dfe0648fa,benign calibration only; conservative >= cutoff with ties,frozen decisions on grouped internal development holdout,withheld_family,1.0,"['lightgbm', 'ae_denoising']",-0.002133140143282586,0.0007262164124909234,0d1827207e96a7dd582e69570c793ee435c1850169000e44711bd1e34cf8ace1,,,
0.9981030927835052,0.7306206230379135,0.8436683049252327,0.008351488743645606,8.351488743645607,0.9894466398125015,0.9976663855870563,787,752,18,14,4,35,43.72222222222222,finite,0.5409398532075111,fusion_ae_denoising_latent,Reconnaissance,42,0.01,0.9452084241398432,0.009953785993601137,True,0b7faf22430359c6f3a96ed9e2c6945a109e3741b71552707344e8dbb69c67dc,7e29e92922cc5237b549fa741c6af2c997c8f2f3e9502c78b0587edc9a8d3025,bec7dd5ec88dc2a0ccc7a07879d338395ed7421750f675fd0339e07dfe0648fa,benign calibration only; conservative >= cutoff with ties,frozen decisions on grouped internal development holdout,withheld_family,1.0,"['lightgbm', 'ae_denoising', 'ae_latent']",0.00070433872655562,0.00048414427499394834,0d1827207e96a7dd582e69570c793ee435c1850169000e44711bd1e34cf8ace1,,,
0.9978864230491129,0.7220880624647831,0.8378750729713952,0.009198741224885015,9.198741224885016,0.9900161075497882,0.9979652671608018,589,978,14,3,11,-389,42.07142857142857,finite,0.4215041464112096,fusion_ae_scaled,Reconnaissance,42,0.01,0.9498922211270227,0.009953785993601137,True,0b7faf22430359c6f3a96ed9e2c6945a109e3741b71552707344e8dbb69c67dc,7e29e92922cc5237b549fa741c6af2c997c8f2f3e9502c78b0587edc9a8d3025,bec7dd5ec88dc2a0ccc7a07879d338395ed7421750f675fd0339e07dfe0648fa,benign calibration only; conservative >= cutoff with ties,frozen decisions on grouped internal development holdout,withheld_family,1.0,"['lightgbm', 'ae_scaled']",-0.007828221846574834,0.0013313967562333575,0d1827207e96a7dd582e69570c793ee435c1850169000e44711bd1e34cf8ace1,,,
0.998258645552744,0.7383281011027932,0.848840303082885,0.007746308399903171,7.746308399903171,0.9894787645953783,0.9976128989660464,666,248,14,15,-1,418,47.57142857142857,finite,0.5319797922028405,fusion_ae_scaled_latent,Reconnaissance,42,0.01,0.9468910441725208,0.009953785993601137,True,0b7faf22430359c6f3a96ed9e2c6945a109e3741b71552707344e8dbb69c67dc,7e29e92922cc5237b549fa741c6af2c997c8f2f3e9502c78b0587edc9a8d3025,bec7dd5ec88dc2a0ccc7a07879d338395ed7421750f675fd0339e07dfe0648fa,benign calibration only; conservative >= cutoff with ties,frozen decisions on grouped internal development holdout,withheld_family,1.0,"['lightgbm', 'ae_scaled', 'ae_latent']",0.008411816791435323,-0.00012103606874848665,0d1827207e96a7dd582e69570c793ee435c1850169000e44711bd1e34cf8ace1,,,
0.998137547588398,0.7333776060532883,0.8455158173149426,0.00823045267489712,8.23045267489712,0.9901084751300644,0.9980139295208817,172,0,3,0,3,172,57.333333333333336,finite,0.5082451625202554,selective_fusion,Reconnaissance,42,0.01,0.9740871146882043,0.009953785993601137,True,0b7faf22430359c6f3a96ed9e2c6945a109e3741b71552707344e8dbb69c67dc,7e29e92922cc5237b549fa741c6af2c997c8f2f3e9502c78b0587edc9a8d3025,bec7dd5ec88dc2a0ccc7a07879d338395ed7421750f675fd0339e07dfe0648fa,benign calibration only; conservative >= cutoff with ties,frozen decisions on grouped internal development holdout,withheld_family,1.0,selective_fusion,0.0034613217419303677,0.00036310820624546256,0d1827207e96a7dd582e69570c793ee435c1850169000e44711bd1e34cf8ace1,True,0.22638644442143768,budget-dependent conditional ranking
0.9980462838116728,0.7298961603477421,0.8431648320993107,0.00859356088114258,8.593560881142581,0.9900934601005668,0.9980101082754445,747,748,17,11,6,-1,43.94117647058823,finite,0.5379849394719283,selective_fusion_primary_0.75,Reconnaissance,42,0.01,0.9456216798628898,0.009953785993601137,True,0b7faf22430359c6f3a96ed9e2c6945a109e3741b71552707344e8dbb69c67dc,7e29e92922cc5237b549fa741c6af2c997c8f2f3e9502c78b0587edc9a8d3025,bec7dd5ec88dc2a0ccc7a07879d338395ed7421750f675fd0339e07dfe0648fa,benign calibration only; conservative >= cutoff with ties,frozen decisions on grouped internal development holdout,withheld_family,0.75,selective_fusion_primary_0.75,-2.0123963615836793e-05,0.0007262164124909234,0d1827207e96a7dd582e69570c793ee435c1850169000e44711bd1e34cf8ace1,False,0.2631224764468372,budget-dependent conditional ranking
0.9981031449307236,0.7306407470015294,0.8436817400195195,0.008351488743645606,8.351488743645607,0.9900298669628196,0.9979932522484546,787,751,18,14,4,36,43.72222222222222,finite,0.5409398532075111,selective_fusion_primary_0.5,Reconnaissance,42,0.01,0.9452084241398432,0.009953785993601137,True,0b7faf22430359c6f3a96ed9e2c6945a109e3741b71552707344e8dbb69c67dc,7e29e92922cc5237b549fa741c6af2c997c8f2f3e9502c78b0587edc9a8d3025,bec7dd5ec88dc2a0ccc7a07879d338395ed7421750f675fd0339e07dfe0648fa,benign calibration only; conservative >= cutoff with ties,frozen decisions on grouped internal development holdout,withheld_family,0.5,selective_fusion_primary_0.5,0.0007244626901714568,0.00048414427499394834,0d1827207e96a7dd582e69570c793ee435c1850169000e44711bd1e34cf8ace1,False,0.33207371363495186,budget-dependent conditional ranking
0.9951719061228025,0.9249979876036384,0.9588026700041719,0.026991043330912613,26.99104333091261,0.9904515787232405,0.9980768607115638,0,0,0,0,0,0,,no_recovery_no_added_fp,0.8632160899818893,lightgbm,Reconnaissance,42,0.03,0.7347342975946521,0.029861357980803412,True,0b7faf22430359c6f3a96ed9e2c6945a109e3741b71552707344e8dbb69c67dc,7e29e92922cc5237b549fa741c6af2c997c8f2f3e9502c78b0587edc9a8d3025,bec7dd5ec88dc2a0ccc7a07879d338395ed7421750f675fd0339e07dfe0648fa,benign calibration only; conservative >= cutoff with ties,frozen decisions on grouped internal development holdout,withheld_family,1.0,lightgbm,0.0,0.0,0d1827207e96a7dd582e69570c793ee435c1850169000e44711bd1e34cf8ace1,,,
0.9932245791421275,0.7670047492554134,0.8655780891604025,0.03146937787460663,31.469377874606632,0.9033355211506414,0.9810976869342701,1142,8993,221,184,37,-7851,5.167420814479638,finite,0.25383662186636163,ae_plain,Reconnaissance,42,0.03,0.03229429945349694,0.030039104159260577,False,0b7faf22430359c6f3a96ed9e2c6945a109e3741b71552707344e8dbb69c67dc,7e29e92922cc5237b549fa741c6af2c997c8f2f3e9502c78b0587edc9a8d3025,bec7dd5ec88dc2a0ccc7a07879d338395ed7421750f675fd0339e07dfe0648fa,benign calibration only; conservative >= cutoff with ties,frozen decisions on grouped internal development holdout,withheld_family,1.0,ae_plain,-0.15799323834822498,0.004478334543694017,0d1827207e96a7dd582e69570c793ee435c1850169000e44711bd1e34cf8ace1,,,
0.9784000683001793,0.23062062303791356,0.3732595065548408,0.030622125393367224,30.622125393367224,0.8869095514108862,0.970830136199693,218,34723,226,196,30,-34505,0.9646017699115044,finite,0.08245162520255457,ae_scaled,Reconnaissance,42,0.03,0.029956202954053882,0.030039104159260577,False,0b7faf22430359c6f3a96ed9e2c6945a109e3741b71552707344e8dbb69c67dc,7e29e92922cc5237b549fa741c6af2c997c8f2f3e9502c78b0587edc9a8d3025,bec7dd5ec88dc2a0ccc7a07879d338395ed7421750f675fd0339e07dfe0648fa,benign calibration only; conservative >= cutoff with ties,frozen decisions on grouped internal development holdout,withheld_family,1.0,ae_scaled,-0.6943773645657249,0.0036310820624546117,0d1827207e96a7dd582e69570c793ee435c1850169000e44711bd1e34cf8ace1,,,
0.9780039395929088,0.179847862835064,0.30382457929627743,0.024328249818445898,24.328249818445897,0.87677836455378,0.9678913559902769,285,37313,182,204,-22,-37028,1.565934065934066,finite,0.02163759412830045,isolation_forest,Reconnaissance,42,0.03,0.5384497815720988,0.029861357980803412,True,0b7faf22430359c6f3a96ed9e2c6945a109e3741b71552707344e8dbb69c67dc,7e29e92922cc5237b549fa741c6af2c997c8f2f3e9502c78b0587edc9a8d3025,bec7dd5ec88dc2a0ccc7a07879d338395ed7421750f675fd0339e07dfe0648fa,benign calibration only; conservative >= cutoff with ties,frozen decisions on grouped internal development holdout,withheld_family,1.0,isolation_forest,-0.7451501247685743,-0.002662793512466715,0d1827207e96a7dd582e69570c793ee435c1850169000e44711bd1e34cf8ace1,,,
0.9793260621846004,0.24213153022619335,0.3882668043499306,0.030743161462115712,30.74316146211571,0.8483937744962126,0.9581773191946074,275,34208,226,195,31,-33933,1.2168141592920354,finite,0.16557048899056334,ae_denoising,Reconnaissance,42,0.03,0.150516614317894,0.03021685033771774,False,0b7faf22430359c6f3a96ed9e2c6945a109e3741b71552707344e8dbb69c67dc,7e29e92922cc5237b549fa741c6af2c997c8f2f3e9502c78b0587edc9a8d3025,bec7dd5ec88dc2a0ccc7a07879d338395ed7421750f675fd0339e07dfe0648fa,benign calibration only; conservative >= cutoff with ties,frozen decisions on grouped internal development holdout,withheld_family,1.0,ae_denoising,-0.682866457377445,0.003752118131203099,0d1827207e96a7dd582e69570c793ee435c1850169000e44711bd1e34cf8ace1,,,
0.9556571883078147,0.0967157691378894,0.1756546846731602,0.026991043330912613,26.99104333091261,0.8592748006490254,0.9496725097423255,412,41571,200,200,0,-41159,2.06,finite,0.028595939376608523,ae_latent,Reconnaissance,42,0.03,35.126341288726195,0.029861357980803412,True,0b7faf22430359c6f3a96ed9e2c6945a109e3741b71552707344e8dbb69c67dc,7e29e92922cc5237b549fa741c6af2c997c8f2f3e9502c78b0587edc9a8d3025,bec7dd5ec88dc2a0ccc7a07879d338395ed7421750f675fd0339e07dfe0648fa,benign calibration only; conservative >= cutoff with ties,frozen decisions on grouped internal development holdout,withheld_family,1.0,ae_latent,-0.828282218465749,0.0,0d1827207e96a7dd582e69570c793ee435c1850169000e44711bd1e34cf8ace1,,,
0.9952439898364714,0.9222410045882637,0.957352802932974,0.026506899055918662,26.506899055918662,0.9894466398125015,0.9976663855870563,196,333,11,15,-4,-137,17.818181818181817,finite,0.8489181202935849,learned_fusion,Reconnaissance,42,0.03,0.8241231177529289,0.029861357980803412,True,0b7faf22430359c6f3a96ed9e2c6945a109e3741b71552707344e8dbb69c67dc,7e29e92922cc5237b549fa741c6af2c997c8f2f3e9502c78b0587edc9a8d3025,bec7dd5ec88dc2a0ccc7a07879d338395ed7421750f675fd0339e07dfe0648fa,benign calibration only; conservative >= cutoff with ties,frozen decisions on grouped internal development holdout,withheld_family,1.0,learned_fusion,-0.0027569830153746366,-0.0004841442749939501,0d1827207e96a7dd582e69570c793ee435c1850169000e44711bd1e34cf8ace1,,,
0.9941303116147309,0.8827577879739194,0.9351396868371404,0.031348341805858146,31.348341805858144,0.985950269199299,0.9970961740828646,126,2225,113,77,36,-2099,1.1150442477876106,finite,0.7439710227814317,rank_or,Reconnaissance,42,0.03,0.9860408305705811,0.02968361180234625,False,0b7faf22430359c6f3a96ed9e2c6945a109e3741b71552707344e8dbb69c67dc,7e29e92922cc5237b549fa741c6af2c997c8f2f3e9502c78b0587edc9a8d3025,bec7dd5ec88dc2a0ccc7a07879d338395ed7421750f675fd0339e07dfe0648fa,benign calibration only; conservative >= cutoff with ties,frozen decisions on grouped internal development holdout,withheld_family,1.0,rank_or,-0.04224019962971903,0.004357298474945533,0d1827207e96a7dd582e69570c793ee435c1850169000e44711bd1e34cf8ace1,,,
0.9951719061228025,0.9249979876036384,0.9588026700041719,0.026991043330912613,26.99104333091261,0.9904515787232405,0.9980768607115638,0,0,0,0,0,0,,no_recovery_no_added_fp,0.8632160899818893,fusion_control,Reconnaissance,42,0.03,0.8487120987620165,0.029861357980803412,True,0b7faf22430359c6f3a96ed9e2c6945a109e3741b71552707344e8dbb69c67dc,7e29e92922cc5237b549fa741c6af2c997c8f2f3e9502c78b0587edc9a8d3025,bec7dd5ec88dc2a0ccc7a07879d338395ed7421750f675fd0339e07dfe0648fa,benign calibration only; conservative >= cutoff with ties,frozen decisions on grouped internal development holdout,withheld_family,1.0,['lightgbm'],0.0,0.0,0d1827207e96a7dd582e69570c793ee435c1850169000e44711bd1e34cf8ace1,,,
0.9952540601732921,0.9199871206632858,0.9561416351201556,0.02638586298717018,26.385862987170178,0.9894055198955607,0.9974689433126425,192,441,11,16,-5,-249,17.454545454545453,finite,0.8391001811076161,fusion_latent,Reconnaissance,42,0.03,0.8364234689893238,0.029861357980803412,True,0b7faf22430359c6f3a96ed9e2c6945a109e3741b71552707344e8dbb69c67dc,7e29e92922cc5237b549fa741c6af2c997c8f2f3e9502c78b0587edc9a8d3025,bec7dd5ec88dc2a0ccc7a07879d338395ed7421750f675fd0339e07dfe0648fa,benign calibration only; conservative >= cutoff with ties,frozen decisions on grouped internal development holdout,withheld_family,1.0,"['lightgbm', 'ae_latent']",-0.005010866940352576,-0.0006051803437424341,0d1827207e96a7dd582e69570c793ee435c1850169000e44711bd1e34cf8ace1,,,
0.9951943891245996,0.9251791032761812,0.9589103954613716,0.026870007262164125,26.870007262164126,0.990236590634815,0.9978471384738794,152,143,4,5,-1,9,38.0,finite,0.8540653893813746,fusion_ae_plain,Reconnaissance,42,0.03,0.8225336642835438,0.029861357980803412,True,0b7faf22430359c6f3a96ed9e2c6945a109e3741b71552707344e8dbb69c67dc,7e29e92922cc5237b549fa741c6af2c997c8f2f3e9502c78b0587edc9a8d3025,bec7dd5ec88dc2a0ccc7a07879d338395ed7421750f675fd0339e07dfe0648fa,benign calibration only; conservative >= cutoff with ties,frozen decisions on grouped internal development holdout,withheld_family,1.0,"['lightgbm', 'ae_plain']",0.0001811156725428642,-0.00012103606874848752,0d1827207e96a7dd582e69570c793ee435c1850169000e44711bd1e34cf8ace1,,,
0.9952204045275804,0.9218586492795621,0.9571358427095412,0.02662793512466715,26.62793512466715,0.9898101255561906,0.9976141377556031,273,429,14,17,-3,-156,19.5,finite,0.8383376227242398,fusion_ae_plain_latent,Reconnaissance,42,0.03,0.8206133358851957,0.02968361180234625,True,0b7faf22430359c6f3a96ed9e2c6945a109e3741b71552707344e8dbb69c67dc,7e29e92922cc5237b549fa741c6af2c997c8f2f3e9502c78b0587edc9a8d3025,bec7dd5ec88dc2a0ccc7a07879d338395ed7421750f675fd0339e07dfe0648fa,benign calibration only; conservative >= cutoff with ties,frozen decisions on grouped internal development holdout,withheld_family,1.0,"['lightgbm', 'ae_plain', 'ae_latent']",-0.003139338324076313,-0.00036310820624546256,0d1827207e96a7dd582e69570c793ee435c1850169000e44711bd1e34cf8ace1,,,
0.9950511097184103,0.9265877807292925,0.9595998541134789,0.027717259743403534,27.717259743403535,0.9899342135889201,0.9979528940491277,148,69,8,2,6,79,18.5,finite,0.8682680392717568,fusion_ae_denoising,Reconnaissance,42,0.03,0.8162276899941632,0.029861357980803412,True,0b7faf22430359c6f3a96ed9e2c6945a109e3741b71552707344e8dbb69c67dc,7e29e92922cc5237b549fa741c6af2c997c8f2f3e9502c78b0587edc9a8d3025,bec7dd5ec88dc2a0ccc7a07879d338395ed7421750f675fd0339e07dfe0648fa,benign calibration only; conservative >= cutoff with ties,frozen decisions on grouped internal development holdout,withheld_family,1.0,"['lightgbm', 'ae_denoising']",0.0015897931256541042,0.0007262164124909216,0d1827207e96a7dd582e69570c793ee435c1850169000e44711bd1e34cf8ace1,,,
0.9952439898364714,0.9222410045882637,0.957352802932974,0.026506899055918662,26.506899055918662,0.9894466398125015,0.9976663855870563,196,333,11,15,-4,-137,17.818181818181817,finite,0.8489181202935849,fusion_ae_denoising_latent,Reconnaissance,42,0.03,0.8241231177529289,0.029861357980803412,True,0b7faf22430359c6f3a96ed9e2c6945a109e3741b71552707344e8dbb69c67dc,7e29e92922cc5237b549fa741c6af2c997c8f2f3e9502c78b0587edc9a8d3025,bec7dd5ec88dc2a0ccc7a07879d338395ed7421750f675fd0339e07dfe0648fa,benign calibration only; conservative >= cutoff with ties,frozen decisions on grouped internal development holdout,withheld_family,1.0,"['lightgbm', 'ae_denoising', 'ae_latent']",-0.0027569830153746366,-0.0004841442749939501,0d1827207e96a7dd582e69570c793ee435c1850169000e44711bd1e34cf8ace1,,,
0.9950942254495159,0.9266079046929083,0.9596306948438998,0.02747518760590656,27.47518760590656,0.9900161075497882,0.9979652671608018,134,54,6,2,4,80,22.333333333333332,finite,0.8632160899818893,fusion_ae_scaled,Reconnaissance,42,0.03,0.8213653245433334,0.029861357980803412,True,0b7faf22430359c6f3a96ed9e2c6945a109e3741b71552707344e8dbb69c67dc,7e29e92922cc5237b549fa741c6af2c997c8f2f3e9502c78b0587edc9a8d3025,bec7dd5ec88dc2a0ccc7a07879d338395ed7421750f675fd0339e07dfe0648fa,benign calibration only; conservative >= cutoff with ties,frozen decisions on grouped internal development holdout,withheld_family,1.0,"['lightgbm', 'ae_scaled']",0.001609917089269941,0.0004841442749939466,0d1827207e96a7dd582e69570c793ee435c1850169000e44711bd1e34cf8ace1,,,
0.9953048581675905,0.9214561700072447,0.95695789836672,0.026143790849673203,26.143790849673202,0.9894787645953783,0.9976128989660464,192,368,10,17,-7,-176,19.2,finite,0.8441521303974836,fusion_ae_scaled_latent,Reconnaissance,42,0.03,0.8298723831127837,0.02968361180234625,True,0b7faf22430359c6f3a96ed9e2c6945a109e3741b71552707344e8dbb69c67dc,7e29e92922cc5237b549fa741c6af2c997c8f2f3e9502c78b0587edc9a8d3025,bec7dd5ec88dc2a0ccc7a07879d338395ed7421750f675fd0339e07dfe0648fa,benign calibration only; conservative >= cutoff with ties,frozen decisions on grouped internal development holdout,withheld_family,1.0,"['lightgbm', 'ae_scaled', 'ae_latent']",-0.003541817596393715,-0.0008472524812394092,0d1827207e96a7dd582e69570c793ee435c1850169000e44711bd1e34cf8ace1,,,
0.9951509903669228,0.9251187313853336,0.9588578222282478,0.0271120793996611,27.1120793996611,0.9902808514197152,0.9980488328725046,6,0,1,0,1,6,6.0,finite,0.8635973691735773,selective_fusion,Reconnaissance,42,0.03,0.9551987496978097,0.029861357980803412,True,0b7faf22430359c6f3a96ed9e2c6945a109e3741b71552707344e8dbb69c67dc,7e29e92922cc5237b549fa741c6af2c997c8f2f3e9502c78b0587edc9a8d3025,bec7dd5ec88dc2a0ccc7a07879d338395ed7421750f675fd0339e07dfe0648fa,benign calibration only; conservative >= cutoff with ties,frozen decisions on grouped internal development holdout,withheld_family,1.0,selective_fusion,0.0001207437816952428,0.00012103606874848752,0d1827207e96a7dd582e69570c793ee435c1850169000e44711bd1e34cf8ace1,True,0.06372295268661352,budget-dependent conditional ranking
0.9952226878895138,0.9223013764791114,0.9573754739249867,0.02662793512466715,26.62793512466715,0.9902471665546916,0.998042982813895,196,330,11,14,-3,-134,17.818181818181817,finite,0.849204079687351,selective_fusion_primary_0.75,Reconnaissance,42,0.03,0.8241231177529289,0.029861357980803412,True,0b7faf22430359c6f3a96ed9e2c6945a109e3741b71552707344e8dbb69c67dc,7e29e92922cc5237b549fa741c6af2c997c8f2f3e9502c78b0587edc9a8d3025,bec7dd5ec88dc2a0ccc7a07879d338395ed7421750f675fd0339e07dfe0648fa,benign calibration only; conservative >= cutoff with ties,frozen decisions on grouped internal development holdout,withheld_family,0.75,selective_fusion_primary_0.75,-0.0026966111245270152,-0.00036310820624546256,0d1827207e96a7dd582e69570c793ee435c1850169000e44711bd1e34cf8ace1,False,0.0795631017703696,budget-dependent conditional ranking
0.9952439898364714,0.9222410045882637,0.957352802932974,0.026506899055918662,26.506899055918662,0.9902412246024717,0.998041971562774,196,333,11,15,-4,-137,17.818181818181817,finite,0.8489181202935849,selective_fusion_primary_0.5,Reconnaissance,42,0.03,0.8241231177529289,0.029861357980803412,True,0b7faf22430359c6f3a96ed9e2c6945a109e3741b71552707344e8dbb69c67dc,7e29e92922cc5237b549fa741c6af2c997c8f2f3e9502c78b0587edc9a8d3025,bec7dd5ec88dc2a0ccc7a07879d338395ed7421750f675fd0339e07dfe0648fa,benign calibration only; conservative >= cutoff with ties,frozen decisions on grouped internal development holdout,withheld_family,0.5,selective_fusion_primary_0.5,-0.0027569830153746366,-0.0004841442749939501,0d1827207e96a7dd582e69570c793ee435c1850169000e44711bd1e34cf8ace1,False,0.1125892949580702,budget-dependent conditional ranking
0.9918470913666521,0.9596917008774049,0.9755044848782384,0.04744613894940692,47.44613894940692,0.9904515787232405,0.9980768607115638,0,0,0,0,0,0,,no_recovery_no_added_fp,0.953102659422362,lightgbm,Reconnaissance,42,0.05,0.6148406432290118,0.04994667614646285,True,0b7faf22430359c6f3a96ed9e2c6945a109e3741b71552707344e8dbb69c67dc,7e29e92922cc5237b549fa741c6af2c997c8f2f3e9502c78b0587edc9a8d3025,bec7dd5ec88dc2a0ccc7a07879d338395ed7421750f675fd0339e07dfe0648fa,benign calibration only; conservative >= cutoff with ties,frozen decisions on grouped internal development holdout,withheld_family,1.0,lightgbm,0.0,0.0,0d1827207e96a7dd582e69570c793ee435c1850169000e44711bd1e34cf8ace1,,,
0.9898931343885472,0.7903686710134428,0.8789499597171248,0.048535463568143304,48.53546356814331,0.9033355211506414,0.9810976869342701,788,9202,314,305,9,-8414,2.5095541401273884,finite,0.3173196072824326,ae_plain,Reconnaissance,42,0.05,0.024102512747049335,0.050124422324920016,True,0b7faf22430359c6f3a96ed9e2c6945a109e3741b71552707344e8dbb69c67dc,7e29e92922cc5237b549fa741c6af2c997c8f2f3e9502c78b0587edc9a8d3025,bec7dd5ec88dc2a0ccc7a07879d338395ed7421750f675fd0339e07dfe0648fa,benign calibration only; conservative >= cutoff with ties,frozen decisions on grouped internal development holdout,withheld_family,1.0,ae_plain,-0.16932302986396208,0.0010893246187363842,0d1827207e96a7dd582e69570c793ee435c1850169000e44711bd1e34cf8ace1,,,
0.971991770093582,0.29471544715447157,0.4522923454654951,0.05107722101186153,51.07722101186153,0.8869095514108862,0.970830136199693,107,33151,367,337,30,-33044,0.29155313351498635,finite,0.13611667143265657,ae_scaled,Reconnaissance,42,0.05,0.022352835163474086,0.050124422324920016,False,0b7faf22430359c6f3a96ed9e2c6945a109e3741b71552707344e8dbb69c67dc,7e29e92922cc5237b549fa741c6af2c997c8f2f3e9502c78b0587edc9a8d3025,bec7dd5ec88dc2a0ccc7a07879d338395ed7421750f675fd0339e07dfe0648fa,benign calibration only; conservative >= cutoff with ties,frozen decisions on grouped internal development holdout,withheld_family,1.0,ae_scaled,-0.6649762537229333,0.0036310820624546117,0d1827207e96a7dd582e69570c793ee435c1850169000e44711bd1e34cf8ace1,,,
0.9677948045562567,0.23766401030346937,0.381614023749899,0.04756717501815541,47.56717501815541,0.87677836455378,0.9678913559902769,344,36223,347,346,1,-35879,0.9913544668587896,finite,0.042893909064912784,isolation_forest,Reconnaissance,42,0.05,0.5092146969162887,0.049768929968005686,True,0b7faf22430359c6f3a96ed9e2c6945a109e3741b71552707344e8dbb69c67dc,7e29e92922cc5237b549fa741c6af2c997c8f2f3e9502c78b0587edc9a8d3025,bec7dd5ec88dc2a0ccc7a07879d338395ed7421750f675fd0339e07dfe0648fa,benign calibration only; conservative >= cutoff with ties,frozen decisions on grouped internal development holdout,withheld_family,1.0,isolation_forest,-0.7220276905739355,0.00012103606874849099,0d1827207e96a7dd582e69570c793ee435c1850169000e44711bd1e34cf8ace1,,,
0.9718779155004664,0.29348788537390325,0.4508331014869084,0.05107722101186153,51.07722101186153,0.8483937744962126,0.9581773191946074,314,33419,361,331,30,-33105,0.8698060941828255,finite,0.22762367743780385,ae_denoising,Reconnaissance,42,0.05,0.08328986167907716,0.050302168503377175,False,0b7faf22430359c6f3a96ed9e2c6945a109e3741b71552707344e8dbb69c67dc,7e29e92922cc5237b549fa741c6af2c997c8f2f3e9502c78b0587edc9a8d3025,bec7dd5ec88dc2a0ccc7a07879d338395ed7421750f675fd0339e07dfe0648fa,benign calibration only; conservative >= cutoff with ties,frozen decisions on grouped internal development holdout,withheld_family,1.0,ae_denoising,-0.6662038155035016,0.0036310820624546117,0d1827207e96a7dd582e69570c793ee435c1850169000e44711bd1e34cf8ace1,,,
0.954737684306778,0.1680954680833937,0.28586095378244725,0.04793028322440087,47.930283224400874,0.8592748006490254,0.9496725097423255,437,39773,353,349,4,-39336,1.2379603399433428,finite,0.11095224478124106,ae_latent,Reconnaissance,42,0.05,26.27491624719931,0.049768929968005686,True,0b7faf22430359c6f3a96ed9e2c6945a109e3741b71552707344e8dbb69c67dc,7e29e92922cc5237b549fa741c6af2c997c8f2f3e9502c78b0587edc9a8d3025,bec7dd5ec88dc2a0ccc7a07879d338395ed7421750f675fd0339e07dfe0648fa,benign calibration only; conservative >= cutoff with ties,frozen decisions on grouped internal development holdout,withheld_family,1.0,ae_latent,-0.7915962327940111,0.0004841442749939501,0d1827207e96a7dd582e69570c793ee435c1850169000e44711bd1e34cf8ace1,,,
0.9916895776055986,0.9581622796425984,0.9746376811594203,0.048293391430646336,48.29339143064633,0.9894466398125015,0.9976663855870563,70,146,30,23,7,-76,2.3333333333333335,finite,0.9470021923553522,learned_fusion,Reconnaissance,42,0.05,0.6536114274923093,0.04994667614646285,True,0b7faf22430359c6f3a96ed9e2c6945a109e3741b71552707344e8dbb69c67dc,7e29e92922cc5237b549fa741c6af2c997c8f2f3e9502c78b0587edc9a8d3025,bec7dd5ec88dc2a0ccc7a07879d338395ed7421750f675fd0339e07dfe0648fa,benign calibration only; conservative >= cutoff with ties,frozen decisions on grouped internal development holdout,withheld_family,1.0,learned_fusion,-0.0015294212348064828,0.0008472524812394161,0d1827207e96a7dd582e69570c793ee435c1850169000e44711bd1e34cf8ace1,,,
0.9912881817592253,0.9228044755695082,0.955821200404373,0.04877753570564028,48.77753570564028,0.985950269199299,0.9970961740828646,80,1913,193,182,11,-1833,0.41450777202072536,finite,0.8539700695834525,rank_or,Reconnaissance,42,0.05,0.9759204327342524,0.049768929968005686,True,0b7faf22430359c6f3a96ed9e2c6945a109e3741b71552707344e8dbb69c67dc,7e29e92922cc5237b549fa741c6af2c997c8f2f3e9502c78b0587edc9a8d3025,bec7dd5ec88dc2a0ccc7a07879d338395ed7421750f675fd0339e07dfe0648fa,benign calibration only; conservative >= cutoff with ties,frozen decisions on grouped internal development holdout,withheld_family,1.0,rank_or,-0.036887225307896676,0.0013313967562333592,0d1827207e96a7dd582e69570c793ee435c1850169000e44711bd1e34cf8ace1,,,
0.9918470913666521,0.9596917008774049,0.9755044848782384,0.04744613894940692,47.44613894940692,0.9904515787232405,0.9980768607115638,0,0,0,0,0,0,,no_recovery_no_added_fp,0.953102659422362,fusion_control,Reconnaissance,42,0.05,0.6733405419612382,0.04994667614646285,True,0b7faf22430359c6f3a96ed9e2c6945a109e3741b71552707344e8dbb69c67dc,7e29e92922cc5237b549fa741c6af2c997c8f2f3e9502c78b0587edc9a8d3025,bec7dd5ec88dc2a0ccc7a07879d338395ed7421750f675fd0339e07dfe0648fa,benign calibration only; conservative >= cutoff with ties,frozen decisions on grouped internal development holdout,withheld_family,1.0,['lightgbm'],0.0,0.0,0d1827207e96a7dd582e69570c793ee435c1850169000e44711bd1e34cf8ace1,,,
0.9919462527124019,0.9567334782258714,0.9740217168612989,0.046719922536916,46.719922536916,0.9894055198955607,0.9974689433126425,69,216,26,32,-6,-147,2.6538461538461537,finite,0.9415689638737966,fusion_latent,Reconnaissance,42,0.05,0.6720038918702341,0.04994667614646285,True,0b7faf22430359c6f3a96ed9e2c6945a109e3741b71552707344e8dbb69c67dc,7e29e92922cc5237b549fa741c6af2c997c8f2f3e9502c78b0587edc9a8d3025,bec7dd5ec88dc2a0ccc7a07879d338395ed7421750f675fd0339e07dfe0648fa,benign calibration only; conservative >= cutoff with ties,frozen decisions on grouped internal development holdout,withheld_family,1.0,"['lightgbm', 'ae_latent']",-0.0029582226515334487,-0.0007262164124909182,0d1827207e96a7dd582e69570c793ee435c1850169000e44711bd1e34cf8ace1,,,
0.9918194875210757,0.958866618369154,0.9750647171375073,0.04756717501815541,47.56717501815541,0.990236590634815,0.9978471384738794,32,73,9,8,1,-41,3.5555555555555554,finite,0.9489085883137928,fusion_ae_plain,Reconnaissance,42,0.05,0.6451107938202414,0.04959118378954853,True,0b7faf22430359c6f3a96ed9e2c6945a109e3741b71552707344e8dbb69c67dc,7e29e92922cc5237b549fa741c6af2c997c8f2f3e9502c78b0587edc9a8d3025,bec7dd5ec88dc2a0ccc7a07879d338395ed7421750f675fd0339e07dfe0648fa,benign calibration only; conservative >= cutoff with ties,frozen decisions on grouped internal development holdout,withheld_family,1.0,"['lightgbm', 'ae_plain']",-0.0008250825082508628,0.00012103606874849099,0d1827207e96a7dd582e69570c793ee435c1850169000e44711bd1e34cf8ace1,,,
0.9919028340080972,0.9564919906624809,0.9738756274971827,0.04696199467441298,46.96199467441298,0.9898101255561906,0.9976141377556031,60,219,28,32,-4,-159,2.142857142857143,finite,0.9403298065008102,fusion_ae_plain_latent,Reconnaissance,42,0.05,0.6549529896590126,0.04994667614646285,True,0b7faf22430359c6f3a96ed9e2c6945a109e3741b71552707344e8dbb69c67dc,7e29e92922cc5237b549fa741c6af2c997c8f2f3e9502c78b0587edc9a8d3025,bec7dd5ec88dc2a0ccc7a07879d338395ed7421750f675fd0339e07dfe0648fa,benign calibration only; conservative >= cutoff with ties,frozen decisions on grouped internal development holdout,withheld_family,1.0,"['lightgbm', 'ae_plain', 'ae_latent']",-0.0031997102149239343,-0.00048414427499394314,0d1827207e96a7dd582e69570c793ee435c1850169000e44711bd1e34cf8ace1,,,
0.9916788017474516,0.9593093455687032,0.975225547758843,0.04841442749939482,48.41442749939482,0.9899342135889201,0.9979528940491277,42,61,16,8,8,-19,2.625,finite,0.9517681822514537,fusion_ae_denoising,Reconnaissance,42,0.05,0.6416441652978783,0.04994667614646285,True,0b7faf22430359c6f3a96ed9e2c6945a109e3741b71552707344e8dbb69c67dc,7e29e92922cc5237b549fa741c6af2c997c8f2f3e9502c78b0587edc9a8d3025,bec7dd5ec88dc2a0ccc7a07879d338395ed7421750f675fd0339e07dfe0648fa,benign calibration only; conservative >= cutoff with ties,frozen decisions on grouped internal development holdout,withheld_family,1.0,"['lightgbm', 'ae_denoising']",-0.0003823553087016762,0.0009682885499879001,0d1827207e96a7dd582e69570c793ee435c1850169000e44711bd1e34cf8ace1,,,
0.9916895776055986,0.9581622796425984,0.9746376811594203,0.048293391430646336,48.29339143064633,0.9894466398125015,0.9976663855870563,70,146,30,23,7,-76,2.3333333333333335,finite,0.9470021923553522,fusion_ae_denoising_latent,Reconnaissance,42,0.05,0.6536114274923093,0.04994667614646285,True,0b7faf22430359c6f3a96ed9e2c6945a109e3741b71552707344e8dbb69c67dc,7e29e92922cc5237b549fa741c6af2c997c8f2f3e9502c78b0587edc9a8d3025,bec7dd5ec88dc2a0ccc7a07879d338395ed7421750f675fd0339e07dfe0648fa,benign calibration only; conservative >= cutoff with ties,frozen decisions on grouped internal development holdout,withheld_family,1.0,"['lightgbm', 'ae_denoising', 'ae_latent']",-0.0015294212348064828,0.0008472524812394161,0d1827207e96a7dd582e69570c793ee435c1850169000e44711bd1e34cf8ace1,,,
0.9918550151025934,0.9581824036062143,0.974727985506208,0.047325102880658436,47.325102880658434,0.9900161075497882,0.9979652671608018,6,81,8,9,-1,-75,0.75,finite,0.9486226289200267,fusion_ae_scaled,Reconnaissance,42,0.05,0.6534416440317178,0.04994667614646285,True,0b7faf22430359c6f3a96ed9e2c6945a109e3741b71552707344e8dbb69c67dc,7e29e92922cc5237b549fa741c6af2c997c8f2f3e9502c78b0587edc9a8d3025,bec7dd5ec88dc2a0ccc7a07879d338395ed7421750f675fd0339e07dfe0648fa,benign calibration only; conservative >= cutoff with ties,frozen decisions on grouped internal development holdout,withheld_family,1.0,"['lightgbm', 'ae_scaled']",-0.001509297271190535,-0.00012103606874848405,0d1827207e96a7dd582e69570c793ee435c1850169000e44711bd1e34cf8ace1,,,
0.991909587555778,0.9572969492071158,0.9742959549411162,0.04696199467441298,46.96199467441298,0.9894787645953783,0.9976128989660464,61,180,26,30,-4,-119,2.3461538461538463,finite,0.9438566390239252,fusion_ae_scaled_latent,Reconnaissance,42,0.05,0.665824269456466,0.04994667614646285,True,0b7faf22430359c6f3a96ed9e2c6945a109e3741b71552707344e8dbb69c67dc,7e29e92922cc5237b549fa741c6af2c997c8f2f3e9502c78b0587edc9a8d3025,bec7dd5ec88dc2a0ccc7a07879d338395ed7421750f675fd0339e07dfe0648fa,benign calibration only; conservative >= cutoff with ties,frozen decisions on grouped internal development holdout,withheld_family,1.0,"['lightgbm', 'ae_scaled', 'ae_latent']",-0.0023947516702890193,-0.00048414427499394314,0d1827207e96a7dd582e69570c793ee435c1850169000e44711bd1e34cf8ace1,,,
0.9918474304847867,0.9597319488046365,0.9755254410636666,0.04744613894940692,47.44613894940692,0.9903257126109374,0.9980564471882001,2,0,0,0,0,2,,recovery_without_additional_fp,0.953102659422362,selective_fusion,Reconnaissance,42,0.05,0.9551987496978097,0.04994667614646285,True,0b7faf22430359c6f3a96ed9e2c6945a109e3741b71552707344e8dbb69c67dc,7e29e92922cc5237b549fa741c6af2c997c8f2f3e9502c78b0587edc9a8d3025,bec7dd5ec88dc2a0ccc7a07879d338395ed7421750f675fd0339e07dfe0648fa,benign calibration only; conservative >= cutoff with ties,frozen decisions on grouped internal development holdout,withheld_family,1.0,selective_fusion,4.0247927231673586e-05,0.0,0d1827207e96a7dd582e69570c793ee435c1850169000e44711bd1e34cf8ace1,True,0.035994064257859684,budget-dependent conditional ranking
0.9916895776055986,0.9581622796425984,0.9746376811594203,0.048293391430646336,48.29339143064633,0.9903038726787464,0.9980527351630472,70,146,30,23,7,-76,2.3333333333333335,finite,0.9470021923553522,selective_fusion_primary_0.75,Reconnaissance,42,0.05,0.6536115223252991,0.049768929968005686,True,0b7faf22430359c6f3a96ed9e2c6945a109e3741b71552707344e8dbb69c67dc,7e29e92922cc5237b549fa741c6af2c997c8f2f3e9502c78b0587edc9a8d3025,bec7dd5ec88dc2a0ccc7a07879d338395ed7421750f675fd0339e07dfe0648fa,benign calibration only; conservative >= cutoff with ties,frozen decisions on grouped internal development holdout,withheld_family,0.75,selective_fusion_primary_0.75,-0.0015294212348064828,0.0008472524812394161,0d1827207e96a7dd582e69570c793ee435c1850169000e44711bd1e34cf8ace1,False,0.04757221244435242,budget-dependent conditional ranking
0.9916895776055986,0.9581622796425984,0.9746376811594203,0.048293391430646336,48.29339143064633,0.9902579909185634,0.9980448815512382,70,146,30,23,7,-76,2.3333333333333335,finite,0.9470021923553522,selective_fusion_primary_0.5,Reconnaissance,42,0.05,0.6536115223252991,0.049768929968005686,True,0b7faf22430359c6f3a96ed9e2c6945a109e3741b71552707344e8dbb69c67dc,7e29e92922cc5237b549fa741c6af2c997c8f2f3e9502c78b0587edc9a8d3025,bec7dd5ec88dc2a0ccc7a07879d338395ed7421750f675fd0339e07dfe0648fa,benign calibration only; conservative >= cutoff with ties,frozen decisions on grouped internal development holdout,withheld_family,0.5,selective_fusion_primary_0.5,-0.0015294212348064828,0.0008472524812394161,0d1827207e96a7dd582e69570c793ee435c1850169000e44711bd1e34cf8ace1,False,0.07295441211995721,budget-dependent conditional ranking
0.9961939210711008,0.742674877243822,0.8509534460098227,0.017066085693536674,17.066085693536674,0.985950269199299,0.9970961740828646,634,0,76,0,76,634,8.342105263157896,finite,0.5510437517872462,naive_or,Reconnaissance,42,0.01,,,False,0b7faf22430359c6f3a96ed9e2c6945a109e3741b71552707344e8dbb69c67dc,7e29e92922cc5237b549fa741c6af2c997c8f2f3e9502c78b0587edc9a8d3025,bec7dd5ec88dc2a0ccc7a07879d338395ed7421750f675fd0339e07dfe0648fa,benign calibration only; conservative >= cutoff with ties,frozen decisions on grouped internal development holdout,withheld_family,1.0,naive_or,0.012758592932464063,0.009198741224885017,0d1827207e96a7dd582e69570c793ee435c1850169000e44711bd1e34cf8ace1,,,rank_or (naive OR has two cutoffs)
0.9903831737668402,0.9305320775980037,0.9595252176258806,0.054345194868070684,54.345194868070685,0.985950269199299,0.9970961740828646,275,0,226,0,226,275,1.2168141592920354,finite,0.879420455628634,naive_or,Reconnaissance,42,0.03,,,False,0b7faf22430359c6f3a96ed9e2c6945a109e3741b71552707344e8dbb69c67dc,7e29e92922cc5237b549fa741c6af2c997c8f2f3e9502c78b0587edc9a8d3025,bec7dd5ec88dc2a0ccc7a07879d338395ed7421750f675fd0339e07dfe0648fa,benign calibration only; conservative >= cutoff with ties,frozen decisions on grouped internal development holdout,withheld_family,1.0,naive_or,0.005534089994365332,0.02735415153715807,0d1827207e96a7dd582e69570c793ee435c1850169000e44711bd1e34cf8ace1,,,rank_or (naive OR has two cutoffs)
0.9845557469849865,0.9660106254527892,0.9751950268161872,0.09114015976761075,91.14015976761075,0.985950269199299,0.9970961740828646,314,0,361,0,361,314,0.8698060941828255,finite,0.9619674006291107,naive_or,Reconnaissance,42,0.05,,,False,0b7faf22430359c6f3a96ed9e2c6945a109e3741b71552707344e8dbb69c67dc,7e29e92922cc5237b549fa741c6af2c997c8f2f3e9502c78b0587edc9a8d3025,bec7dd5ec88dc2a0ccc7a07879d338395ed7421750f675fd0339e07dfe0648fa,benign calibration only; conservative >= cutoff with ties,frozen decisions on grouped internal development holdout,withheld_family,1.0,naive_or,0.006318924575384299,0.04369402081820383,0d1827207e96a7dd582e69570c793ee435c1850169000e44711bd1e34cf8ace1,,,rank_or (naive OR has two cutoffs)
0.9980561387139414,0.7796877847293932,0.8754603737552857,0.00901009130225853,9.01009130225853,0.9904813539375241,0.9981285404291246,0,0,0,0,0,0,,no_recovery_no_added_fp,0.560671051377371,lightgbm,Reconnaissance,123,0.01,0.8869280093703409,0.00989010989010989,True,0b7faf22430359c6f3a96ed9e2c6945a109e3741b71552707344e8dbb69c67dc,897f6b5a3386f350287b7bf6ddffba29f571798dbc39cb5c13a375b47d99de1f,bec7dd5ec88dc2a0ccc7a07879d338395ed7421750f675fd0339e07dfe0648fa,benign calibration only; conservative >= cutoff with ties,frozen decisions on grouped internal development holdout,withheld_family,1.0,lightgbm,0.0,0.0,b338269c4a8864b7feec1790aa06b514faa3124e2c28f5afa62ce9a2f2f14465,,,
0.9919110212335692,0.4171171718398834,0.5872744376977679,0.020182604517059107,20.182604517059108,0.8883725426976179,0.9773024722760161,964,18871,156,63,93,-17907,6.17948717948718,finite,0.11400247831474597,ae_plain,Reconnaissance,123,0.01,0.07827869802713396,0.010073260073260074,False,0b7faf22430359c6f3a96ed9e2c6945a109e3741b71552707344e8dbb69c67dc,897f6b5a3386f350287b7bf6ddffba29f571798dbc39cb5c13a375b47d99de1f,bec7dd5ec88dc2a0ccc7a07879d338395ed7421750f675fd0339e07dfe0648fa,benign calibration only; conservative >= cutoff with ties,frozen decisions on grouped internal development holdout,withheld_family,1.0,ae_plain,-0.36257061288950976,0.011172513214800577,b338269c4a8864b7feec1790aa06b514faa3124e2c28f5afa62ce9a2f2f14465,,,
0.9681846537741734,0.09427200388750531,0.1718144580980848,0.0183805862566074,18.3805862566074,0.8902555761924899,0.9630578643299172,11,33863,151,73,78,-33852,0.0728476821192053,finite,0.009150700600514728,ae_scaled,Reconnaissance,123,0.01,0.08881552517414094,0.010073260073260074,False,0b7faf22430359c6f3a96ed9e2c6945a109e3741b71552707344e8dbb69c67dc,897f6b5a3386f350287b7bf6ddffba29f571798dbc39cb5c13a375b47d99de1f,bec7dd5ec88dc2a0ccc7a07879d338395ed7421750f675fd0339e07dfe0648fa,benign calibration only; conservative >= cutoff with ties,frozen decisions on grouped internal development holdout,withheld_family,1.0,ae_scaled,-0.6854157808418878,0.009370494954348869,b338269c4a8864b7feec1790aa06b514faa3124e2c28f5afa62ce9a2f2f14465,,,
0.9756625891946993,0.15503452185709368,0.26755420444817163,0.022945699183085054,22.945699183085054,0.8636132615525683,0.96083070694632,439,31290,187,71,116,-30851,2.3475935828877006,finite,0.018396720998951482,isolation_forest,Reconnaissance,123,0.01,0.5696855193047636,0.00989010989010989,False,0b7faf22430359c6f3a96ed9e2c6945a109e3741b71552707344e8dbb69c67dc,897f6b5a3386f350287b7bf6ddffba29f571798dbc39cb5c13a375b47d99de1f,bec7dd5ec88dc2a0ccc7a07879d338395ed7421750f675fd0339e07dfe0648fa,benign calibration only; conservative >= cutoff with ties,frozen decisions on grouped internal development holdout,withheld_family,1.0,isolation_forest,-0.6246532628722995,0.013935607880826524,b338269c4a8864b7feec1790aa06b514faa3124e2c28f5afa62ce9a2f2f14465,,,
0.9784794496383842,0.112312458239689,0.2014966035816775,0.014656415185007208,14.656415185007209,0.8595400389102744,0.9590802706796453,16,32977,115,68,47,-32961,0.1391304347826087,finite,0.01963587837193785,ae_denoising,Reconnaissance,123,0.01,1.7669236660003664,0.010073260073260074,False,0b7faf22430359c6f3a96ed9e2c6945a109e3741b71552707344e8dbb69c67dc,897f6b5a3386f350287b7bf6ddffba29f571798dbc39cb5c13a375b47d99de1f,bec7dd5ec88dc2a0ccc7a07879d338395ed7421750f675fd0339e07dfe0648fa,benign calibration only; conservative >= cutoff with ties,frozen decisions on grouped internal development holdout,withheld_family,1.0,ae_denoising,-0.6673753264897042,0.005646323882748678,b338269c4a8864b7feec1790aa06b514faa3124e2c28f5afa62ce9a2f2f14465,,,
0.9589473684210527,0.03689080564498168,0.07104837294546588,0.00937049495434887,9.370494954348871,0.8517336708007702,0.9479334078692454,15,36701,76,73,3,-36686,0.19736842105263158,finite,0.0015251167667524545,ae_latent,Reconnaissance,123,0.01,61.102994696184744,0.00989010989010989,True,0b7faf22430359c6f3a96ed9e2c6945a109e3741b71552707344e8dbb69c67dc,897f6b5a3386f350287b7bf6ddffba29f571798dbc39cb5c13a375b47d99de1f,bec7dd5ec88dc2a0ccc7a07879d338395ed7421750f675fd0339e07dfe0648fa,benign calibration only; conservative >= cutoff with ties,frozen decisions on grouped internal development holdout,withheld_family,1.0,ae_latent,-0.7427969790844114,0.0003604036520903405,b338269c4a8864b7feec1790aa06b514faa3124e2c28f5afa62ce9a2f2f14465,,,
0.9979746295704083,0.758225515803114,0.8617352985169077,0.00913022585295531,9.13022585295531,0.9892838175926447,0.9975461044645375,580,1640,14,13,1,-1060,41.42857142857143,finite,0.5410351730054332,learned_fusion,Reconnaissance,123,0.01,0.9190447009248776,0.00989010989010989,True,0b7faf22430359c6f3a96ed9e2c6945a109e3741b71552707344e8dbb69c67dc,897f6b5a3386f350287b7bf6ddffba29f571798dbc39cb5c13a375b47d99de1f,bec7dd5ec88dc2a0ccc7a07879d338395ed7421750f675fd0339e07dfe0648fa,benign calibration only; conservative >= cutoff with ties,frozen decisions on grouped internal development holdout,withheld_family,1.0,learned_fusion,-0.021462268926279116,0.00012013455069677902,b338269c4a8864b7feec1790aa06b514faa3124e2c28f5afa62ce9a2f2f14465,,,
0.9983519388040673,0.6500637793840733,0.7874135478491195,0.006367131186929361,6.3671311869293605,0.9816151935031477,0.9962758821609596,8,6410,21,43,-22,-6402,0.38095238095238093,finite,0.31960728243256126,rank_or,Reconnaissance,123,0.01,0.9962134871979806,0.00989010989010989,True,0b7faf22430359c6f3a96ed9e2c6945a109e3741b71552707344e8dbb69c67dc,897f6b5a3386f350287b7bf6ddffba29f571798dbc39cb5c13a375b47d99de1f,bec7dd5ec88dc2a0ccc7a07879d338395ed7421750f675fd0339e07dfe0648fa,benign calibration only; conservative >= cutoff with ties,frozen decisions on grouped internal development holdout,withheld_family,1.0,rank_or,-0.12962400534531981,-0.0026429601153291696,b338269c4a8864b7feec1790aa06b514faa3124e2c28f5afa62ce9a2f2f14465,,,
0.9980561387139414,0.7796877847293932,0.8754603737552857,0.00901009130225853,9.01009130225853,0.9904813539375241,0.9981285404291246,0,0,0,0,0,0,,no_recovery_no_added_fp,0.560671051377371,fusion_control,Reconnaissance,123,0.01,0.9478789710713544,0.00989010989010989,True,0b7faf22430359c6f3a96ed9e2c6945a109e3741b71552707344e8dbb69c67dc,897f6b5a3386f350287b7bf6ddffba29f571798dbc39cb5c13a375b47d99de1f,bec7dd5ec88dc2a0ccc7a07879d338395ed7421750f675fd0339e07dfe0648fa,benign calibration only; conservative >= cutoff with ties,frozen decisions on grouped internal development holdout,withheld_family,1.0,['lightgbm'],0.0,0.0,b338269c4a8864b7feec1790aa06b514faa3124e2c28f5afa62ce9a2f2f14465,,,
0.9980469251920951,0.7863491870659458,0.8796403252474463,0.00913022585295531,9.13022585295531,0.9897172131578597,0.9976812624388125,638,309,15,14,1,329,42.53333333333333,finite,0.5754456200552854,fusion_latent,Reconnaissance,123,0.01,0.9281743228772766,0.00989010989010989,True,0b7faf22430359c6f3a96ed9e2c6945a109e3741b71552707344e8dbb69c67dc,897f6b5a3386f350287b7bf6ddffba29f571798dbc39cb5c13a375b47d99de1f,bec7dd5ec88dc2a0ccc7a07879d338395ed7421750f675fd0339e07dfe0648fa,benign calibration only; conservative >= cutoff with ties,frozen decisions on grouped internal development holdout,withheld_family,1.0,"['lightgbm', 'ae_latent']",0.0066614023365526576,0.00012013455069677902,b338269c4a8864b7feec1790aa06b514faa3124e2c28f5afa62ce9a2f2f14465,,,
0.9980999049952498,0.8083176415801089,0.893239509100876,0.00913022585295531,9.13022585295531,0.9906289103201527,0.9980491377456808,1827,413,6,5,1,1414,304.5,finite,0.540272614622057,fusion_ae_plain,Reconnaissance,123,0.01,0.9220583618869087,0.00989010989010989,True,0b7faf22430359c6f3a96ed9e2c6945a109e3741b71552707344e8dbb69c67dc,897f6b5a3386f350287b7bf6ddffba29f571798dbc39cb5c13a375b47d99de1f,bec7dd5ec88dc2a0ccc7a07879d338395ed7421750f675fd0339e07dfe0648fa,benign calibration only; conservative >= cutoff with ties,frozen decisions on grouped internal development holdout,withheld_family,1.0,"['lightgbm', 'ae_plain']",0.02862985685071573,0.00012013455069677902,b338269c4a8864b7feec1790aa06b514faa3124e2c28f5afa62ce9a2f2f14465,,,
0.99790073474284,0.8084796209682318,0.8932586154827019,0.010091302258529554,10.091302258529554,0.9901423920247763,0.9978921365184439,1706,284,20,11,9,1422,85.3,finite,0.5690591935945096,fusion_ae_plain_latent,Reconnaissance,123,0.01,0.913896506762398,0.00989010989010989,False,0b7faf22430359c6f3a96ed9e2c6945a109e3741b71552707344e8dbb69c67dc,897f6b5a3386f350287b7bf6ddffba29f571798dbc39cb5c13a375b47d99de1f,bec7dd5ec88dc2a0ccc7a07879d338395ed7421750f675fd0339e07dfe0648fa,benign calibration only; conservative >= cutoff with ties,frozen decisions on grouped internal development holdout,withheld_family,1.0,"['lightgbm', 'ae_plain', 'ae_latent']",0.02879183623883863,0.0010812109562710233,b338269c4a8864b7feec1790aa06b514faa3124e2c28f5afa62ce9a2f2f14465,,,
0.9980365757881746,0.7204438235234566,0.836819886878094,0.008409418548774628,8.409418548774628,0.9891477908577172,0.9974515339608421,505,3431,8,13,-5,-2926,63.125,finite,0.46315889810313604,fusion_ae_denoising,Reconnaissance,123,0.01,0.9285263240235161,0.00989010989010989,True,0b7faf22430359c6f3a96ed9e2c6945a109e3741b71552707344e8dbb69c67dc,897f6b5a3386f350287b7bf6ddffba29f571798dbc39cb5c13a375b47d99de1f,bec7dd5ec88dc2a0ccc7a07879d338395ed7421750f675fd0339e07dfe0648fa,benign calibration only; conservative >= cutoff with ties,frozen decisions on grouped internal development holdout,withheld_family,1.0,"['lightgbm', 'ae_denoising']",-0.05924396120593656,-0.000600672753483902,b338269c4a8864b7feec1790aa06b514faa3124e2c28f5afa62ce9a2f2f14465,,,
0.9979746295704083,0.758225515803114,0.8617352985169077,0.00913022585295531,9.13022585295531,0.9892838175926447,0.9975461044645375,580,1640,14,13,1,-1060,41.42857142857143,finite,0.5410351730054332,fusion_ae_denoising_latent,Reconnaissance,123,0.01,0.9190447009248776,0.00989010989010989,True,0b7faf22430359c6f3a96ed9e2c6945a109e3741b71552707344e8dbb69c67dc,897f6b5a3386f350287b7bf6ddffba29f571798dbc39cb5c13a375b47d99de1f,bec7dd5ec88dc2a0ccc7a07879d338395ed7421750f675fd0339e07dfe0648fa,benign calibration only; conservative >= cutoff with ties,frozen decisions on grouped internal development holdout,withheld_family,1.0,"['lightgbm', 'ae_denoising', 'ae_latent']",-0.021462268926279116,0.00012013455069677902,b338269c4a8864b7feec1790aa06b514faa3124e2c28f5afa62ce9a2f2f14465,,,
0.9980265378722962,0.7782097228127721,0.8745164960182025,0.00913022585295531,9.13022585295531,0.9902857318157827,0.9979598329596561,66,139,1,0,1,-73,66.0,finite,0.5600038127919169,fusion_ae_scaled,Reconnaissance,123,0.01,0.9445463720363162,0.00989010989010989,True,0b7faf22430359c6f3a96ed9e2c6945a109e3741b71552707344e8dbb69c67dc,897f6b5a3386f350287b7bf6ddffba29f571798dbc39cb5c13a375b47d99de1f,bec7dd5ec88dc2a0ccc7a07879d338395ed7421750f675fd0339e07dfe0648fa,benign calibration only; conservative >= cutoff with ties,frozen decisions on grouped internal development holdout,withheld_family,1.0,"['lightgbm', 'ae_scaled']",-0.0014780619166210318,0.00012013455069677902,b338269c4a8864b7feec1790aa06b514faa3124e2c28f5afa62ce9a2f2f14465,,,
0.998049932004208,0.7875640324768673,0.8804010773862068,0.00913022585295531,9.13022585295531,0.989695183990264,0.9976657974574964,697,308,15,14,1,389,46.46666666666667,finite,0.577256696215804,fusion_ae_scaled_latent,Reconnaissance,123,0.01,0.92756603263749,0.00989010989010989,True,0b7faf22430359c6f3a96ed9e2c6945a109e3741b71552707344e8dbb69c67dc,897f6b5a3386f350287b7bf6ddffba29f571798dbc39cb5c13a375b47d99de1f,bec7dd5ec88dc2a0ccc7a07879d338395ed7421750f675fd0339e07dfe0648fa,benign calibration only; conservative >= cutoff with ties,frozen decisions on grouped internal development holdout,withheld_family,1.0,"['lightgbm', 'ae_scaled', 'ae_latent']",0.007876247747474197,0.00012013455069677902,b338269c4a8864b7feec1790aa06b514faa3124e2c28f5afa62ce9a2f2f14465,,,
0.9980561890939249,0.7797080321529085,0.8754731565366647,0.00901009130225853,9.01009130225853,0.9900101464791632,0.9980482256553,1,0,0,0,0,1,,recovery_without_additional_fp,0.560671051377371,selective_fusion,Reconnaissance,123,0.01,0.9993512029306134,0.00989010989010989,True,0b7faf22430359c6f3a96ed9e2c6945a109e3741b71552707344e8dbb69c67dc,897f6b5a3386f350287b7bf6ddffba29f571798dbc39cb5c13a375b47d99de1f,bec7dd5ec88dc2a0ccc7a07879d338395ed7421750f675fd0339e07dfe0648fa,benign calibration only; conservative >= cutoff with ties,frozen decisions on grouped internal development holdout,withheld_family,1.0,selective_fusion,2.0247423515362684e-05,0.0,b338269c4a8864b7feec1790aa06b514faa3124e2c28f5afa62ce9a2f2f14465,True,0.18567740370453797,budget-dependent conditional ranking
0.998121443173656,0.7315394116098727,0.8442870996763527,0.008169149447381067,8.169149447381066,0.9899787683240279,0.9980409590831136,246,2624,7,14,-7,-2378,35.142857142857146,finite,0.4826041368792298,selective_fusion_primary_0.75,Reconnaissance,123,0.01,0.939356974878285,0.009706959706959707,True,0b7faf22430359c6f3a96ed9e2c6945a109e3741b71552707344e8dbb69c67dc,897f6b5a3386f350287b7bf6ddffba29f571798dbc39cb5c13a375b47d99de1f,bec7dd5ec88dc2a0ccc7a07879d338395ed7421750f675fd0339e07dfe0648fa,benign calibration only; conservative >= cutoff with ties,frozen decisions on grouped internal development holdout,withheld_family,0.75,selective_fusion_primary_0.75,-0.04814837311952047,-0.0008409418548774635,b338269c4a8864b7feec1790aa06b514faa3124e2c28f5afa62ce9a2f2f14465,False,0.23346559700587388,budget-dependent conditional ranking
0.9979333224560831,0.7430399481665958,0.8518273504868679,0.00913022585295531,9.13022585295531,0.9899028417020527,0.99802376587852,531,2341,14,13,1,-1810,37.92857142857143,finite,0.5152988275664856,selective_fusion_primary_0.5,Reconnaissance,123,0.01,0.9231038781717864,0.00989010989010989,True,0b7faf22430359c6f3a96ed9e2c6945a109e3741b71552707344e8dbb69c67dc,897f6b5a3386f350287b7bf6ddffba29f571798dbc39cb5c13a375b47d99de1f,bec7dd5ec88dc2a0ccc7a07879d338395ed7421750f675fd0339e07dfe0648fa,benign calibration only; conservative >= cutoff with ties,frozen decisions on grouped internal development holdout,withheld_family,0.5,selective_fusion_primary_0.5,-0.03664783656279735,0.00012013455069677902,b338269c4a8864b7feec1790aa06b514faa3124e2c28f5afa62ce9a2f2f14465,False,0.273110044530695,budget-dependent conditional ranking
0.9947256691396932,0.9202858936200369,0.956058980669317,0.028952426717924074,28.952426717924077,0.9904813539375241,0.9981285404291246,0,0,0,0,0,0,,no_recovery_no_added_fp,0.8462491659517681,lightgbm,Reconnaissance,123,0.03,0.7401033719800142,0.029853479853479855,True,0b7faf22430359c6f3a96ed9e2c6945a109e3741b71552707344e8dbb69c67dc,897f6b5a3386f350287b7bf6ddffba29f571798dbc39cb5c13a375b47d99de1f,bec7dd5ec88dc2a0ccc7a07879d338395ed7421750f675fd0339e07dfe0648fa,benign calibration only; conservative >= cutoff with ties,frozen decisions on grouped internal development holdout,withheld_family,1.0,lightgbm,0.0,0.0,b338269c4a8864b7feec1790aa06b514faa3124e2c28f5afa62ce9a2f2f14465,,,
0.9912836980867312,0.7437688554131486,0.8498715961409434,0.038803459875060065,38.80345987506007,0.8883725426976179,0.9773024722760161,1037,9755,284,202,82,-8718,3.6514084507042255,finite,0.26737203317128966,ae_plain,Reconnaissance,123,0.03,0.038898121565580375,0.030036630036630037,False,0b7faf22430359c6f3a96ed9e2c6945a109e3741b71552707344e8dbb69c67dc,897f6b5a3386f350287b7bf6ddffba29f571798dbc39cb5c13a375b47d99de1f,bec7dd5ec88dc2a0ccc7a07879d338395ed7421750f675fd0339e07dfe0648fa,benign calibration only; conservative >= cutoff with ties,frozen decisions on grouped internal development holdout,withheld_family,1.0,ae_plain,-0.17651703820688824,0.00985103315713599,b338269c4a8864b7feec1790aa06b514faa3124e2c28f5afa62ce9a2f2f14465,,,
0.9726324237560192,0.2453785255826196,0.39188992546362916,0.04096588178760211,40.965881787602115,0.8902555761924899,0.9630578643299172,274,33607,318,218,100,-33333,0.8616352201257862,finite,0.1697645600991326,ae_scaled,Reconnaissance,123,0.03,0.03170815110206605,0.030036630036630037,False,0b7faf22430359c6f3a96ed9e2c6945a109e3741b71552707344e8dbb69c67dc,897f6b5a3386f350287b7bf6ddffba29f571798dbc39cb5c13a375b47d99de1f,bec7dd5ec88dc2a0ccc7a07879d338395ed7421750f675fd0339e07dfe0648fa,benign calibration only; conservative >= cutoff with ties,frozen decisions on grouped internal development holdout,withheld_family,1.0,ae_scaled,-0.6749073680374172,0.012013455069678037,b338269c4a8864b7feec1790aa06b514faa3124e2c28f5afa62ce9a2f2f14465,,,
0.9701249785995548,0.22946405069954848,0.37114178579030965,0.04192695819317636,41.926958193176354,0.8636132615525683,0.96083070694632,267,34386,331,223,108,-34119,0.8066465256797583,finite,0.03784195977504528,isolation_forest,Reconnaissance,123,0.03,0.5234669940527541,0.029853479853479855,False,0b7faf22430359c6f3a96ed9e2c6945a109e3741b71552707344e8dbb69c67dc,897f6b5a3386f350287b7bf6ddffba29f571798dbc39cb5c13a375b47d99de1f,bec7dd5ec88dc2a0ccc7a07879d338395ed7421750f675fd0339e07dfe0648fa,benign calibration only; conservative >= cutoff with ties,frozen decisions on grouped internal development holdout,withheld_family,1.0,isolation_forest,-0.6908218429204884,0.012974531475252283,b338269c4a8864b7feec1790aa06b514faa3124e2c28f5afa62ce9a2f2f14465,,,
0.9687528975428836,0.21154508088845694,0.3472596137866853,0.040485343584814995,40.48534358481499,0.8595400389102744,0.9590802706796453,188,35192,319,223,96,-35004,0.5893416927899686,finite,0.1989324182632733,ae_denoising,Reconnaissance,123,0.03,0.6353296637535096,0.030036630036630037,False,0b7faf22430359c6f3a96ed9e2c6945a109e3741b71552707344e8dbb69c67dc,897f6b5a3386f350287b7bf6ddffba29f571798dbc39cb5c13a375b47d99de1f,bec7dd5ec88dc2a0ccc7a07879d338395ed7421750f675fd0339e07dfe0648fa,benign calibration only; conservative >= cutoff with ties,frozen decisions on grouped internal development holdout,withheld_family,1.0,ae_denoising,-0.70874081273158,0.01153291686689092,b338269c4a8864b7feec1790aa06b514faa3124e2c28f5afa62ce9a2f2f14465,,,
0.9544773884396526,0.1290570774868898,0.227370824192484,0.03652090341182124,36.52090341182124,0.8517336708007702,0.9479334078692454,148,39226,290,227,63,-39078,0.5103448275862069,finite,0.008006863025450386,ae_latent,Reconnaissance,123,0.03,33.07574200770663,0.029853479853479855,False,0b7faf22430359c6f3a96ed9e2c6945a109e3741b71552707344e8dbb69c67dc,897f6b5a3386f350287b7bf6ddffba29f571798dbc39cb5c13a375b47d99de1f,bec7dd5ec88dc2a0ccc7a07879d338395ed7421750f675fd0339e07dfe0648fa,benign calibration only; conservative >= cutoff with ties,frozen decisions on grouped internal development holdout,withheld_family,1.0,ae_latent,-0.7912288161331471,0.007568476693897163,b338269c4a8864b7feec1790aa06b514faa3124e2c28f5afa62ce9a2f2f14465,,,
0.9948342565725842,0.9163376460345422,0.9539739252326599,0.028231619413743393,28.231619413743392,0.9892838175926447,0.9975461044645375,208,403,26,32,-6,-195,8.0,finite,0.8269945667715184,learned_fusion,Reconnaissance,123,0.03,0.805234674176146,0.029853479853479855,True,0b7faf22430359c6f3a96ed9e2c6945a109e3741b71552707344e8dbb69c67dc,897f6b5a3386f350287b7bf6ddffba29f571798dbc39cb5c13a375b47d99de1f,bec7dd5ec88dc2a0ccc7a07879d338395ed7421750f675fd0339e07dfe0648fa,benign calibration only; conservative >= cutoff with ties,frozen decisions on grouped internal development holdout,withheld_family,1.0,learned_fusion,-0.003948247585494724,-0.000720807304180681,b338269c4a8864b7feec1790aa06b514faa3124e2c28f5afa62ce9a2f2f14465,,,
0.9919780864801409,0.8212354977829072,0.898567741506696,0.03940413262854397,39.40413262854397,0.9816151935031477,0.9962758821609596,10,4902,226,139,87,-4892,0.04424778761061947,finite,0.6326374988085025,rank_or,Reconnaissance,123,0.03,0.9868373602596467,0.029304029304029304,False,0b7faf22430359c6f3a96ed9e2c6945a109e3741b71552707344e8dbb69c67dc,897f6b5a3386f350287b7bf6ddffba29f571798dbc39cb5c13a375b47d99de1f,bec7dd5ec88dc2a0ccc7a07879d338395ed7421750f675fd0339e07dfe0648fa,benign calibration only; conservative >= cutoff with ties,frozen decisions on grouped internal development holdout,withheld_family,1.0,rank_or,-0.09905039583712971,0.010451705910619894,b338269c4a8864b7feec1790aa06b514faa3124e2c28f5afa62ce9a2f2f14465,,,
0.9947256691396932,0.9202858936200369,0.956058980669317,0.028952426717924074,28.952426717924077,0.9904813539375241,0.9981285404291246,0,0,0,0,0,0,,no_recovery_no_added_fp,0.8462491659517681,fusion_control,Reconnaissance,123,0.03,0.8430153234027747,0.029853479853479855,True,0b7faf22430359c6f3a96ed9e2c6945a109e3741b71552707344e8dbb69c67dc,897f6b5a3386f350287b7bf6ddffba29f571798dbc39cb5c13a375b47d99de1f,bec7dd5ec88dc2a0ccc7a07879d338395ed7421750f675fd0339e07dfe0648fa,benign calibration only; conservative >= cutoff with ties,frozen decisions on grouped internal development holdout,withheld_family,1.0,['lightgbm'],0.0,0.0,b338269c4a8864b7feec1790aa06b514faa3124e2c28f5afa62ce9a2f2f14465,,,
0.9948583281843058,0.9128145943428698,0.9520722242753814,0.02799135031234983,27.99135031234983,0.9897172131578597,0.9976812624388125,96,465,22,30,-8,-369,4.363636363636363,finite,0.8171766275855495,fusion_latent,Reconnaissance,123,0.03,0.8272661799343051,0.029853479853479855,True,0b7faf22430359c6f3a96ed9e2c6945a109e3741b71552707344e8dbb69c67dc,897f6b5a3386f350287b7bf6ddffba29f571798dbc39cb5c13a375b47d99de1f,bec7dd5ec88dc2a0ccc7a07879d338395ed7421750f675fd0339e07dfe0648fa,benign calibration only; conservative >= cutoff with ties,frozen decisions on grouped internal development holdout,withheld_family,1.0,"['lightgbm', 'ae_latent']",-0.007471299277167054,-0.0009610764055742425,b338269c4a8864b7feec1790aa06b514faa3124e2c28f5afa62ce9a2f2f14465,,,
0.9949614440939362,0.9195974812205147,0.9557961635994402,0.02763094666025949,27.63094666025949,0.9906289103201527,0.9980491377456808,183,217,8,19,-11,-34,22.875,finite,0.8306167190925555,fusion_ae_plain,Reconnaissance,123,0.03,0.8019674729625872,0.029853479853479855,True,0b7faf22430359c6f3a96ed9e2c6945a109e3741b71552707344e8dbb69c67dc,897f6b5a3386f350287b7bf6ddffba29f571798dbc39cb5c13a375b47d99de1f,bec7dd5ec88dc2a0ccc7a07879d338395ed7421750f675fd0339e07dfe0648fa,benign calibration only; conservative >= cutoff with ties,frozen decisions on grouped internal development holdout,withheld_family,1.0,"['lightgbm', 'ae_plain']",-0.0006884123995222202,-0.0013214800576645848,b338269c4a8864b7feec1790aa06b514faa3124e2c28f5afa62ce9a2f2f14465,,,
0.9950092340163574,0.9163376460345422,0.9540543674174949,0.02727054300816915,27.27054300816915,0.9901423920247763,0.9978921365184439,236,431,20,34,-14,-195,11.8,finite,0.8187017443523019,fusion_ae_plain_latent,Reconnaissance,123,0.03,0.8013017654099139,0.029853479853479855,True,0b7faf22430359c6f3a96ed9e2c6945a109e3741b71552707344e8dbb69c67dc,897f6b5a3386f350287b7bf6ddffba29f571798dbc39cb5c13a375b47d99de1f,bec7dd5ec88dc2a0ccc7a07879d338395ed7421750f675fd0339e07dfe0648fa,benign calibration only; conservative >= cutoff with ties,frozen decisions on grouped internal development holdout,withheld_family,1.0,"['lightgbm', 'ae_plain', 'ae_latent']",-0.003948247585494724,-0.0016818837097549236,b338269c4a8864b7feec1790aa06b514faa3124e2c28f5afa62ce9a2f2f14465,,,
0.9950924546490229,0.9196379760675454,0.9558784843159744,0.02691013935607881,26.91013935607881,0.9891477908577172,0.9974515339608421,210,242,13,30,-17,-32,16.153846153846153,finite,0.8407206176722906,fusion_ae_denoising,Reconnaissance,123,0.03,0.8001136399529307,0.029853479853479855,True,0b7faf22430359c6f3a96ed9e2c6945a109e3741b71552707344e8dbb69c67dc,897f6b5a3386f350287b7bf6ddffba29f571798dbc39cb5c13a375b47d99de1f,bec7dd5ec88dc2a0ccc7a07879d338395ed7421750f675fd0339e07dfe0648fa,benign calibration only; conservative >= cutoff with ties,frozen decisions on grouped internal development holdout,withheld_family,1.0,"['lightgbm', 'ae_denoising']",-0.0006479175524914949,-0.002042287361845266,b338269c4a8864b7feec1790aa06b514faa3124e2c28f5afa62ce9a2f2f14465,,,
0.9948342565725842,0.9163376460345422,0.9539739252326599,0.028231619413743393,28.231619413743392,0.9892838175926447,0.9975461044645375,208,403,26,32,-6,-195,8.0,finite,0.8269945667715184,fusion_ae_denoising_latent,Reconnaissance,123,0.03,0.805234674176146,0.029853479853479855,True,0b7faf22430359c6f3a96ed9e2c6945a109e3741b71552707344e8dbb69c67dc,897f6b5a3386f350287b7bf6ddffba29f571798dbc39cb5c13a375b47d99de1f,bec7dd5ec88dc2a0ccc7a07879d338395ed7421750f675fd0339e07dfe0648fa,benign calibration only; conservative >= cutoff with ties,frozen decisions on grouped internal development holdout,withheld_family,1.0,"['lightgbm', 'ae_denoising', 'ae_latent']",-0.003948247585494724,-0.000720807304180681,b338269c4a8864b7feec1790aa06b514faa3124e2c28f5afa62ce9a2f2f14465,,,
0.9947277460567479,0.9206503472433133,0.9562565720294427,0.028952426717924074,28.952426717924077,0.9902857318157827,0.9979598329596561,36,18,0,0,0,18,,recovery_without_additional_fp,0.8478696025164426,fusion_ae_scaled,Reconnaissance,123,0.03,0.8345698011606192,0.029853479853479855,True,0b7faf22430359c6f3a96ed9e2c6945a109e3741b71552707344e8dbb69c67dc,897f6b5a3386f350287b7bf6ddffba29f571798dbc39cb5c13a375b47d99de1f,bec7dd5ec88dc2a0ccc7a07879d338395ed7421750f675fd0339e07dfe0648fa,benign calibration only; conservative >= cutoff with ties,frozen decisions on grouped internal development holdout,withheld_family,1.0,"['lightgbm', 'ae_scaled']",0.0003644536232764173,0.0,b338269c4a8864b7feec1790aa06b514faa3124e2c28f5afa62ce9a2f2f14465,,,
0.9948367166813769,0.9128753366134159,0.9520953658047282,0.028111484863046612,28.111484863046613,0.989695183990264,0.9976657974574964,103,469,23,30,-7,-366,4.478260869565218,finite,0.8177485463730817,fusion_ae_scaled_latent,Reconnaissance,123,0.03,0.8268154879133116,0.029853479853479855,True,0b7faf22430359c6f3a96ed9e2c6945a109e3741b71552707344e8dbb69c67dc,897f6b5a3386f350287b7bf6ddffba29f571798dbc39cb5c13a375b47d99de1f,bec7dd5ec88dc2a0ccc7a07879d338395ed7421750f675fd0339e07dfe0648fa,benign calibration only; conservative >= cutoff with ties,frozen decisions on grouped internal development holdout,withheld_family,1.0,"['lightgbm', 'ae_scaled', 'ae_latent']",-0.007410557006620966,-0.0008409418548774618,b338269c4a8864b7feec1790aa06b514faa3124e2c28f5afa62ce9a2f2f14465,,,
0.9946830623810253,0.9204478730081597,0.956126698355277,0.029192695819317636,29.192695819317635,0.9901501721045594,0.9980736877052457,8,0,2,0,2,8,4.0,finite,0.8467257649413783,selective_fusion,Reconnaissance,123,0.03,0.9089582026842395,0.029853479853479855,True,0b7faf22430359c6f3a96ed9e2c6945a109e3741b71552707344e8dbb69c67dc,897f6b5a3386f350287b7bf6ddffba29f571798dbc39cb5c13a375b47d99de1f,bec7dd5ec88dc2a0ccc7a07879d338395ed7421750f675fd0339e07dfe0648fa,benign calibration only; conservative >= cutoff with ties,frozen decisions on grouped internal development holdout,withheld_family,1.0,selective_fusion,0.00016197938812279045,0.0002402691013935615,b338269c4a8864b7feec1790aa06b514faa3124e2c28f5afa62ce9a2f2f14465,True,0.0680089407932355,budget-dependent conditional ranking
0.994834824274128,0.9164388831521189,0.9540290453807727,0.028231619413743393,28.231619413743392,0.990106366740541,0.998066132579189,208,398,26,32,-6,-190,8.0,finite,0.8272805261652846,selective_fusion_primary_0.75,Reconnaissance,123,0.03,0.8052562731112471,0.02967032967032967,True,0b7faf22430359c6f3a96ed9e2c6945a109e3741b71552707344e8dbb69c67dc,897f6b5a3386f350287b7bf6ddffba29f571798dbc39cb5c13a375b47d99de1f,bec7dd5ec88dc2a0ccc7a07879d338395ed7421750f675fd0339e07dfe0648fa,benign calibration only; conservative >= cutoff with ties,frozen decisions on grouped internal development holdout,withheld_family,0.75,selective_fusion_primary_0.75,-0.0038470104679180217,-0.000720807304180681,b338269c4a8864b7feec1790aa06b514faa3124e2c28f5afa62ce9a2f2f14465,False,0.08653163065513836,budget-dependent conditional ranking
0.9948342565725842,0.9163376460345422,0.9539739252326599,0.028231619413743393,28.231619413743392,0.9900286085099756,0.9980519198968036,208,403,26,32,-6,-195,8.0,finite,0.8269945667715184,selective_fusion_primary_0.5,Reconnaissance,123,0.03,0.8052562731112471,0.02967032967032967,True,0b7faf22430359c6f3a96ed9e2c6945a109e3741b71552707344e8dbb69c67dc,897f6b5a3386f350287b7bf6ddffba29f571798dbc39cb5c13a375b47d99de1f,bec7dd5ec88dc2a0ccc7a07879d338395ed7421750f675fd0339e07dfe0648fa,benign calibration only; conservative >= cutoff with ties,frozen decisions on grouped internal development holdout,withheld_family,0.5,selective_fusion_primary_0.5,-0.003948247585494724,-0.000720807304180681,b338269c4a8864b7feec1790aa06b514faa3124e2c28f5afa62ce9a2f2f14465,False,0.13184204598617297,budget-dependent conditional ranking
0.9908553771634967,0.9609224726153597,0.9756593960076475,0.05261893320518981,52.61893320518981,0.9904813539375241,0.9981285404291246,0,0,0,0,0,0,,no_recovery_no_added_fp,0.942617481650939,lightgbm,Reconnaissance,123,0.05,0.6079312060336265,0.04981684981684982,False,0b7faf22430359c6f3a96ed9e2c6945a109e3741b71552707344e8dbb69c67dc,897f6b5a3386f350287b7bf6ddffba29f571798dbc39cb5c13a375b47d99de1f,bec7dd5ec88dc2a0ccc7a07879d338395ed7421750f675fd0339e07dfe0648fa,benign calibration only; conservative >= cutoff with ties,frozen decisions on grouped internal development holdout,withheld_family,1.0,lightgbm,0.0,0.0,b338269c4a8864b7feec1790aa06b514faa3124e2c28f5afa62ce9a2f2f14465,,,
0.9869396487387432,0.8032760331247849,0.8856865393416455,0.0630706391158097,63.070639115809705,0.8883725426976179,0.9773024722760161,525,8311,437,350,87,-7786,1.2013729977116705,finite,0.3741302068439615,ae_plain,Reconnaissance,123,0.05,0.02607468515634537,0.050183150183150185,False,0b7faf22430359c6f3a96ed9e2c6945a109e3741b71552707344e8dbb69c67dc,897f6b5a3386f350287b7bf6ddffba29f571798dbc39cb5c13a375b47d99de1f,bec7dd5ec88dc2a0ccc7a07879d338395ed7421750f675fd0339e07dfe0648fa,benign calibration only; conservative >= cutoff with ties,frozen decisions on grouped internal development holdout,withheld_family,1.0,ae_plain,-0.15764643949057477,0.010451705910619898,b338269c4a8864b7feec1790aa06b514faa3124e2c28f5afa62ce9a2f2f14465,,,
0.968122715561148,0.3271376217376339,0.4890281182844517,0.06391158097068717,63.91158097068717,0.8902555761924899,0.9630578643299172,531,31833,465,371,94,-31302,1.1419354838709677,finite,0.24621103803259936,ae_scaled,Reconnaissance,123,0.05,0.02171919867396355,0.050183150183150185,False,0b7faf22430359c6f3a96ed9e2c6945a109e3741b71552707344e8dbb69c67dc,897f6b5a3386f350287b7bf6ddffba29f571798dbc39cb5c13a375b47d99de1f,bec7dd5ec88dc2a0ccc7a07879d338395ed7421750f675fd0339e07dfe0648fa,benign calibration only; conservative >= cutoff with ties,frozen decisions on grouped internal development holdout,withheld_family,1.0,ae_scaled,-0.6337848508777257,0.011292647765497356,b338269c4a8864b7feec1790aa06b514faa3124e2c28f5afa62ce9a2f2f14465,,,
0.9685566148185315,0.3517584887323088,0.5160859103466714,0.06775588659298415,67.75588659298414,0.8636132615525683,0.96083070694632,303,30389,524,398,126,-30086,0.5782442748091603,finite,0.08397674196930703,isolation_forest,Reconnaissance,123,0.05,0.5021768917111293,0.05,False,0b7faf22430359c6f3a96ed9e2c6945a109e3741b71552707344e8dbb69c67dc,897f6b5a3386f350287b7bf6ddffba29f571798dbc39cb5c13a375b47d99de1f,bec7dd5ec88dc2a0ccc7a07879d338395ed7421750f675fd0339e07dfe0648fa,benign calibration only; conservative >= cutoff with ties,frozen decisions on grouped internal development holdout,withheld_family,1.0,isolation_forest,-0.6091639838830509,0.01513695338779434,b338269c4a8864b7feec1790aa06b514faa3124e2c28f5afa62ce9a2f2f14465,,,
0.9640607386778065,0.29437729048978517,0.4510314875135722,0.06511292647765497,65.11292647765498,0.8595400389102744,0.9590802706796453,272,33192,485,381,104,-32920,0.5608247422680412,finite,0.26527499761700507,ae_denoising,Reconnaissance,123,0.05,0.22967301309108737,0.050183150183150185,False,0b7faf22430359c6f3a96ed9e2c6945a109e3741b71552707344e8dbb69c67dc,897f6b5a3386f350287b7bf6ddffba29f571798dbc39cb5c13a375b47d99de1f,bec7dd5ec88dc2a0ccc7a07879d338395ed7421750f675fd0339e07dfe0648fa,benign calibration only; conservative >= cutoff with ties,frozen decisions on grouped internal development holdout,withheld_family,1.0,ae_denoising,-0.6665451821255746,0.012493993272465163,b338269c4a8864b7feec1790aa06b514faa3124e2c28f5afa62ce9a2f2f14465,,,
0.9446521287642783,0.18419081171920873,0.3082736068045884,0.06403171552138395,64.03171552138394,0.8517336708007702,0.9479334078692454,410,38772,473,378,95,-38362,0.8668076109936576,finite,0.035554284624916596,ae_latent,Reconnaissance,123,0.05,20.10840735353427,0.05,False,0b7faf22430359c6f3a96ed9e2c6945a109e3741b71552707344e8dbb69c67dc,897f6b5a3386f350287b7bf6ddffba29f571798dbc39cb5c13a375b47d99de1f,bec7dd5ec88dc2a0ccc7a07879d338395ed7421750f675fd0339e07dfe0648fa,benign calibration only; conservative >= cutoff with ties,frozen decisions on grouped internal development holdout,withheld_family,1.0,ae_latent,-0.776731660896151,0.011412782316194144,b338269c4a8864b7feec1790aa06b514faa3124e2c28f5afa62ce9a2f2f14465,,,
0.9906571356909958,0.9596671323574075,0.9749159236061831,0.053700144161460836,53.700144161460834,0.9892838175926447,0.9975461044645375,109,171,29,20,9,-62,3.7586206896551726,finite,0.9416642836717186,learned_fusion,Reconnaissance,123,0.05,0.5955760076976828,0.05,False,0b7faf22430359c6f3a96ed9e2c6945a109e3741b71552707344e8dbb69c67dc,897f6b5a3386f350287b7bf6ddffba29f571798dbc39cb5c13a375b47d99de1f,bec7dd5ec88dc2a0ccc7a07879d338395ed7421750f675fd0339e07dfe0648fa,benign calibration only; conservative >= cutoff with ties,frozen decisions on grouped internal development holdout,withheld_family,1.0,learned_fusion,-0.0012553402579521533,0.0010812109562710268,b338269c4a8864b7feec1790aa06b514faa3124e2c28f5afa62ce9a2f2f14465,,,
0.989359118705433,0.9073882848407541,0.946602454428321,0.05790485343584815,57.90485343584815,0.9816151935031477,0.9962758821609596,61,2705,303,259,44,-2644,0.20132013201320131,finite,0.808597845772567,rank_or,Reconnaissance,123,0.05,0.9769203029210243,0.04981684981684982,False,0b7faf22430359c6f3a96ed9e2c6945a109e3741b71552707344e8dbb69c67dc,897f6b5a3386f350287b7bf6ddffba29f571798dbc39cb5c13a375b47d99de1f,bec7dd5ec88dc2a0ccc7a07879d338395ed7421750f675fd0339e07dfe0648fa,benign calibration only; conservative >= cutoff with ties,frozen decisions on grouped internal development holdout,withheld_family,1.0,rank_or,-0.05353418777460561,0.005285920230658339,b338269c4a8864b7feec1790aa06b514faa3124e2c28f5afa62ce9a2f2f14465,,,
0.9908553771634967,0.9609224726153597,0.9756593960076475,0.05261893320518981,52.61893320518981,0.9904813539375241,0.9981285404291246,0,0,0,0,0,0,,no_recovery_no_added_fp,0.942617481650939,fusion_control,Reconnaissance,123,0.05,0.641699591080836,0.04981684981684982,False,0b7faf22430359c6f3a96ed9e2c6945a109e3741b71552707344e8dbb69c67dc,897f6b5a3386f350287b7bf6ddffba29f571798dbc39cb5c13a375b47d99de1f,bec7dd5ec88dc2a0ccc7a07879d338395ed7421750f675fd0339e07dfe0648fa,benign calibration only; conservative >= cutoff with ties,frozen decisions on grouped internal development holdout,withheld_family,1.0,['lightgbm'],0.0,0.0,b338269c4a8864b7feec1790aa06b514faa3124e2c28f5afa62ce9a2f2f14465,,,
0.9909237638082462,0.9571766992650185,0.9737579302957897,0.05201826045170591,52.01826045170591,0.9897172131578597,0.9976812624388125,67,252,25,30,-5,-185,2.68,finite,0.9320369840815937,fusion_latent,Reconnaissance,123,0.05,0.6374429668788572,0.05,False,0b7faf22430359c6f3a96ed9e2c6945a109e3741b71552707344e8dbb69c67dc,897f6b5a3386f350287b7bf6ddffba29f571798dbc39cb5c13a375b47d99de1f,bec7dd5ec88dc2a0ccc7a07879d338395ed7421750f675fd0339e07dfe0648fa,benign calibration only; conservative >= cutoff with ties,frozen decisions on grouped internal development holdout,withheld_family,1.0,"['lightgbm', 'ae_latent']",-0.0037457733503412083,-0.0006006727534838968,b338269c4a8864b7feec1790aa06b514faa3124e2c28f5afa62ce9a2f2f14465,,,
0.9907979300559219,0.9614084107797283,0.9758819479411794,0.05297933685728015,52.97933685728015,0.9906289103201527,0.9980491377456808,66,42,8,5,3,24,8.25,finite,0.9406157658945763,fusion_ae_plain,Reconnaissance,123,0.05,0.5809813478034962,0.05,False,0b7faf22430359c6f3a96ed9e2c6945a109e3741b71552707344e8dbb69c67dc,897f6b5a3386f350287b7bf6ddffba29f571798dbc39cb5c13a375b47d99de1f,bec7dd5ec88dc2a0ccc7a07879d338395ed7421750f675fd0339e07dfe0648fa,benign calibration only; conservative >= cutoff with ties,frozen decisions on grouped internal development holdout,withheld_family,1.0,"['lightgbm', 'ae_plain']",0.0004859381643685934,0.00036040365209034225,b338269c4a8864b7feec1790aa06b514faa3124e2c28f5afa62ce9a2f2f14465,,,
0.9908759887833256,0.9587155034521857,0.9745304862361719,0.052378664103796255,52.378664103796254,0.9901423920247763,0.9978921365184439,95,204,24,26,-2,-109,3.9583333333333335,finite,0.93279954246497,fusion_ae_plain_latent,Reconnaissance,123,0.05,0.6061182573447899,0.05,False,0b7faf22430359c6f3a96ed9e2c6945a109e3741b71552707344e8dbb69c67dc,897f6b5a3386f350287b7bf6ddffba29f571798dbc39cb5c13a375b47d99de1f,bec7dd5ec88dc2a0ccc7a07879d338395ed7421750f675fd0339e07dfe0648fa,benign calibration only; conservative >= cutoff with ties,frozen decisions on grouped internal development holdout,withheld_family,1.0,"['lightgbm', 'ae_plain', 'ae_latent']",-0.0022069691631739774,-0.00024026910139355456,b338269c4a8864b7feec1790aa06b514faa3124e2c28f5afa62ce9a2f2f14465,,,
0.9906582980586776,0.9619348437911276,0.9760853039672919,0.05382027871215762,53.82027871215762,0.9891477908577172,0.9974515339608421,112,62,18,8,10,50,6.222222222222222,finite,0.9492898675054808,fusion_ae_denoising,Reconnaissance,123,0.05,0.5718893983013611,0.04981684981684982,False,0b7faf22430359c6f3a96ed9e2c6945a109e3741b71552707344e8dbb69c67dc,897f6b5a3386f350287b7bf6ddffba29f571798dbc39cb5c13a375b47d99de1f,bec7dd5ec88dc2a0ccc7a07879d338395ed7421750f675fd0339e07dfe0648fa,benign calibration only; conservative >= cutoff with ties,frozen decisions on grouped internal development holdout,withheld_family,1.0,"['lightgbm', 'ae_denoising']",0.0010123711757679121,0.0012013455069678075,b338269c4a8864b7feec1790aa06b514faa3124e2c28f5afa62ce9a2f2f14465,,,
0.9906571356909958,0.9596671323574075,0.9749159236061831,0.053700144161460836,53.700144161460834,0.9892838175926447,0.9975461044645375,109,171,29,20,9,-62,3.7586206896551726,finite,0.9416642836717186,fusion_ae_denoising_latent,Reconnaissance,123,0.05,0.5955760076976828,0.05,False,0b7faf22430359c6f3a96ed9e2c6945a109e3741b71552707344e8dbb69c67dc,897f6b5a3386f350287b7bf6ddffba29f571798dbc39cb5c13a375b47d99de1f,bec7dd5ec88dc2a0ccc7a07879d338395ed7421750f675fd0339e07dfe0648fa,benign calibration only; conservative >= cutoff with ties,frozen decisions on grouped internal development holdout,withheld_family,1.0,"['lightgbm', 'ae_denoising', 'ae_latent']",-0.0012553402579521533,0.0010812109562710268,b338269c4a8864b7feec1790aa06b514faa3124e2c28f5afa62ce9a2f2f14465,,,
0.9908756838017289,0.960881977768329,0.9756483661071308,0.052498798654493035,52.49879865449303,0.9902857318157827,0.9979598329596561,11,13,2,3,-1,-2,5.5,finite,0.942998760842627,fusion_ae_scaled,Reconnaissance,123,0.05,0.630351035696465,0.05,False,0b7faf22430359c6f3a96ed9e2c6945a109e3741b71552707344e8dbb69c67dc,897f6b5a3386f350287b7bf6ddffba29f571798dbc39cb5c13a375b47d99de1f,bec7dd5ec88dc2a0ccc7a07879d338395ed7421750f675fd0339e07dfe0648fa,benign calibration only; conservative >= cutoff with ties,frozen decisions on grouped internal development holdout,withheld_family,1.0,"['lightgbm', 'ae_scaled']",-4.049484703072537e-05,-0.00012013455069677381,b338269c4a8864b7feec1790aa06b514faa3124e2c28f5afa62ce9a2f2f14465,,,
0.9909226221672501,0.9570552147239264,0.9736945102482233,0.05201826045170591,52.01826045170591,0.989695183990264,0.9976657974574964,67,258,27,32,-5,-191,2.4814814814814814,finite,0.9315603850919836,fusion_ae_scaled_latent,Reconnaissance,123,0.05,0.6399174579163976,0.05,False,0b7faf22430359c6f3a96ed9e2c6945a109e3741b71552707344e8dbb69c67dc,897f6b5a3386f350287b7bf6ddffba29f571798dbc39cb5c13a375b47d99de1f,bec7dd5ec88dc2a0ccc7a07879d338395ed7421750f675fd0339e07dfe0648fa,benign calibration only; conservative >= cutoff with ties,frozen decisions on grouped internal development holdout,withheld_family,1.0,"['lightgbm', 'ae_scaled', 'ae_latent']",-0.0038672578914332734,-0.0006006727534838968,b338269c4a8864b7feec1790aa06b514faa3124e2c28f5afa62ce9a2f2f14465,,,
0.9908141962421712,0.960942720038875,0.975649867919292,0.05285920230658337,52.85920230658337,0.9902620863083352,0.9980929969420762,1,0,2,0,2,1,0.5,finite,0.942617481650939,selective_fusion,Reconnaissance,123,0.05,0.8286683441724391,0.05,False,0b7faf22430359c6f3a96ed9e2c6945a109e3741b71552707344e8dbb69c67dc,897f6b5a3386f350287b7bf6ddffba29f571798dbc39cb5c13a375b47d99de1f,bec7dd5ec88dc2a0ccc7a07879d338395ed7421750f675fd0339e07dfe0648fa,benign calibration only; conservative >= cutoff with ties,frozen decisions on grouped internal development holdout,withheld_family,1.0,selective_fusion,2.0247423515362684e-05,0.0002402691013935615,b338269c4a8864b7feec1790aa06b514faa3124e2c28f5afa62ce9a2f2f14465,True,0.03520870514442154,budget-dependent conditional ranking
0.9907343498358119,0.9590799570754621,0.9746502057613169,0.05321960595867371,53.21960595867372,0.9902048394183264,0.9980831646326593,100,191,29,24,5,-91,3.4482758620689653,finite,0.939567248117434,selective_fusion_primary_0.75,Reconnaissance,123,0.05,0.601443677333921,0.04981684981684982,False,0b7faf22430359c6f3a96ed9e2c6945a109e3741b71552707344e8dbb69c67dc,897f6b5a3386f350287b7bf6ddffba29f571798dbc39cb5c13a375b47d99de1f,bec7dd5ec88dc2a0ccc7a07879d338395ed7421750f675fd0339e07dfe0648fa,benign calibration only; conservative >= cutoff with ties,frozen decisions on grouped internal development holdout,withheld_family,0.75,selective_fusion_primary_0.75,-0.0018425155398975601,0.0006006727534839038,b338269c4a8864b7feec1790aa06b514faa3124e2c28f5afa62ce9a2f2f14465,False,0.05274374924193856,budget-dependent conditional ranking
0.9907343498358119,0.9590799570754621,0.9746502057613169,0.05321960595867371,53.21960595867372,0.9901211266355304,0.9980686772269757,100,191,29,24,5,-91,3.4482758620689653,finite,0.939567248117434,selective_fusion_primary_0.5,Reconnaissance,123,0.05,0.601443677333921,0.04981684981684982,False,0b7faf22430359c6f3a96ed9e2c6945a109e3741b71552707344e8dbb69c67dc,897f6b5a3386f350287b7bf6ddffba29f571798dbc39cb5c13a375b47d99de1f,bec7dd5ec88dc2a0ccc7a07879d338395ed7421750f675fd0339e07dfe0648fa,benign calibration only; conservative >= cutoff with ties,frozen decisions on grouped internal development holdout,withheld_family,0.5,selective_fusion_primary_0.5,-0.0018425155398975601,0.0006006727534839038,b338269c4a8864b7feec1790aa06b514faa3124e2c28f5afa62ce9a2f2f14465,False,0.08183598149463725,budget-dependent conditional ranking
0.9950922147026915,0.780011743505639,0.8745218664517667,0.022825564632388273,22.825564632388275,0.9816151935031477,0.9962758821609596,16,0,115,0,115,16,0.1391304347826087,finite,0.5608616909732151,naive_or,Reconnaissance,123,0.01,,,False,0b7faf22430359c6f3a96ed9e2c6945a109e3741b71552707344e8dbb69c67dc,897f6b5a3386f350287b7bf6ddffba29f571798dbc39cb5c13a375b47d99de1f,bec7dd5ec88dc2a0ccc7a07879d338395ed7421750f675fd0339e07dfe0648fa,benign calibration only; conservative >= cutoff with ties,frozen decisions on grouped internal development holdout,withheld_family,1.0,naive_or,0.00032395877624580294,0.013815473330129743,b338269c4a8864b7feec1790aa06b514faa3124e2c28f5afa62ce9a2f2f14465,,,rank_or (naive OR has two cutoffs)
0.9878787878787879,0.9240924092409241,0.9549215913964996,0.06727534839019703,67.27534839019702,0.9816151935031477,0.9962758821609596,188,0,319,0,319,188,0.5893416927899686,finite,0.8605471356400725,naive_or,Reconnaissance,123,0.03,,,False,0b7faf22430359c6f3a96ed9e2c6945a109e3741b71552707344e8dbb69c67dc,897f6b5a3386f350287b7bf6ddffba29f571798dbc39cb5c13a375b47d99de1f,bec7dd5ec88dc2a0ccc7a07879d338395ed7421750f675fd0339e07dfe0648fa,benign calibration only; conservative >= cutoff with ties,frozen decisions on grouped internal development holdout,withheld_family,1.0,naive_or,0.0038065156208871853,0.038322921672272955,b338269c4a8864b7feec1790aa06b514faa3124e2c28f5afa62ce9a2f2f14465,,,rank_or (naive OR has two cutoffs)
0.9810293089982324,0.966429771811537,0.9736748161520965,0.1108841902931283,110.8841902931283,0.9816151935031477,0.9962758821609596,272,0,485,0,485,272,0.5608247422680412,finite,0.9560575731579449,naive_or,Reconnaissance,123,0.05,,,False,0b7faf22430359c6f3a96ed9e2c6945a109e3741b71552707344e8dbb69c67dc,897f6b5a3386f350287b7bf6ddffba29f571798dbc39cb5c13a375b47d99de1f,bec7dd5ec88dc2a0ccc7a07879d338395ed7421750f675fd0339e07dfe0648fa,benign calibration only; conservative >= cutoff with ties,frozen decisions on grouped internal development holdout,withheld_family,1.0,naive_or,0.005507299196177318,0.0582652570879385,b338269c4a8864b7feec1790aa06b514faa3124e2c28f5afa62ce9a2f2f14465,,,rank_or (naive OR has two cutoffs)
0.9976717112922002,0.7958091931283687,0.8853802877003065,0.01097328244274809,10.973282442748092,0.9897094410558567,0.9979131576165343,0,0,0,0,0,0,,no_recovery_no_added_fp,0.5494233152225717,lightgbm,Reconnaissance,2026,0.01,0.8988676296785054,0.009991235758106924,False,0b7faf22430359c6f3a96ed9e2c6945a109e3741b71552707344e8dbb69c67dc,3b48e470b723b28928e41eb867aef5bda3ad73c9d667f43220673f45a18648d3,bec7dd5ec88dc2a0ccc7a07879d338395ed7421750f675fd0339e07dfe0648fa,benign calibration only; conservative >= cutoff with ties,frozen decisions on grouped internal development holdout,withheld_family,1.0,lightgbm,0.0,0.0,346a288a9d1c341941ee4d762cf76108466753464a70b8abc560cf487163230c,,,
0.996312025033527,0.17996648969457174,0.30486449516970165,0.003936068702290076,3.9360687022900764,0.8960627461823201,0.9803079417942699,178,30685,24,83,-59,-30507,7.416666666666667,finite,0.034124487656086167,ae_plain,Reconnaissance,2026,0.01,0.1165963187813759,0.015600350569675722,True,0b7faf22430359c6f3a96ed9e2c6945a109e3741b71552707344e8dbb69c67dc,3b48e470b723b28928e41eb867aef5bda3ad73c9d667f43220673f45a18648d3,bec7dd5ec88dc2a0ccc7a07879d338395ed7421750f675fd0339e07dfe0648fa,benign calibration only; conservative >= cutoff with ties,frozen decisions on grouped internal development holdout,withheld_family,1.0,ae_plain,-0.615842703433797,-0.007037213740458015,346a288a9d1c341941ee4d762cf76108466753464a70b8abc560cf487163230c,,,
0.9856466636127653,0.13030663948159962,0.23018222016189424,0.011211832061068702,11.211832061068701,0.9031520585295408,0.9730780637546049,94,33061,91,89,2,-32967,1.032967032967033,finite,0.02459250786388333,ae_scaled,Reconnaissance,2026,0.01,0.05018401145935059,0.010166520595968448,False,0b7faf22430359c6f3a96ed9e2c6945a109e3741b71552707344e8dbb69c67dc,3b48e470b723b28928e41eb867aef5bda3ad73c9d667f43220673f45a18648d3,bec7dd5ec88dc2a0ccc7a07879d338395ed7421750f675fd0339e07dfe0648fa,benign calibration only; conservative >= cutoff with ties,frozen decisions on grouped internal development holdout,withheld_family,1.0,ae_scaled,-0.6655025536467691,0.00023854961832061108,346a288a9d1c341941ee4d762cf76108466753464a70b8abc560cf487163230c,,,
0.9885526315789473,0.15166441245937382,0.2629819556504542,0.010376908396946565,10.376908396946565,0.8597977770336522,0.9657283421660325,192,32101,85,90,-5,-31909,2.2588235294117647,finite,0.01553712706129063,isolation_forest,Reconnaissance,2026,0.01,0.5617831953523675,0.009991235758106924,False,0b7faf22430359c6f3a96ed9e2c6945a109e3741b71552707344e8dbb69c67dc,3b48e470b723b28928e41eb867aef5bda3ad73c9d667f43220673f45a18648d3,bec7dd5ec88dc2a0ccc7a07879d338395ed7421750f675fd0339e07dfe0648fa,benign calibration only; conservative >= cutoff with ties,frozen decisions on grouped internal development holdout,withheld_family,1.0,isolation_forest,-0.6441447806689949,-0.000596374045801526,346a288a9d1c341941ee4d762cf76108466753464a70b8abc560cf487163230c,,,
0.979582875960483,0.09007408603669984,0.16497818531390965,0.011092557251908396,11.092557251908397,0.8539915880596307,0.958111120463761,39,34999,90,89,1,-34960,0.43333333333333335,finite,0.01734820322180917,ae_denoising,Reconnaissance,2026,0.01,1.1262065172195437,0.010166520595968448,False,0b7faf22430359c6f3a96ed9e2c6945a109e3741b71552707344e8dbb69c67dc,3b48e470b723b28928e41eb867aef5bda3ad73c9d667f43220673f45a18648d3,bec7dd5ec88dc2a0ccc7a07879d338395ed7421750f675fd0339e07dfe0648fa,benign calibration only; conservative >= cutoff with ties,frozen decisions on grouped internal development holdout,withheld_family,1.0,ae_denoising,-0.7057351070916689,0.00011927480916030554,346a288a9d1c341941ee4d762cf76108466753464a70b8abc560cf487163230c,,,
0.9452133794694348,0.033086379877667195,0.06393477794464707,0.011331106870229007,11.331106870229007,0.8568104543588899,0.9489732639602165,31,37814,93,90,3,-37783,0.3333333333333333,finite,0.0029549137355828806,ae_latent,Reconnaissance,2026,0.01,55.20679948003653,0.009290096406660824,False,0b7faf22430359c6f3a96ed9e2c6945a109e3741b71552707344e8dbb69c67dc,3b48e470b723b28928e41eb867aef5bda3ad73c9d667f43220673f45a18648d3,bec7dd5ec88dc2a0ccc7a07879d338395ed7421750f675fd0339e07dfe0648fa,benign calibration only; conservative >= cutoff with ties,frozen decisions on grouped internal development holdout,withheld_family,1.0,ae_latent,-0.7627228132507016,0.0003578244274809166,346a288a9d1c341941ee4d762cf76108466753464a70b8abc560cf487163230c,,,
0.9974957630334151,0.7960514363001393,0.8854608734703042,0.01180820610687023,11.808206106870228,0.9882856556580345,0.9971307416486301,443,431,26,19,7,12,17.03846153846154,finite,0.5676293966256791,learned_fusion,Reconnaissance,2026,0.01,0.930838308353441,0.009991235758106924,False,0b7faf22430359c6f3a96ed9e2c6945a109e3741b71552707344e8dbb69c67dc,3b48e470b723b28928e41eb867aef5bda3ad73c9d667f43220673f45a18648d3,bec7dd5ec88dc2a0ccc7a07879d338395ed7421750f675fd0339e07dfe0648fa,benign calibration only; conservative >= cutoff with ties,frozen decisions on grouped internal development holdout,withheld_family,1.0,learned_fusion,0.00024224317177057308,0.0008349236641221388,346a288a9d1c341941ee4d762cf76108466753464a70b8abc560cf487163230c,,,
0.9975172902996985,0.6813089206048004,0.809634045411474,0.010019083969465648,10.01908396946565,0.9848437670712478,0.9967930740183807,15,5687,32,40,-8,-5672,0.46875,finite,0.3681250595748737,rank_or,Reconnaissance,2026,0.01,0.9948232774009284,0.009640666082383873,False,0b7faf22430359c6f3a96ed9e2c6945a109e3741b71552707344e8dbb69c67dc,3b48e470b723b28928e41eb867aef5bda3ad73c9d667f43220673f45a18648d3,bec7dd5ec88dc2a0ccc7a07879d338395ed7421750f675fd0339e07dfe0648fa,benign calibration only; conservative >= cutoff with ties,frozen decisions on grouped internal development holdout,withheld_family,1.0,rank_or,-0.11450027252356831,-0.0009541984732824426,346a288a9d1c341941ee4d762cf76108466753464a70b8abc560cf487163230c,,,
0.9976717112922002,0.7958091931283687,0.8853802877003065,0.01097328244274809,10.973282442748092,0.9897094410558567,0.9979131576165343,0,0,0,0,0,0,,no_recovery_no_added_fp,0.5494233152225717,fusion_control,Reconnaissance,2026,0.01,0.951364453359599,0.009991235758106924,False,0b7faf22430359c6f3a96ed9e2c6945a109e3741b71552707344e8dbb69c67dc,3b48e470b723b28928e41eb867aef5bda3ad73c9d667f43220673f45a18648d3,bec7dd5ec88dc2a0ccc7a07879d338395ed7421750f675fd0339e07dfe0648fa,benign calibration only; conservative >= cutoff with ties,frozen decisions on grouped internal development holdout,withheld_family,1.0,['lightgbm'],0.0,0.0,346a288a9d1c341941ee4d762cf76108466753464a70b8abc560cf487163230c,,,
0.9974666732254415,0.8186809859297091,0.8992737956649481,0.01228530534351145,12.28530534351145,0.9886819806850365,0.9972951982807767,1359,226,28,17,11,1133,48.535714285714285,finite,0.583929082070346,fusion_latent,Reconnaissance,2026,0.01,0.9360822960934629,0.009991235758106924,False,0b7faf22430359c6f3a96ed9e2c6945a109e3741b71552707344e8dbb69c67dc,3b48e470b723b28928e41eb867aef5bda3ad73c9d667f43220673f45a18648d3,bec7dd5ec88dc2a0ccc7a07879d338395ed7421750f675fd0339e07dfe0648fa,benign calibration only; conservative >= cutoff with ties,frozen decisions on grouped internal development holdout,withheld_family,1.0,"['lightgbm', 'ae_latent']",0.02287179280134033,0.0013120229007633592,346a288a9d1c341941ee4d762cf76108466753464a70b8abc560cf487163230c,,,
0.9979074407513747,0.8279064133879727,0.9049925525459259,0.01025763358778626,10.257633587786259,0.990355367468021,0.9977205777681586,2355,765,13,19,-6,1590,181.15384615384616,finite,0.5030978934324659,fusion_ae_plain,Reconnaissance,2026,0.01,0.9321495259341227,0.009991235758106924,False,0b7faf22430359c6f3a96ed9e2c6945a109e3741b71552707344e8dbb69c67dc,3b48e470b723b28928e41eb867aef5bda3ad73c9d667f43220673f45a18648d3,bec7dd5ec88dc2a0ccc7a07879d338395ed7421750f675fd0339e07dfe0648fa,benign calibration only; conservative >= cutoff with ties,frozen decisions on grouped internal development holdout,withheld_family,1.0,"['lightgbm', 'ae_plain']",0.03209722025960393,-0.0007156488549618315,346a288a9d1c341941ee4d762cf76108466753464a70b8abc560cf487163230c,,,
0.9976706769445045,0.8386862345317642,0.9112963369159903,0.011569656488549619,11.569656488549619,0.9898899580631918,0.9975777926303703,2466,342,29,24,5,2124,85.03448275862068,finite,0.5619102087503575,fusion_ae_plain_latent,Reconnaissance,2026,0.01,0.9219851987601964,0.009991235758106924,False,0b7faf22430359c6f3a96ed9e2c6945a109e3741b71552707344e8dbb69c67dc,3b48e470b723b28928e41eb867aef5bda3ad73c9d667f43220673f45a18648d3,bec7dd5ec88dc2a0ccc7a07879d338395ed7421750f675fd0339e07dfe0648fa,benign calibration only; conservative >= cutoff with ties,frozen decisions on grouped internal development holdout,withheld_family,1.0,"['lightgbm', 'ae_plain', 'ae_latent']",0.04287704140339543,0.0005963740458015277,346a288a9d1c341941ee4d762cf76108466753464a70b8abc560cf487163230c,,,
0.997718365813067,0.7503280376284394,0.8565173808344183,0.010138358778625954,10.138358778625955,0.9882584680708242,0.9971635307261413,270,2523,14,21,-7,-2253,19.285714285714285,finite,0.5030978934324659,fusion_ae_denoising,Reconnaissance,2026,0.01,0.9366654655687275,0.009991235758106924,False,0b7faf22430359c6f3a96ed9e2c6945a109e3741b71552707344e8dbb69c67dc,3b48e470b723b28928e41eb867aef5bda3ad73c9d667f43220673f45a18648d3,bec7dd5ec88dc2a0ccc7a07879d338395ed7421750f675fd0339e07dfe0648fa,benign calibration only; conservative >= cutoff with ties,frozen decisions on grouped internal development holdout,withheld_family,1.0,"['lightgbm', 'ae_denoising']",-0.04548115549992937,-0.0008349236641221371,346a288a9d1c341941ee4d762cf76108466753464a70b8abc560cf487163230c,,,
0.9974957630334151,0.7960514363001393,0.8854608734703042,0.01180820610687023,11.808206106870228,0.9882856556580345,0.9971307416486301,443,431,26,19,7,12,17.03846153846154,finite,0.5676293966256791,fusion_ae_denoising_latent,Reconnaissance,2026,0.01,0.930838308353441,0.009991235758106924,False,0b7faf22430359c6f3a96ed9e2c6945a109e3741b71552707344e8dbb69c67dc,3b48e470b723b28928e41eb867aef5bda3ad73c9d667f43220673f45a18648d3,bec7dd5ec88dc2a0ccc7a07879d338395ed7421750f675fd0339e07dfe0648fa,benign calibration only; conservative >= cutoff with ties,frozen decisions on grouped internal development holdout,withheld_family,1.0,"['lightgbm', 'ae_denoising', 'ae_latent']",0.00024224317177057308,0.0008349236641221388,346a288a9d1c341941ee4d762cf76108466753464a70b8abc560cf487163230c,,,
0.997910647957078,0.7809717988574197,0.8762131249646113,0.009661259541984733,9.661259541984732,0.9894868141682822,0.9976427155829335,85,820,4,15,-11,-735,21.25,finite,0.5179677819083024,fusion_ae_scaled,Reconnaissance,2026,0.01,0.9440773876988542,0.009991235758106924,True,0b7faf22430359c6f3a96ed9e2c6945a109e3741b71552707344e8dbb69c67dc,3b48e470b723b28928e41eb867aef5bda3ad73c9d667f43220673f45a18648d3,bec7dd5ec88dc2a0ccc7a07879d338395ed7421750f675fd0339e07dfe0648fa,benign calibration only; conservative >= cutoff with ties,frozen decisions on grouped internal development holdout,withheld_family,1.0,"['lightgbm', 'ae_scaled']",-0.01483739427094899,-0.0013120229007633575,346a288a9d1c341941ee4d762cf76108466753464a70b8abc560cf487163230c,,,
0.9974869952001608,0.801279851424188,0.8886824135228927,0.011927480916030535,11.927480916030534,0.9887790339786885,0.9973620375264197,524,253,27,19,8,271,19.40740740740741,finite,0.5646744828900963,fusion_ae_scaled_latent,Reconnaissance,2026,0.01,0.9365884571320132,0.009991235758106924,False,0b7faf22430359c6f3a96ed9e2c6945a109e3741b71552707344e8dbb69c67dc,3b48e470b723b28928e41eb867aef5bda3ad73c9d667f43220673f45a18648d3,bec7dd5ec88dc2a0ccc7a07879d338395ed7421750f675fd0339e07dfe0648fa,benign calibration only; conservative >= cutoff with ties,frozen decisions on grouped internal development holdout,withheld_family,1.0,"['lightgbm', 'ae_scaled', 'ae_latent']",0.005470658295819275,0.0009541984732824443,346a288a9d1c341941ee4d762cf76108466753464a70b8abc560cf487163230c,,,
0.9975968227467051,0.7960918101621011,0.8855256657834464,0.011331106870229007,11.331106870229007,0.9893933159800207,0.997855161541104,14,0,3,0,3,14,4.666666666666667,finite,0.5496139548184158,selective_fusion,Reconnaissance,2026,0.01,0.9677386978311745,0.009991235758106924,False,0b7faf22430359c6f3a96ed9e2c6945a109e3741b71552707344e8dbb69c67dc,3b48e470b723b28928e41eb867aef5bda3ad73c9d667f43220673f45a18648d3,bec7dd5ec88dc2a0ccc7a07879d338395ed7421750f675fd0339e07dfe0648fa,benign calibration only; conservative >= cutoff with ties,frozen decisions on grouped internal development holdout,withheld_family,1.0,selective_fusion,0.00028261703373233527,0.0003578244274809166,346a288a9d1c341941ee4d762cf76108466753464a70b8abc560cf487163230c,True,0.1644653925173944,budget-dependent conditional ranking
0.9974170676120537,0.7951228374750187,0.8848551563008975,0.012166030534351144,12.166030534351146,0.9892992507566633,0.9978332175878031,423,457,26,16,10,-34,16.26923076923077,finite,0.5677247164236012,selective_fusion_primary_0.75,Reconnaissance,2026,0.01,0.9310003700963484,0.0098159509202454,False,0b7faf22430359c6f3a96ed9e2c6945a109e3741b71552707344e8dbb69c67dc,3b48e470b723b28928e41eb867aef5bda3ad73c9d667f43220673f45a18648d3,bec7dd5ec88dc2a0ccc7a07879d338395ed7421750f675fd0339e07dfe0648fa,benign calibration only; conservative >= cutoff with ties,frozen decisions on grouped internal development holdout,withheld_family,0.75,selective_fusion_primary_0.75,-0.0006863556533500681,0.0011927480916030537,346a288a9d1c341941ee4d762cf76108466753464a70b8abc560cf487163230c,False,0.2297957562887381,budget-dependent conditional ranking
0.9974901761947015,0.7942749863738215,0.8843586343305387,0.01180820610687023,11.808206106870228,0.9891968184549231,0.9978064203972159,423,499,26,19,7,-76,16.26923076923077,finite,0.5668668382423029,selective_fusion_primary_0.5,Reconnaissance,2026,0.01,0.9310003700963484,0.0098159509202454,False,0b7faf22430359c6f3a96ed9e2c6945a109e3741b71552707344e8dbb69c67dc,3b48e470b723b28928e41eb867aef5bda3ad73c9d667f43220673f45a18648d3,bec7dd5ec88dc2a0ccc7a07879d338395ed7421750f675fd0339e07dfe0648fa,benign calibration only; conservative >= cutoff with ties,frozen decisions on grouped internal development holdout,withheld_family,0.5,selective_fusion_primary_0.5,-0.001534206754547185,0.0008349236641221388,346a288a9d1c341941ee4d762cf76108466753464a70b8abc560cf487163230c,False,0.30871359265206055,budget-dependent conditional ranking
0.9940841271912654,0.9226638674122373,0.9570433963251845,0.03244274809160305,32.44274809160305,0.9897094410558567,0.9979131576165343,0,0,0,0,0,0,,no_recovery_no_added_fp,0.8340482318177486,lightgbm,Reconnaissance,2026,0.03,0.7218812688368907,0.02962313759859772,False,0b7faf22430359c6f3a96ed9e2c6945a109e3741b71552707344e8dbb69c67dc,3b48e470b723b28928e41eb867aef5bda3ad73c9d667f43220673f45a18648d3,bec7dd5ec88dc2a0ccc7a07879d338395ed7421750f675fd0339e07dfe0648fa,benign calibration only; conservative >= cutoff with ties,frozen decisions on grouped internal development holdout,withheld_family,1.0,lightgbm,0.0,0.0,346a288a9d1c341941ee4d762cf76108466753464a70b8abc560cf487163230c,,,
0.996312025033527,0.17996648969457174,0.30486449516970165,0.003936068702290076,3.9360687022900764,0.8960627461823201,0.9803079417942699,26,36817,21,260,-239,-36791,1.2380952380952381,finite,0.034124487656086167,ae_plain,Reconnaissance,2026,0.03,0.1165963038802147,0.03260297984224365,True,0b7faf22430359c6f3a96ed9e2c6945a109e3741b71552707344e8dbb69c67dc,3b48e470b723b28928e41eb867aef5bda3ad73c9d667f43220673f45a18648d3,bec7dd5ec88dc2a0ccc7a07879d338395ed7421750f675fd0339e07dfe0648fa,benign calibration only; conservative >= cutoff with ties,frozen decisions on grouped internal development holdout,withheld_family,1.0,ae_plain,-0.7426973777176655,-0.028506679389312978,346a288a9d1c341941ee4d762cf76108466753464a70b8abc560cf487163230c,,,
0.9774570344468417,0.2652158992268405,0.417225062720315,0.03614026717557252,36.14026717557252,0.9031520585295408,0.9730780637546049,346,32914,267,236,31,-32568,1.2958801498127341,finite,0.16013726050900773,ae_scaled,Reconnaissance,2026,0.03,0.024618333205580715,0.030148992112182298,False,0b7faf22430359c6f3a96ed9e2c6945a109e3741b71552707344e8dbb69c67dc,3b48e470b723b28928e41eb867aef5bda3ad73c9d667f43220673f45a18648d3,bec7dd5ec88dc2a0ccc7a07879d338395ed7421750f675fd0339e07dfe0648fa,benign calibration only; conservative >= cutoff with ties,frozen decisions on grouped internal development holdout,withheld_family,1.0,ae_scaled,-0.6574479681853967,0.0036975190839694666,346a288a9d1c341941ee4d762cf76108466753464a70b8abc560cf487163230c,,,
0.9734021035598706,0.19429921069099865,0.3239377366428271,0.031369274809160304,31.369274809160306,0.8597977770336522,0.9657283421660325,139,36220,244,253,-9,-36081,0.569672131147541,finite,0.025831665236869698,isolation_forest,Reconnaissance,2026,0.03,0.5198686216930126,0.02997370727432077,False,0b7faf22430359c6f3a96ed9e2c6945a109e3741b71552707344e8dbb69c67dc,3b48e470b723b28928e41eb867aef5bda3ad73c9d667f43220673f45a18648d3,bec7dd5ec88dc2a0ccc7a07879d338395ed7421750f675fd0339e07dfe0648fa,benign calibration only; conservative >= cutoff with ties,frozen decisions on grouped internal development holdout,withheld_family,1.0,isolation_forest,-0.7283646567212386,-0.0010734732824427481,346a288a9d1c341941ee4d762cf76108466753464a70b8abc560cf487163230c,,,
0.975109129748305,0.21194258836829036,0.3482024409657734,0.03196564885496183,31.96564885496183,0.8539915880596307,0.958111120463761,488,35695,230,234,-4,-35207,2.121739130434783,finite,0.2195214946144314,ae_denoising,Reconnaissance,2026,0.03,0.34475922584533697,0.030148992112182298,False,0b7faf22430359c6f3a96ed9e2c6945a109e3741b71552707344e8dbb69c67dc,3b48e470b723b28928e41eb867aef5bda3ad73c9d667f43220673f45a18648d3,bec7dd5ec88dc2a0ccc7a07879d338395ed7421750f675fd0339e07dfe0648fa,benign calibration only; conservative >= cutoff with ties,frozen decisions on grouped internal development holdout,withheld_family,1.0,ae_denoising,-0.7107212790439469,-0.00047709923664122217,346a288a9d1c341941ee4d762cf76108466753464a70b8abc560cf487163230c,,,
0.950816284356272,0.09288006944304257,0.16922907164925702,0.02838740458015267,28.387404580152673,0.8568104543588899,0.9489732639602165,102,41207,213,247,-34,-41105,0.4788732394366197,finite,0.02259079210752073,ae_latent,Reconnaissance,2026,0.03,31.46072486295534,0.02997370727432077,True,0b7faf22430359c6f3a96ed9e2c6945a109e3741b71552707344e8dbb69c67dc,3b48e470b723b28928e41eb867aef5bda3ad73c9d667f43220673f45a18648d3,bec7dd5ec88dc2a0ccc7a07879d338395ed7421750f675fd0339e07dfe0648fa,benign calibration only; conservative >= cutoff with ties,frozen decisions on grouped internal development holdout,withheld_family,1.0,ae_latent,-0.8297837979691947,-0.0040553435114503815,346a288a9d1c341941ee4d762cf76108466753464a70b8abc560cf487163230c,,,
0.9941548423545773,0.9235924662373579,0.9575755038824588,0.03208492366412214,32.08492366412214,0.9882856556580345,0.9971307416486301,213,167,10,13,-3,46,21.3,finite,0.8364312267657993,learned_fusion,Reconnaissance,2026,0.03,0.7822618301482658,0.02997370727432077,False,0b7faf22430359c6f3a96ed9e2c6945a109e3741b71552707344e8dbb69c67dc,3b48e470b723b28928e41eb867aef5bda3ad73c9d667f43220673f45a18648d3,bec7dd5ec88dc2a0ccc7a07879d338395ed7421750f675fd0339e07dfe0648fa,benign calibration only; conservative >= cutoff with ties,frozen decisions on grouped internal development holdout,withheld_family,1.0,learned_fusion,0.0009285988251206412,-0.0003578244274809114,346a288a9d1c341941ee4d762cf76108466753464a70b8abc560cf487163230c,,,
0.993165149072413,0.8829359872418596,0.9348123450457382,0.03590171755725191,35.90171755725191,0.9848437670712478,0.9967930740183807,26,1994,131,102,29,-1968,0.1984732824427481,finite,0.7084167381565151,rank_or,Reconnaissance,2026,0.03,0.9823277400928241,0.029798422436459245,False,0b7faf22430359c6f3a96ed9e2c6945a109e3741b71552707344e8dbb69c67dc,3b48e470b723b28928e41eb867aef5bda3ad73c9d667f43220673f45a18648d3,bec7dd5ec88dc2a0ccc7a07879d338395ed7421750f675fd0339e07dfe0648fa,benign calibration only; conservative >= cutoff with ties,frozen decisions on grouped internal development holdout,withheld_family,1.0,rank_or,-0.03972788017037765,0.003458969465648859,346a288a9d1c341941ee4d762cf76108466753464a70b8abc560cf487163230c,,,
0.9940841271912654,0.9226638674122373,0.9570433963251845,0.03244274809160305,32.44274809160305,0.9897094410558567,0.9979131576165343,0,0,0,0,0,0,,no_recovery_no_added_fp,0.8340482318177486,fusion_control,Reconnaissance,2026,0.03,0.8219302072869301,0.02962313759859772,False,0b7faf22430359c6f3a96ed9e2c6945a109e3741b71552707344e8dbb69c67dc,3b48e470b723b28928e41eb867aef5bda3ad73c9d667f43220673f45a18648d3,bec7dd5ec88dc2a0ccc7a07879d338395ed7421750f675fd0339e07dfe0648fa,benign calibration only; conservative >= cutoff with ties,frozen decisions on grouped internal development holdout,withheld_family,1.0,['lightgbm'],0.0,0.0,346a288a9d1c341941ee4d762cf76108466753464a70b8abc560cf487163230c,,,
0.9941773306971995,0.9237337747542241,0.9576618810430706,0.03196564885496183,31.96564885496183,0.9886819806850365,0.9972951982807767,248,195,14,18,-4,53,17.714285714285715,finite,0.8345248308073587,fusion_latent,Reconnaissance,2026,0.03,0.7964506535889734,0.02997370727432077,False,0b7faf22430359c6f3a96ed9e2c6945a109e3741b71552707344e8dbb69c67dc,3b48e470b723b28928e41eb867aef5bda3ad73c9d667f43220673f45a18648d3,bec7dd5ec88dc2a0ccc7a07879d338395ed7421750f675fd0339e07dfe0648fa,benign calibration only; conservative >= cutoff with ties,frozen decisions on grouped internal development holdout,withheld_family,1.0,"['lightgbm', 'ae_latent']",0.0010699073419868643,-0.00047709923664122217,346a288a9d1c341941ee4d762cf76108466753464a70b8abc560cf487163230c,,,
0.9940442550971612,0.9231887276177403,0.9573071810598369,0.032681297709923667,32.68129770992366,0.990355367468021,0.9977205777681586,159,133,10,8,2,26,15.9,finite,0.8247068916213898,fusion_ae_plain,Reconnaissance,2026,0.03,0.7752727162053675,0.02997370727432077,False,0b7faf22430359c6f3a96ed9e2c6945a109e3741b71552707344e8dbb69c67dc,3b48e470b723b28928e41eb867aef5bda3ad73c9d667f43220673f45a18648d3,bec7dd5ec88dc2a0ccc7a07879d338395ed7421750f675fd0339e07dfe0648fa,benign calibration only; conservative >= cutoff with ties,frozen decisions on grouped internal development holdout,withheld_family,1.0,"['lightgbm', 'ae_plain']",0.0005248602055030194,0.00023854961832061455,346a288a9d1c341941ee4d762cf76108466753464a70b8abc560cf487163230c,,,
0.994265731227872,0.9240567656499182,0.9578764543400017,0.03148854961832061,31.48854961832061,0.9898899580631918,0.9975777926303703,297,228,11,19,-8,69,27.0,finite,0.8270898865694405,fusion_ae_plain_latent,Reconnaissance,2026,0.03,0.7670601064345477,0.02997370727432077,False,0b7faf22430359c6f3a96ed9e2c6945a109e3741b71552707344e8dbb69c67dc,3b48e470b723b28928e41eb867aef5bda3ad73c9d667f43220673f45a18648d3,bec7dd5ec88dc2a0ccc7a07879d338395ed7421750f675fd0339e07dfe0648fa,benign calibration only; conservative >= cutoff with ties,frozen decisions on grouped internal development holdout,withheld_family,1.0,"['lightgbm', 'ae_plain', 'ae_latent']",0.0013928982376809618,-0.0009541984732824443,346a288a9d1c341941ee4d762cf76108466753464a70b8abc560cf487163230c,,,
0.9941512838910269,0.9230272321698932,0.9572699675494609,0.03208492366412214,32.08492366412214,0.9882584680708242,0.9971635307261413,138,120,8,11,-3,18,17.25,finite,0.8365265465637213,fusion_ae_denoising,Reconnaissance,2026,0.03,0.7846174695796085,0.02997370727432077,False,0b7faf22430359c6f3a96ed9e2c6945a109e3741b71552707344e8dbb69c67dc,3b48e470b723b28928e41eb867aef5bda3ad73c9d667f43220673f45a18648d3,bec7dd5ec88dc2a0ccc7a07879d338395ed7421750f675fd0339e07dfe0648fa,benign calibration only; conservative >= cutoff with ties,frozen decisions on grouped internal development holdout,withheld_family,1.0,"['lightgbm', 'ae_denoising']",0.00036336475765597065,-0.0003578244274809114,346a288a9d1c341941ee4d762cf76108466753464a70b8abc560cf487163230c,,,
0.9941548423545773,0.9235924662373579,0.9575755038824588,0.03208492366412214,32.08492366412214,0.9882856556580345,0.9971307416486301,213,167,10,13,-3,46,21.3,finite,0.8364312267657993,fusion_ae_denoising_latent,Reconnaissance,2026,0.03,0.7822618301482658,0.02997370727432077,False,0b7faf22430359c6f3a96ed9e2c6945a109e3741b71552707344e8dbb69c67dc,3b48e470b723b28928e41eb867aef5bda3ad73c9d667f43220673f45a18648d3,bec7dd5ec88dc2a0ccc7a07879d338395ed7421750f675fd0339e07dfe0648fa,benign calibration only; conservative >= cutoff with ties,frozen decisions on grouped internal development holdout,withheld_family,1.0,"['lightgbm', 'ae_denoising', 'ae_latent']",0.0009285988251206412,-0.0003578244274809114,346a288a9d1c341941ee4d762cf76108466753464a70b8abc560cf487163230c,,,
0.9941477210921353,0.9224619981024285,0.9569642520575485,0.03208492366412214,32.08492366412214,0.9894868141682822,0.9976427155829335,45,55,3,6,-3,-10,15.0,finite,0.8339529120198265,fusion_ae_scaled,Reconnaissance,2026,0.03,0.8030183597124432,0.02997370727432077,False,0b7faf22430359c6f3a96ed9e2c6945a109e3741b71552707344e8dbb69c67dc,3b48e470b723b28928e41eb867aef5bda3ad73c9d667f43220673f45a18648d3,bec7dd5ec88dc2a0ccc7a07879d338395ed7421750f675fd0339e07dfe0648fa,benign calibration only; conservative >= cutoff with ties,frozen decisions on grouped internal development holdout,withheld_family,1.0,"['lightgbm', 'ae_scaled']",-0.0002018693098088109,-0.0003578244274809114,346a288a9d1c341941ee4d762cf76108466753464a70b8abc560cf487163230c,,,
0.9941561121852664,0.9237943355471667,0.9576845806127574,0.03208492366412214,32.08492366412214,0.9887790339786885,0.9973620375264197,231,175,13,16,-3,56,17.76923076923077,finite,0.8350014297969688,fusion_ae_scaled_latent,Reconnaissance,2026,0.03,0.7927350202298135,0.02997370727432077,False,0b7faf22430359c6f3a96ed9e2c6945a109e3741b71552707344e8dbb69c67dc,3b48e470b723b28928e41eb867aef5bda3ad73c9d667f43220673f45a18648d3,bec7dd5ec88dc2a0ccc7a07879d338395ed7421750f675fd0339e07dfe0648fa,benign calibration only; conservative >= cutoff with ties,frozen decisions on grouped internal development holdout,withheld_family,1.0,"['lightgbm', 'ae_scaled', 'ae_latent']",0.001130468134929452,-0.0003578244274809114,346a288a9d1c341941ee4d762cf76108466753464a70b8abc560cf487163230c,,,
0.9940269331016507,0.9238548963401094,0.9576571769358737,0.03280057251908397,32.80057251908397,0.9895969056574568,0.9978946045888416,59,0,3,0,3,59,19.666666666666668,finite,0.8384329425221618,selective_fusion,Reconnaissance,2026,0.03,0.8508201878205722,0.02997370727432077,False,0b7faf22430359c6f3a96ed9e2c6945a109e3741b71552707344e8dbb69c67dc,3b48e470b723b28928e41eb867aef5bda3ad73c9d667f43220673f45a18648d3,bec7dd5ec88dc2a0ccc7a07879d338395ed7421750f675fd0339e07dfe0648fa,benign calibration only; conservative >= cutoff with ties,frozen decisions on grouped internal development holdout,withheld_family,1.0,selective_fusion,0.0011910289278721509,0.00035782442748091836,346a288a9d1c341941ee4d762cf76108466753464a70b8abc560cf487163230c,True,0.062360801781737196,budget-dependent conditional ranking
0.9942773836981592,0.9224418111714476,0.9570134562018954,0.031369274809160304,31.369274809160306,0.9896068642865761,0.9978963740977908,183,194,8,17,-9,-11,22.875,finite,0.8318558764655419,selective_fusion_primary_0.75,Reconnaissance,2026,0.03,0.7895781375058039,0.029798422436459245,False,0b7faf22430359c6f3a96ed9e2c6945a109e3741b71552707344e8dbb69c67dc,3b48e470b723b28928e41eb867aef5bda3ad73c9d667f43220673f45a18648d3,bec7dd5ec88dc2a0ccc7a07879d338395ed7421750f675fd0339e07dfe0648fa,benign calibration only; conservative >= cutoff with ties,frozen decisions on grouped internal development holdout,withheld_family,0.75,selective_fusion_primary_0.75,-0.00022205624078963648,-0.0010734732824427481,346a288a9d1c341941ee4d762cf76108466753464a70b8abc560cf487163230c,False,0.07290965280295575,budget-dependent conditional ranking
0.9942992667377445,0.9224821850334094,0.9570453212700009,0.03125,31.25,0.9895522061965557,0.9978869420705918,186,195,8,18,-10,-9,23.25,finite,0.832332475455152,selective_fusion_primary_0.5,Reconnaissance,2026,0.03,0.7876416598586963,0.029798422436459245,False,0b7faf22430359c6f3a96ed9e2c6945a109e3741b71552707344e8dbb69c67dc,3b48e470b723b28928e41eb867aef5bda3ad73c9d667f43220673f45a18648d3,bec7dd5ec88dc2a0ccc7a07879d338395ed7421750f675fd0339e07dfe0648fa,benign calibration only; conservative >= cutoff with ties,frozen decisions on grouped internal development holdout,withheld_family,0.5,selective_fusion_primary_0.5,-0.0001816823788278743,-0.001192748091603052,346a288a9d1c341941ee4d762cf76108466753464a70b8abc560cf487163230c,False,0.10576474853680012,budget-dependent conditional ranking
0.9910794681185217,0.9554272563942103,0.9729268593512314,0.050811068702290074,50.81106870229008,0.9897094410558567,0.9979131576165343,0,0,0,0,0,0,,no_recovery_no_added_fp,0.9284148317605566,lightgbm,Reconnaissance,2026,0.05,0.5994627641307438,0.04995617879053462,False,0b7faf22430359c6f3a96ed9e2c6945a109e3741b71552707344e8dbb69c67dc,3b48e470b723b28928e41eb867aef5bda3ad73c9d667f43220673f45a18648d3,bec7dd5ec88dc2a0ccc7a07879d338395ed7421750f675fd0339e07dfe0648fa,benign calibration only; conservative >= cutoff with ties,frozen decisions on grouped internal development holdout,withheld_family,1.0,lightgbm,0.0,0.0,346a288a9d1c341941ee4d762cf76108466753464a70b8abc560cf487163230c,,,
0.9951514767397642,0.6339301935926681,0.774493482791363,0.01824904580152672,18.249045801526716,0.8960627461823201,0.9803079417942699,478,16404,116,389,-273,-15926,4.120689655172414,finite,0.17624630635783053,ae_plain,Reconnaissance,2026,0.05,0.04554755240678788,0.05013146362839614,True,0b7faf22430359c6f3a96ed9e2c6945a109e3741b71552707344e8dbb69c67dc,3b48e470b723b28928e41eb867aef5bda3ad73c9d667f43220673f45a18648d3,bec7dd5ec88dc2a0ccc7a07879d338395ed7421750f675fd0339e07dfe0648fa,benign calibration only; conservative >= cutoff with ties,frozen decisions on grouped internal development holdout,withheld_family,1.0,ae_plain,-0.3214970628015422,-0.032562022900763356,346a288a9d1c341941ee4d762cf76108466753464a70b8abc560cf487163230c,,,
0.9722290489063652,0.31943799584149224,0.4808776381565952,0.053912213740458015,53.912213740458014,0.9031520585295408,0.9730780637546049,510,32015,378,352,26,-31505,1.3492063492063493,finite,0.2130397483557335,ae_scaled,Reconnaissance,2026,0.05,0.01841981709003449,0.05013146362839614,False,0b7faf22430359c6f3a96ed9e2c6945a109e3741b71552707344e8dbb69c67dc,3b48e470b723b28928e41eb867aef5bda3ad73c9d667f43220673f45a18648d3,bec7dd5ec88dc2a0ccc7a07879d338395ed7421750f675fd0339e07dfe0648fa,benign calibration only; conservative >= cutoff with ties,frozen decisions on grouped internal development holdout,withheld_family,1.0,ae_scaled,-0.6359892605527181,0.0031011450381679406,346a288a9d1c341941ee4d762cf76108466753464a70b8abc560cf487163230c,,,
0.9667397660818714,0.26697216222217734,0.41840011389341475,0.05427003816793893,54.27003816793893,0.8597977770336522,0.9657283421660325,161,34265,402,373,29,-34104,0.40049751243781095,finite,0.05004289390906491,isolation_forest,Reconnaissance,2026,0.05,0.500243097220405,0.04855390008764242,False,0b7faf22430359c6f3a96ed9e2c6945a109e3741b71552707344e8dbb69c67dc,3b48e470b723b28928e41eb867aef5bda3ad73c9d667f43220673f45a18648d3,bec7dd5ec88dc2a0ccc7a07879d338395ed7421750f675fd0339e07dfe0648fa,benign calibration only; conservative >= cutoff with ties,frozen decisions on grouped internal development holdout,withheld_family,1.0,isolation_forest,-0.688455094172033,0.003458969465648859,346a288a9d1c341941ee4d762cf76108466753464a70b8abc560cf487163230c,,,
0.9668879405721511,0.2469871005511032,0.39346529240565353,0.04997614503816794,49.97614503816794,0.8539915880596307,0.958111120463761,531,35625,350,357,-7,-35094,1.5171428571428571,finite,0.2524068248975312,ae_denoising,Reconnaissance,2026,0.05,0.17697529494762423,0.05013146362839614,True,0b7faf22430359c6f3a96ed9e2c6945a109e3741b71552707344e8dbb69c67dc,3b48e470b723b28928e41eb867aef5bda3ad73c9d667f43220673f45a18648d3,bec7dd5ec88dc2a0ccc7a07879d338395ed7421750f675fd0339e07dfe0648fa,benign calibration only; conservative >= cutoff with ties,frozen decisions on grouped internal development holdout,withheld_family,1.0,ae_denoising,-0.7084401558431072,-0.0008349236641221336,346a288a9d1c341941ee4d762cf76108466753464a70b8abc560cf487163230c,,,
0.9575763340625891,0.20322183418454892,0.3352872606161532,0.053196564885496185,53.19656488549618,0.8568104543588899,0.9489732639602165,525,37787,368,348,20,-37262,1.4266304347826086,finite,0.1775807835287389,ae_latent,Reconnaissance,2026,0.05,19.119966138085815,0.04995617879053462,False,0b7faf22430359c6f3a96ed9e2c6945a109e3741b71552707344e8dbb69c67dc,3b48e470b723b28928e41eb867aef5bda3ad73c9d667f43220673f45a18648d3,bec7dd5ec88dc2a0ccc7a07879d338395ed7421750f675fd0339e07dfe0648fa,benign calibration only; conservative >= cutoff with ties,frozen decisions on grouped internal development holdout,withheld_family,1.0,ae_latent,-0.7522054222096615,0.002385496183206111,346a288a9d1c341941ee4d762cf76108466753464a70b8abc560cf487163230c,,,
0.9911925682051712,0.9541756666733956,0.9723319345017691,0.050095419847328244,50.095419847328245,0.9882856556580345,0.9971307416486301,97,159,21,27,-6,-62,4.619047619047619,finite,0.9232675626727671,learned_fusion,Reconnaissance,2026,0.05,0.6046240438801314,0.04995617879053462,False,0b7faf22430359c6f3a96ed9e2c6945a109e3741b71552707344e8dbb69c67dc,3b48e470b723b28928e41eb867aef5bda3ad73c9d667f43220673f45a18648d3,bec7dd5ec88dc2a0ccc7a07879d338395ed7421750f675fd0339e07dfe0648fa,benign calibration only; conservative >= cutoff with ties,frozen decisions on grouped internal development holdout,withheld_family,1.0,learned_fusion,-0.0012515897208147386,-0.0007156488549618298,346a288a9d1c341941ee4d762cf76108466753464a70b8abc560cf487163230c,,,
0.9901657769036246,0.9248036820962109,0.9563692538933656,0.05427003816793893,54.27003816793893,0.9848437670712478,0.9967930740183807,221,1738,197,168,29,-1517,1.1218274111675126,finite,0.8340482318177486,rank_or,Reconnaissance,2026,0.05,0.9719742948946806,0.04960560911481157,False,0b7faf22430359c6f3a96ed9e2c6945a109e3741b71552707344e8dbb69c67dc,3b48e470b723b28928e41eb867aef5bda3ad73c9d667f43220673f45a18648d3,bec7dd5ec88dc2a0ccc7a07879d338395ed7421750f675fd0339e07dfe0648fa,benign calibration only; conservative >= cutoff with ties,frozen decisions on grouped internal development holdout,withheld_family,1.0,rank_or,-0.030623574297999445,0.003458969465648859,346a288a9d1c341941ee4d762cf76108466753464a70b8abc560cf487163230c,,,
0.9910794681185217,0.9554272563942103,0.9729268593512314,0.050811068702290074,50.81106870229008,0.9897094410558567,0.9979131576165343,0,0,0,0,0,0,,no_recovery_no_added_fp,0.9284148317605566,fusion_control,Reconnaissance,2026,0.05,0.6296337590934304,0.04995617879053462,False,0b7faf22430359c6f3a96ed9e2c6945a109e3741b71552707344e8dbb69c67dc,3b48e470b723b28928e41eb867aef5bda3ad73c9d667f43220673f45a18648d3,bec7dd5ec88dc2a0ccc7a07879d338395ed7421750f675fd0339e07dfe0648fa,benign calibration only; conservative >= cutoff with ties,frozen decisions on grouped internal development holdout,withheld_family,1.0,['lightgbm'],0.0,0.0,346a288a9d1c341941ee4d762cf76108466753464a70b8abc560cf487163230c,,,
0.9909479507166206,0.9546803399479177,0.9724761209528999,0.05152671755725191,51.52671755725191,0.9886819806850365,0.9972951982807767,143,180,31,25,6,-37,4.612903225806452,finite,0.922886283481079,fusion_latent,Reconnaissance,2026,0.05,0.6216385883002439,0.04995617879053462,False,0b7faf22430359c6f3a96ed9e2c6945a109e3741b71552707344e8dbb69c67dc,3b48e470b723b28928e41eb867aef5bda3ad73c9d667f43220673f45a18648d3,bec7dd5ec88dc2a0ccc7a07879d338395ed7421750f675fd0339e07dfe0648fa,benign calibration only; conservative >= cutoff with ties,frozen decisions on grouped internal development holdout,withheld_family,1.0,"['lightgbm', 'ae_latent']",-0.0007469164462926559,0.0007156488549618367,346a288a9d1c341941ee4d762cf76108466753464a70b8abc560cf487163230c,,,
0.9912216379292283,0.9550840785675354,0.9728173705638031,0.04997614503816794,49.97614503816794,0.990355367468021,0.9977205777681586,65,82,8,15,-7,-17,8.125,finite,0.9246973596415976,fusion_ae_plain,Reconnaissance,2026,0.05,0.5834734218103584,0.04995617879053462,True,0b7faf22430359c6f3a96ed9e2c6945a109e3741b71552707344e8dbb69c67dc,3b48e470b723b28928e41eb867aef5bda3ad73c9d667f43220673f45a18648d3,bec7dd5ec88dc2a0ccc7a07879d338395ed7421750f675fd0339e07dfe0648fa,benign calibration only; conservative >= cutoff with ties,frozen decisions on grouped internal development holdout,withheld_family,1.0,"['lightgbm', 'ae_plain']",-0.000343177826674923,-0.0008349236641221336,346a288a9d1c341941ee4d762cf76108466753464a70b8abc560cf487163230c,,,
0.9911662260271098,0.9535700587439692,0.9720047327537424,0.05021469465648855,50.21469465648855,0.9898899580631918,0.9975777926303703,125,217,24,29,-5,-92,5.208333333333333,finite,0.9178343341912115,fusion_ae_plain_latent,Reconnaissance,2026,0.05,0.5949500179818551,0.04978089395267309,False,0b7faf22430359c6f3a96ed9e2c6945a109e3741b71552707344e8dbb69c67dc,3b48e470b723b28928e41eb867aef5bda3ad73c9d667f43220673f45a18648d3,bec7dd5ec88dc2a0ccc7a07879d338395ed7421750f675fd0339e07dfe0648fa,benign calibration only; conservative >= cutoff with ties,frozen decisions on grouped internal development holdout,withheld_family,1.0,"['lightgbm', 'ae_plain', 'ae_latent']",-0.0018571976502411713,-0.000596374045801526,346a288a9d1c341941ee4d762cf76108466753464a70b8abc560cf487163230c,,,
0.991067132486768,0.9563356682883501,0.9733916866999528,0.050930343511450385,50.93034351145038,0.9882584680708242,0.9971635307261413,69,24,10,9,1,45,6.9,finite,0.9315603850919836,fusion_ae_denoising,Reconnaissance,2026,0.05,0.5799161327472002,0.04995617879053462,False,0b7faf22430359c6f3a96ed9e2c6945a109e3741b71552707344e8dbb69c67dc,3b48e470b723b28928e41eb867aef5bda3ad73c9d667f43220673f45a18648d3,bec7dd5ec88dc2a0ccc7a07879d338395ed7421750f675fd0339e07dfe0648fa,benign calibration only; conservative >= cutoff with ties,frozen decisions on grouped internal development holdout,withheld_family,1.0,"['lightgbm', 'ae_denoising']",0.0009084118941398156,0.00011927480916031075,346a288a9d1c341941ee4d762cf76108466753464a70b8abc560cf487163230c,,,
0.9911925682051712,0.9541756666733956,0.9723319345017691,0.050095419847328244,50.095419847328245,0.9882856556580345,0.9971307416486301,97,159,21,27,-6,-62,4.619047619047619,finite,0.9232675626727671,fusion_ae_denoising_latent,Reconnaissance,2026,0.05,0.6046240438801314,0.04995617879053462,False,0b7faf22430359c6f3a96ed9e2c6945a109e3741b71552707344e8dbb69c67dc,3b48e470b723b28928e41eb867aef5bda3ad73c9d667f43220673f45a18648d3,bec7dd5ec88dc2a0ccc7a07879d338395ed7421750f675fd0339e07dfe0648fa,benign calibration only; conservative >= cutoff with ties,frozen decisions on grouped internal development holdout,withheld_family,1.0,"['lightgbm', 'ae_denoising', 'ae_latent']",-0.0012515897208147386,-0.0007156488549618298,346a288a9d1c341941ee4d762cf76108466753464a70b8abc560cf487163230c,,,
0.990900723758524,0.9562751074954075,0.9732800509538436,0.05188454198473282,51.88454198473283,0.9894868141682822,0.9976427155829335,43,1,9,0,9,42,4.777777777777778,finite,0.9314650652940616,fusion_ae_scaled,Reconnaissance,2026,0.05,0.5970417071047004,0.04995617879053462,False,0b7faf22430359c6f3a96ed9e2c6945a109e3741b71552707344e8dbb69c67dc,3b48e470b723b28928e41eb867aef5bda3ad73c9d667f43220673f45a18648d3,bec7dd5ec88dc2a0ccc7a07879d338395ed7421750f675fd0339e07dfe0648fa,benign calibration only; conservative >= cutoff with ties,frozen decisions on grouped internal development holdout,withheld_family,1.0,"['lightgbm', 'ae_scaled']",0.0008478511011971168,0.0010734732824427481,346a288a9d1c341941ee4d762cf76108466753464a70b8abc560cf487163230c,,,
0.9910884653288881,0.9541554797424148,0.9722713621590489,0.05069179389312977,50.69179389312977,0.9887790339786885,0.9973620375264197,105,168,24,25,-1,-63,4.375,finite,0.922695643885235,fusion_ae_scaled_latent,Reconnaissance,2026,0.05,0.6177125607277291,0.04995617879053462,False,0b7faf22430359c6f3a96ed9e2c6945a109e3741b71552707344e8dbb69c67dc,3b48e470b723b28928e41eb867aef5bda3ad73c9d667f43220673f45a18648d3,bec7dd5ec88dc2a0ccc7a07879d338395ed7421750f675fd0339e07dfe0648fa,benign calibration only; conservative >= cutoff with ties,frozen decisions on grouped internal development holdout,withheld_family,1.0,"['lightgbm', 'ae_scaled', 'ae_latent']",-0.0012717766517955642,-0.00011927480916030381,346a288a9d1c341941ee4d762cf76108466753464a70b8abc560cf487163230c,,,
0.9910811489824973,0.9556089387730383,0.9730218600014389,0.050811068702290074,50.81106870229008,0.9896243797719556,0.9978992113982621,9,0,0,0,0,9,,recovery_without_additional_fp,0.9287007911543228,selective_fusion,Reconnaissance,2026,0.05,0.7929521226843713,0.04995617879053462,False,0b7faf22430359c6f3a96ed9e2c6945a109e3741b71552707344e8dbb69c67dc,3b48e470b723b28928e41eb867aef5bda3ad73c9d667f43220673f45a18648d3,bec7dd5ec88dc2a0ccc7a07879d338395ed7421750f675fd0339e07dfe0648fa,benign calibration only; conservative >= cutoff with ties,frozen decisions on grouped internal development holdout,withheld_family,1.0,selective_fusion,0.00018168237882798532,0.0,346a288a9d1c341941ee4d762cf76108466753464a70b8abc560cf487163230c,True,0.03710225997479325,budget-dependent conditional ranking
0.9913445378151261,0.9525808991259059,0.9715762273901809,0.0491412213740458,49.1412213740458,0.9895973282250127,0.9978946025599518,82,223,16,30,-14,-141,5.125,finite,0.919359450957964,selective_fusion_primary_0.75,Reconnaissance,2026,0.05,0.6153874574406296,0.04890446976336547,True,0b7faf22430359c6f3a96ed9e2c6945a109e3741b71552707344e8dbb69c67dc,3b48e470b723b28928e41eb867aef5bda3ad73c9d667f43220673f45a18648d3,bec7dd5ec88dc2a0ccc7a07879d338395ed7421750f675fd0339e07dfe0648fa,benign calibration only; conservative >= cutoff with ties,frozen decisions on grouped internal development holdout,withheld_family,0.75,selective_fusion_primary_0.75,-0.0028463572683044003,-0.0016698473282442741,346a288a9d1c341941ee4d762cf76108466753464a70b8abc560cf487163230c,False,0.04942939521071805,budget-dependent conditional ranking
0.9912724221126613,0.9538123019157397,0.9721816423530381,0.04961832061068702,49.61832061068702,0.9895986284328763,0.9978949273142629,95,175,17,27,-10,-80,5.588235294117647,finite,0.9222190448956248,selective_fusion_primary_0.5,Reconnaissance,2026,0.05,0.6076904163773442,0.04960560911481157,True,0b7faf22430359c6f3a96ed9e2c6945a109e3741b71552707344e8dbb69c67dc,3b48e470b723b28928e41eb867aef5bda3ad73c9d667f43220673f45a18648d3,bec7dd5ec88dc2a0ccc7a07879d338395ed7421750f675fd0339e07dfe0648fa,benign calibration only; conservative >= cutoff with ties,frozen decisions on grouped internal development holdout,withheld_family,0.5,selective_fusion_primary_0.5,-0.0016149544784705983,-0.001192748091603052,346a288a9d1c341941ee4d762cf76108466753464a70b8abc560cf487163230c,False,0.06997462060392604,budget-dependent conditional ranking
0.9954090255530611,0.7965964834366231,0.8849742094640054,0.021708015267175574,21.708015267175572,0.9848437670712478,0.9967930740183807,39,0,90,0,90,39,0.43333333333333335,finite,0.5510437517872462,naive_or,Reconnaissance,2026,0.01,,,False,0b7faf22430359c6f3a96ed9e2c6945a109e3741b71552707344e8dbb69c67dc,3b48e470b723b28928e41eb867aef5bda3ad73c9d667f43220673f45a18648d3,bec7dd5ec88dc2a0ccc7a07879d338395ed7421750f675fd0339e07dfe0648fa,benign calibration only; conservative >= cutoff with ties,frozen decisions on grouped internal development holdout,withheld_family,1.0,naive_or,0.000787290308254418,0.010734732824427483,346a288a9d1c341941ee4d762cf76108466753464a70b8abc560cf487163230c,,,rank_or (naive OR has two cutoffs)
0.989249614528011,0.9325150897309082,0.9600448910456912,0.05987595419847328,59.87595419847328,0.9848437670712478,0.9967930740183807,488,0,230,0,230,488,2.121739130434783,finite,0.8531121914021542,naive_or,Reconnaissance,2026,0.03,,,False,0b7faf22430359c6f3a96ed9e2c6945a109e3741b71552707344e8dbb69c67dc,3b48e470b723b28928e41eb867aef5bda3ad73c9d667f43220673f45a18648d3,bec7dd5ec88dc2a0ccc7a07879d338395ed7421750f675fd0339e07dfe0648fa,benign calibration only; conservative >= cutoff with ties,frozen decisions on grouped internal development holdout,withheld_family,1.0,naive_or,0.009851222318670971,0.02743320610687023,346a288a9d1c341941ee4d762cf76108466753464a70b8abc560cf487163230c,,,rank_or (naive OR has two cutoffs)
0.9840447405214244,0.9661465167450592,0.9750134965825634,0.09255725190839695,92.55725190839695,0.9848437670712478,0.9967930740183807,531,0,350,0,350,531,1.5171428571428571,finite,0.9423315222571728,naive_or,Reconnaissance,2026,0.05,,,False,0b7faf22430359c6f3a96ed9e2c6945a109e3741b71552707344e8dbb69c67dc,3b48e470b723b28928e41eb867aef5bda3ad73c9d667f43220673f45a18648d3,bec7dd5ec88dc2a0ccc7a07879d338395ed7421750f675fd0339e07dfe0648fa,benign calibration only; conservative >= cutoff with ties,frozen decisions on grouped internal development holdout,withheld_family,1.0,naive_or,0.010719260350848914,0.041746183206106874,346a288a9d1c341941ee4d762cf76108466753464a70b8abc560cf487163230c,,,rank_or (naive OR has two cutoffs)
