held_family,model,budget,precision_count,precision_mean,precision_std,precision_min,precision_max,recall_count,recall_mean,recall_std,recall_min,recall_max,f1_count,f1_mean,f1_std,f1_min,f1_max,fpr_count,fpr_mean,fpr_std,fpr_min,fpr_max,false_alerts_per_1000_benign_count,false_alerts_per_1000_benign_mean,false_alerts_per_1000_benign_std,false_alerts_per_1000_benign_min,false_alerts_per_1000_benign_max,roc_auc_count,roc_auc_mean,roc_auc_std,roc_auc_min,roc_auc_max,pr_auc_count,pr_auc_mean,pr_auc_std,pr_auc_min,pr_auc_max,recovered_lightgbm_misses_count,recovered_lightgbm_misses_mean,recovered_lightgbm_misses_std,recovered_lightgbm_misses_min,recovered_lightgbm_misses_max,lost_lightgbm_detections_count,lost_lightgbm_detections_mean,lost_lightgbm_detections_std,lost_lightgbm_detections_min,lost_lightgbm_detections_max,additional_false_positives_count,additional_false_positives_mean,additional_false_positives_std,additional_false_positives_min,additional_false_positives_max,removed_false_positives_count,removed_false_positives_mean,removed_false_positives_std,removed_false_positives_min,removed_false_positives_max,net_additional_false_positives_count,net_additional_false_positives_mean,net_additional_false_positives_std,net_additional_false_positives_min,net_additional_false_positives_max,net_recovered_attacks_count,net_recovered_attacks_mean,net_recovered_attacks_std,net_recovered_attacks_min,net_recovered_attacks_max,recovered_per_additional_fp_count,recovered_per_additional_fp_mean,recovered_per_additional_fp_std,recovered_per_additional_fp_min,recovered_per_additional_fp_max,withheld_family_recall_count,withheld_family_recall_mean,withheld_family_recall_std,withheld_family_recall_min,withheld_family_recall_max,evaluation_budget_met_count,evaluation_budget_met_mean,evaluation_budget_met_std,evaluation_budget_met_min,evaluation_budget_met_max,recall_delta_count,recall_delta_mean,recall_delta_std,recall_delta_min,recall_delta_max,fpr_delta_count,fpr_delta_mean,fpr_delta_std,fpr_delta_min,fpr_delta_max,seed_count,zero_additional_fp_seed_count,pooled_recovered_per_additional_fp
none,lightgbm,0.01,3,0.9942628320468286,0.0007756174710476547,0.9934849416103257,0.9950361563917147,3,0.889286083629953,0.004820350560649935,0.8852423028373855,0.8946203232233784,3,0.9388435133260072,0.0024567511631565586,0.9365927302287771,0.9414642669928359,3,0.011203312360904027,0.0014499980883245364,0.009761388286334056,0.012661251791686574,3,11.203312360904027,1.449998088324535,9.761388286334057,12.661251791686574,3,0.9931220022392585,0.00024504180913876775,0.9928442654893812,0.9933076916730458,3,0.996818005521165,0.00010407715184460866,0.9966985387956941,0.9968890450620811,3,0.0,0.0,0,0,3,0.0,0.0,0,0,3,0.0,0.0,0,0,3,0.0,0.0,0,0,3,0.0,0.0,0,0,3,0.0,0.0,0,0,0,,,,,0,,,,,3,0.3333333333333333,0.5773502691896258,False,True,3,0.0,0.0,0.0,0.0,3,0.0,0.0,0.0,0.0,3,3,
none,ae_plain,0.01,3,0.9901357853543885,0.0006618037589867235,0.9895930776426567,0.9908730635282815,3,0.445041270140802,0.023155989761157562,0.4194155412884658,0.4644640799077987,3,0.6138335366555073,0.02217535848359435,0.5892003265560005,0.6322040862062526,3,0.009687426936177851,0.0008824265123108961,0.0091588334538443,0.010706122939973535,3,9.687426936177852,0.8824265123108973,9.1588334538443,10.706122939973536,3,0.8749042843245336,0.008718013618913114,0.8669944181392192,0.8842517376218233,3,0.9468564224248118,0.00395550830230543,0.9442725116600714,0.9514100644566781,3,55.0,19.0,36,74,3,8134.666666666667,454.62218746265916,7722,8622,3,69.0,0.0,69,69,3,81.66666666666667,14.153915830374762,73,98,3,-12.666666666666666,14.153915830374764,-29,-4,3,-8079.666666666667,466.6051149883949,-8586,-7667,3,0.7971014492753623,0.27536231884057977,0.5217391304347826,1.0724637681159421,0,,,,,3,0.6666666666666666,0.5773502691896258,False,True,3,-0.44424481348915085,0.02797634027886902,-0.47520478193491256,-0.4207782229295868,3,-0.0015158854247261742,0.0016881451088325223,-0.003463927376970854,-0.00048117406471791246,3,0,0.7971014492753623
none,ae_scaled,0.01,3,0.9695788351529812,0.019227199733006992,0.9516678012253234,0.9898957497995189,3,0.21157586237456857,0.13264462001084854,0.07645611156685808,0.34159840602169583,3,0.3344982920895851,0.18396945449983335,0.14154095373088996,0.5079208328189936,3,0.01073356446714824,0.00469262218852272,0.007525083612040134,0.016119331168050043,3,10.73356446714824,4.692622188522718,7.525083612040134,16.119331168050042,3,0.9118422103489722,0.010078615383473943,0.9015581169362175,0.9217019424047872,3,0.9427525044218316,0.010423775959770905,0.9310274523259866,0.9509703373015254,3,11.666666666666666,1.5275252316519468,10,13,3,12349.333333333334,2426.184315614404,10004,14849,3,87.0,37.322915213043046,63,130,3,91.0,14.106735979665885,78,106,3,-4.0,42.320207938997655,-43,41,3,-12337.666666666666,2427.2466568796285,-14839,-9992,3,0.1458450046685341,0.04525030693753624,0.1,0.19047619047619047,0,,,,,3,0.6666666666666666,0.5773502691896258,False,True,3,-0.6777102212553844,0.12950098499162743,-0.8115395132622368,-0.5530219172016826,3,-0.0004697478937557859,0.0050742233204556534,-0.00513616817964644,0.004932034163358596,3,0,0.13409961685823754
none,isolation_forest,0.01,3,0.9801760462357357,0.009009177502604788,0.9697787371829466,0.9856700863051621,3,0.32467894242000067,0.026217442586154473,0.2958674057406289,0.34713305291122426,3,0.48746254213671986,0.03079893207136664,0.4534062237174096,0.5133619807652957,3,0.014053874691280685,0.005343671746459816,0.010604965051819716,0.020209310718152292,3,14.053874691280683,5.343671746459817,10.604965051819715,20.20931071815229,3,0.8659653255957593,0.010802778097579051,0.8578330643811678,0.878222900537162,3,0.92393249399951,0.012978506627568625,0.9098054178330316,0.9353274202576569,3,11.666666666666666,2.0816659994661326,10,14,3,10283.333333333334,429.4069553853704,9903,10749,3,110.66666666666667,41.93248541803042,84,159,3,87.0,11.789826122551595,77,100,3,23.666666666666668,45.357836515130806,-11,75,3,-10271.666666666666,430.25147685200704,-10739,-9892,3,0.11771841801521682,0.052135825974668974,0.06289308176100629,0.16666666666666666,0,,,,,3,0.0,0.0,False,False,3,-0.5646071412099523,0.021966131384823645,-0.5893748970967565,-0.547487270312154,3,0.002850562330376658,0.005452411337305359,-0.0013139034878165302,0.009022013713460845,3,0,0.10542168674698796
none,ae_denoising,0.01,3,0.9797593467156184,0.006149887059364055,0.9755753875058712,0.9868204283360791,3,0.2160915003289996,0.129488928464788,0.11359037462400876,0.36161571812743537,3,0.34227007867585907,0.16816492299202448,0.2034878024884883,0.5292794601976062,3,0.008563795593848065,0.002172739678214701,0.006266570257893469,0.010585829423794057,3,8.563795593848063,2.172739678214702,6.266570257893468,10.585829423794058,3,0.9064721072278615,0.008156477603807052,0.8976307755931883,0.9137036924847589,3,0.9431930633658151,0.0020056738013581,0.9408974315385521,0.9446059892239922,3,41.333333333333336,37.072002014098636,17,84,3,12287.333333333334,2372.3271977813965,9625,14177,3,64.33333333333333,13.316656236958787,49,73,3,86.33333333333333,14.433756729740647,78,103,3,-22.0,14.798648586948742,-32,-5,3,-12246.0,2408.9522618765195,-14160,-9541,3,0.6071891229962948,0.4708215842684643,0.323943661971831,1.1506849315068493,0,,,,,3,0.6666666666666666,0.5773502691896258,False,True,3,-0.6731945833009534,0.13219798944305403,-0.7744052502050861,-0.5236265847099502,3,-0.002639516767055962,0.0017725796719026234,-0.003822264691829908,-0.0006014675808973906,3,0,0.6424870466321243
none,ae_latent,0.01,3,0.9482759498865967,0.01534658856667522,0.930567315834039,0.9576968272620446,3,0.12250701790690353,0.08351961583172317,0.06082576931591764,0.21755117721310577,3,0.21059207306079294,0.12699047108069733,0.11418775001298768,0.3544824502570981,3,0.013374725257657554,0.007190803061572259,0.008676789587852495,0.021652832912306026,3,13.374725257657554,7.190803061572261,8.676789587852495,21.652832912306028,3,0.9054739318863602,0.006982414050302122,0.8981995017548506,0.9121221444058164,3,0.9261177005687312,0.009983828535749193,0.9196799184145541,0.9376186839498671,3,15.666666666666666,8.082903768654761,11,25,3,13961.666666666666,1550.4471398062346,12191,15076,3,107.66666666666667,59.43343615620195,68,176,3,89.66666666666667,13.012814197295421,77,103,3,18.0,60.22457969965419,-24,87,3,-13946.0,1558.4418500540853,-15065,-12166,3,0.14768355558564047,0.012275016451436735,0.13924050632911392,0.16176470588235295,0,,,,,3,0.6666666666666666,0.5773502691896258,False,True,3,-0.7667790657230493,0.08757321994026247,-0.8337945539074607,-0.6676911256242797,3,0.0021714128967535284,0.007237978124582194,-0.002866698518872432,0.010465535907614579,3,0,0.14551083591331268
none,learned_fusion,0.01,3,0.9942011801990862,0.0009412358524816317,0.9933366238894373,0.9952038369304557,3,0.8861329463064659,0.0045349315483175145,0.8821689259645464,0.8910781492140801,3,0.9370565214160426,0.0023282825246174737,0.9347794481114245,0.9394328393044696,3,0.011282725424998676,0.0017651777684316754,0.009399855386840203,0.012900143334925944,3,11.282725424998675,1.765177768431674,9.399855386840203,12.900143334925943,3,0.9919296172675579,0.00042952715189148764,0.9914349808329538,0.9922084739119541,3,0.9957282084012912,0.00045543160064203016,0.9952047986692842,0.9960340679068431,3,80.0,21.79449471770337,65,105,3,137.33333333333334,20.79262689833426,122,161,3,14.333333333333334,4.041451884327381,10,18,3,13.666666666666666,2.081665999466133,12,16,3,0.6666666666666666,3.2145502536643185,-3,3,3,-57.333333333333336,6.110100926607786,-64,-52,3,5.87037037037037,1.9565759122537316,3.611111111111111,7.0,0,,,,,3,0.3333333333333333,0.5773502691896258,False,True,3,-0.0031531373234870244,0.00035592349039595796,-0.003542174009298238,-0.002843861088323796,3,7.941306409464954e-05,0.0003867109210472456,-0.0003615328994938539,0.0003608805485384326,3,0,5.5813953488372094
none,rank_or,0.01,3,0.9953672454025208,0.0012275909434188092,0.9943770533232247,0.9967407600547552,3,0.8521211140271179,0.014234590508464153,0.836259228876128,0.8637835464573843,3,0.9181417544699091,0.007771806582804435,0.9094748111580325,0.9244911744838321,3,0.008682813817068835,0.0024038240764298097,0.006025548324897566,0.010706122939973535,3,8.682813817068835,2.4038240764298098,6.025548324897565,10.706122939973536,3,0.9889167221873469,0.0008202628276694616,0.9879699452779704,0.9894133747637661,3,0.9947458143235902,0.00036082743406873693,0.9943448283194635,0.9950443078641598,3,16.0,7.0,9,23,3,692.3333333333334,270.8400511987349,414,955,3,38.0,3.4641016151377544,34,40,3,59.0,13.076696830622021,44,68,3,-21.0,14.798648586948742,-31,-4,3,-676.3333333333334,277.8314836971025,-946,-391,3,0.4132352941176471,0.1555698866084859,0.2647058823529412,0.575,0,,,,,3,0.6666666666666666,0.5773502691896258,False,True,3,-0.03716496960283496,0.015170684574614523,-0.05173639595296686,-0.021458756380001165,3,-0.002520498543835191,0.0017769140635001657,-0.0037358399614364907,-0.00048117406471791246,3,0,0.42105263157894735
none,fusion_control,0.01,3,0.9942628320468286,0.0007756174710476547,0.9934849416103257,0.9950361563917147,3,0.889286083629953,0.004820350560649935,0.8852423028373855,0.8946203232233784,3,0.9388435133260072,0.0024567511631565586,0.9365927302287771,0.9414642669928359,3,0.011203312360904027,0.0014499980883245364,0.009761388286334056,0.012661251791686574,3,11.203312360904027,1.449998088324535,9.761388286334057,12.661251791686574,3,0.9931220022392585,0.00024504180913876775,0.9928442654893812,0.9933076916730458,3,0.996818005521165,0.00010407715184460866,0.9966985387956941,0.9968890450620811,3,0.0,0.0,0,0,3,0.0,0.0,0,0,3,0.0,0.0,0,0,3,0.0,0.0,0,0,3,0.0,0.0,0,0,3,0.0,0.0,0,0,0,,,,,0,,,,,3,0.3333333333333333,0.5773502691896258,False,True,3,0.0,0.0,0.0,0.0,3,0.0,0.0,0.0,0.0,3,3,
none,fusion_latent,0.01,3,0.9941411426052048,0.0008448172577916524,0.9933378570106718,0.9950221238938053,3,0.8863159659579464,0.004567939445080888,0.8822238076944185,0.891244188620766,3,0.9371321956202374,0.002358435303348049,0.934810421028146,0.9395256571078503,3,0.011403236391496626,0.001574389332102675,0.009761388286334056,0.012900143334925944,3,11.403236391496627,1.5743893321026732,9.761388286334057,12.900143334925943,3,0.9919207102958589,0.0004266843164781546,0.9914303198800739,0.9922071054553053,3,0.9957639829948582,0.00046132453540710715,0.9952335255539551,0.9960714195879333,3,84.66666666666667,22.300971578236975,68,110,3,138.66666666666666,23.072349974229613,122,165,3,15.0,3.0,12,18,3,13.333333333333334,2.309401076758503,12,16,3,1.6666666666666667,1.5275252316519468,0,3,3,-54.0,7.54983443527075,-61,-46,3,5.814814814814814,1.833613895479491,3.7777777777777777,7.333333333333333,0,,,,,3,0.3333333333333333,0.5773502691896258,False,True,3,-0.0029701176720065003,0.0004322409049418223,-0.003376134602612324,-0.002515723270440251,3,0.00019992403059260083,0.00018356890493696662,0.0,0.0003608805485384326,3,0,5.644444444444445
none,fusion_ae_plain,0.01,3,0.9941472056657483,0.0007232220505577799,0.9936317546679857,0.9949739503524364,3,0.8873693662094122,0.002334316025496083,0.8848581307282806,0.8894731016161169,3,0.9377272597821967,0.0013458357933746495,0.9361862733712694,0.9386718065533556,3,0.011404721782535774,0.0013258772575806715,0.009881899252832008,0.01230291447682752,3,11.404721782535773,1.3258772575806717,9.881899252832008,12.302914476827521,3,0.9923225188298126,0.0004549545741407441,0.991823883215059,0.9927150342534616,3,0.9958748854080793,0.0005349388602540237,0.995353736399469,0.9964226225271662,3,36.333333333333336,17.09775813764288,25,56,3,71.0,42.579337712087536,35,118,3,9.333333333333334,2.8867513459481287,6,11,3,7.666666666666667,5.507570547286102,4,14,3,1.6666666666666667,5.033222956847166,-3,7,3,-34.666666666666664,50.54041287260456,-93,-4,3,4.717171717171717,4.000038261218908,2.272727272727273,9.333333333333334,0,,,,,3,0.3333333333333333,0.5773502691896258,False,True,3,-0.00191671742054067,0.0027989209326259395,-0.005147221607261443,-0.00021875854525565952,3,0.00020140942163174766,0.0006042711438612862,-0.000358337314859054,0.0008420546132563451,3,0,3.892857142857143
none,fusion_ae_plain_latent,0.01,3,0.9942881201580273,0.0006477467351226762,0.993801524824893,0.9950233472597689,3,0.8839083637182457,0.0046243791362515765,0.8786564952527304,0.8873699357980961,3,0.9358506277309431,0.0026548352838534116,0.932793427913887,0.9375749247098039,3,0.011084714333844134,0.0011630464451026928,0.009761388286334056,0.011944577161968466,3,11.084714333844135,1.1630464451026918,9.761388286334057,11.944577161968466,3,0.9919069824680996,0.0005887491113482216,0.9912276740604629,0.9922696710288393,3,0.9957085719316964,0.0005523579642734505,0.9951163618610662,0.9962097738828328,3,66.33333333333333,18.009256878986797,48,84,3,164.0,49.24428900898052,109,204,3,15.666666666666666,6.110100926607787,9,21,3,16.666666666666668,9.291573243177568,9,27,3,-1.0,4.58257569495584,-6,3,3,-97.66666666666667,48.52147290976782,-131,-42,3,4.890445066915656,2.579739225025848,2.2857142857142856,7.444444444444445,0,,,,,3,0.3333333333333333,0.5773502691896258,False,True,3,-0.005377719911707324,0.0026886252956868214,-0.007250387425282279,-0.0022969647251845915,3,-0.0001185980270598918,0.0005484800903986811,-0.000716674629718108,0.0003608805485384326,3,0,4.23404255319149
none,fusion_ae_denoising,0.01,3,0.9941435622741279,0.000932233266471678,0.993485342019544,0.9952103162419405,3,0.8896540376776901,0.00441972688929866,0.8863549357396774,0.8946756696922736,3,0.9389958514741427,0.002167325542120598,0.9376337865201041,0.9414950930428958,3,0.01144368194294451,0.0017807868309351424,0.009399855386840203,0.012661251791686574,3,11.443681942944508,1.780786830935143,9.399855386840203,12.661251791686574,3,0.9924388768199016,0.00031376333626881097,0.9920960307081005,0.9927117387189721,3,0.9958323228989586,0.000387267333465006,0.9953952776738287,0.9961328186227398,3,34.333333333333336,20.256686138984662,18,57,3,27.666666666666668,26.6520793435209,8,58,3,6.0,3.0,3,9,3,4.0,3.4641016151377544,0,6,3,2.0,6.244997998398398,-3,9,3,6.666666666666667,39.80368492154129,-30,49,3,6.222222222222222,3.1681283176407233,3.0,9.333333333333334,0,,,,,3,0.3333333333333333,0.5773502691896258,False,True,3,0.0003679540477372993,0.0021818083826615443,-0.001640689089417502,0.002689204763734132,3,0.00024036958204048248,0.0007514939661521215,-0.0003615328994938539,0.0010826416456153013,3,0,5.722222222222222
none,fusion_ae_denoising_latent,0.01,3,0.9942011801990862,0.0009412358524816317,0.9933366238894373,0.9952038369304557,3,0.8861329463064659,0.0045349315483175145,0.8821689259645464,0.8910781492140801,3,0.9370565214160426,0.0023282825246174737,0.9347794481114245,0.9394328393044696,3,0.011282725424998676,0.0017651777684316754,0.009399855386840203,0.012900143334925944,3,11.282725424998675,1.765177768431674,9.399855386840203,12.900143334925943,3,0.9919296172675579,0.00042952715189148764,0.9914349808329538,0.9922084739119541,3,0.9957282084012912,0.00045543160064203016,0.9952047986692842,0.9960340679068431,3,80.0,21.79449471770337,65,105,3,137.33333333333334,20.79262689833426,122,161,3,14.333333333333334,4.041451884327381,10,18,3,13.666666666666666,2.081665999466133,12,16,3,0.6666666666666666,3.2145502536643185,-3,3,3,-57.333333333333336,6.110100926607786,-64,-52,3,5.87037037037037,1.9565759122537316,3.611111111111111,7.0,0,,,,,3,0.3333333333333333,0.5773502691896258,False,True,3,-0.0031531373234870244,0.00035592349039595796,-0.003542174009298238,-0.002843861088323796,3,7.941306409464954e-05,0.0003867109210472456,-0.0003615328994938539,0.0003608805485384326,3,0,5.5813953488372094
none,fusion_ae_scaled,0.01,3,0.9945313671220445,0.001053186389171165,0.9936003938219187,0.9956744732126306,3,0.8862180131030551,0.00658601652419093,0.881214109926169,0.8936794332521585,3,0.9372448752298402,0.003274021961077951,0.9349541603806429,0.9409947842303097,3,0.010641710463938588,0.0020270386637607483,0.008435767654856591,0.012422360248447204,3,10.641710463938589,2.0270386637607487,8.435767654856592,12.422360248447205,3,0.9923600172533367,0.0004738978545621999,0.9920001741849584,0.9928969596568931,3,0.995471583491294,0.0006027729910153951,0.9950502612771683,0.9961620372333678,3,9.666666666666666,1.1547005383792517,9,11,3,65.66666666666667,58.44940832321003,28,133,3,5.666666666666667,2.081665999466133,4,8,3,10.333333333333334,7.571877794400365,5,19,3,-4.666666666666667,5.507570547286102,-11,-1,3,-56.0,59.10160742314882,-124,-17,3,1.8583333333333334,0.6355771655222782,1.125,2.25,0,,,,,3,0.3333333333333333,0.5773502691896258,False,True,3,-0.003068070526897726,0.0032272898194972734,-0.006781514902925889,-0.0009408899712198826,3,-0.0005616018969654378,0.000664311555687273,-0.0013256206314774654,-0.00012029351617947812,3,0,1.7058823529411764
none,fusion_ae_scaled_latent,0.01,3,0.9940578189544138,0.0007230725637861565,0.9933308632826973,0.9947769448199583,3,0.8860756396697415,0.003922919210901884,0.8825530980736512,0.8903032986495462,3,0.9369620767913952,0.0020025856204609013,0.9349962207105065,0.9389994746366237,3,0.011563917680160561,0.0013284255307072833,0.010243432152325862,0.012900143334925944,3,11.563917680160563,1.328425530707282,10.243432152325862,12.900143334925943,3,0.9919430850062687,0.0005010459297536391,0.9914003669860008,0.9923880524452879,3,0.9959335163436466,0.00034327384904300675,0.9955574677944129,0.9962300650482375,3,78.33333333333333,36.89625093872456,47,119,3,136.66666666666666,27.42869543622761,117,168,3,16.0,2.6457513110645907,14,19,3,13.0,3.605551275463989,10,17,3,3.0,1.0,2,4,3,-58.333333333333336,17.03917055884274,-78,-48,3,5.111862990810359,2.73443577061756,2.473684210526316,7.933333333333334,0,,,,,3,0.0,0.0,False,False,3,-0.0032104439602115287,0.0009588627453939477,-0.004317024573832207,-0.0026251025430681363,3,0.0003606053192565361,0.00012157639502939867,0.0002388915432393699,0.00048204386599180575,3,0,4.895833333333333
none,selective_fusion,0.01,3,0.9941423465510438,0.0009642609910029103,0.9931216606276485,0.9950379808870375,3,0.8895246046633364,0.0049922438277914755,0.8852423028373855,0.8950077485056454,3,0.9389219452304828,0.002472025553620221,0.9365927302287771,0.9415155308433525,3,0.011442203904143395,0.0018216943119377038,0.009761388286334056,0.013377926421404682,3,11.442203904143396,1.821694311937703,9.761388286334057,13.377926421404682,3,0.9928857485321297,0.00021982975738789854,0.9926375198797729,0.9930558196243504,3,0.99671864132228,9.404326983924377e-05,0.9966108254427559,0.9967837715030791,3,4.333333333333333,3.7859388972001824,0,7,3,0.0,0.0,0,0,3,2.0,3.4641016151377544,0,6,3,0.0,0.0,0,0,3,2.0,3.4641016151377544,0,6,3,4.333333333333333,3.7859388972001824,0,7,1,1.1666666666666667,,1.1666666666666667,1.1666666666666667,0,,,,,3,0.3333333333333333,0.5773502691896258,False,True,3,0.00023852103338350972,0.00020868148787807564,0.0,0.00038742528226698436,3,0.00023889154323936934,0.000413772290389125,0.0,0.000716674629718108,3,2,2.1666666666666665
none,selective_fusion_primary_0.75,0.01,3,0.994193017252147,0.0007609855020330512,0.9933995435198322,0.9949167074963253,3,0.8880871724527717,0.003398580287653823,0.8845288403490478,0.8912995350896613,3,0.9381466294861687,0.001754709818494167,0.9361912230257616,0.9395840018670323,3,0.011323468262442555,0.001394140272713925,0.010002410219329958,0.012780697563306258,3,11.323468262442555,1.3941402727139258,10.00241021932996,12.780697563306259,3,0.9928626459763955,0.00020826748094104487,0.9926236558556261,0.9930053387790945,3,0.9967078129649014,9.225400073540528e-05,0.9966043243827346,0.9967814292854406,3,62.0,11.357816691600547,49,70,3,83.66666666666667,23.71356854910988,62,109,3,11.0,5.5677643628300215,6,17,3,10.0,5.291502622129181,6,16,3,1.0,1.0,0,2,3,-21.666666666666668,34.81857741685225,-60,8,3,7.016339869281045,4.142181034078834,2.8823529411764706,11.166666666666666,0,,,,,3,0.0,0.0,False,False,3,-0.0011989111771811463,0.001925606362094922,-0.0033207881337170564,0.00043751709051131904,3,0.0001201559015385287,0.00012051253569503256,0.0,0.000241021932995902,3,0,5.636363636363637
none,selective_fusion_primary_0.5,0.01,3,0.9943971593116157,0.000756134104439064,0.9936313609101589,0.9951432435755564,3,0.8848110093369312,0.004847512631799758,0.8797541298501729,0.8894177551472217,3,0.9364034810231723,0.0025821818571742055,0.933577938906846,0.9386408107239859,3,0.010883232428772897,0.0013921438704178899,0.009520366353338154,0.01230291447682752,3,10.883232428772898,1.392143870417892,9.520366353338154,12.302914476827521,3,0.9928280858152633,0.00020785007251429504,0.992588329001717,0.9929574064364374,3,0.9966911940747621,9.448125945481162e-05,0.9965872673033761,0.9967718999034643,3,67.33333333333333,11.239810200058242,55,77,3,148.66666666666666,28.5014619508076,120,177,3,12.333333333333334,4.041451884327381,10,17,3,15.0,4.358898943540674,12,20,3,-2.6666666666666665,0.5773502691896258,-3,-2,3,-81.33333333333333,27.300793639257694,-100,-50,3,5.978431372549021,2.401270809263982,3.235294117647059,7.7,0,,,,,3,0.3333333333333333,0.5773502691896258,False,True,3,-0.004475074293021741,0.0015141463503893094,-0.005488172987212603,-0.0027344818156959105,3,-0.0003200799321311301,6.847804341419431e-05,-0.00036088054853843435,-0.000241021932995902,3,0,5.45945945945946
none,lightgbm,0.03,3,0.985206362179158,0.0018242744726167039,0.9832064617351386,0.9867792661619104,3,0.9297692389422659,0.00579923346637945,0.9262389550518633,0.9364622537082135,3,0.9566751818816145,0.0022728151386301625,0.9550135808057945,0.9592652436431669,3,0.030489340791091796,0.0036652128696850464,0.02735598939503495,0.034519827998088864,3,30.489340791091795,3.6652128696850474,27.35598939503495,34.519827998088864,3,0.9931220022392585,0.00024504180913876775,0.9928442654893812,0.9933076916730458,3,0.996818005521165,0.00010407715184460866,0.9966985387956941,0.9968890450620811,3,0.0,0.0,0,0,3,0.0,0.0,0,0,3,0.0,0.0,0,0,3,0.0,0.0,0,0,3,0.0,0.0,0,0,3,0.0,0.0,0,0,0,,,,,0,,,,,3,0.6666666666666666,0.5773502691896258,False,True,3,0.0,0.0,0.0,0.0,3,0.0,0.0,0.0,0.0,3,3,
none,ae_plain,0.03,3,0.9819334198625888,0.0023323100727905455,0.9798211600854633,0.9844364219815483,3,0.6749213587177216,0.009728182801639236,0.6660103910308997,0.6852999778614124,3,0.7999512793088394,0.006477608902178851,0.7935618402189496,0.8065135971340173,3,0.02713087507662305,0.003583674157022714,0.023336942138818716,0.030458671763019588,3,27.130875076623052,3.5836741570227137,23.336942138818717,30.458671763019588,3,0.8749042843245336,0.008718013618913114,0.8669944181392192,0.8842517376218233,3,0.9468564224248118,0.00395550830230543,0.9442725116600714,0.9514100644566781,3,51.666666666666664,17.7857620959388,39,72,3,4688.0,134.10070842467613,4577,4837,3,188.0,31.432467291003423,154,216,3,216.0,30.265491900843113,192,250,3,-28.0,27.49545416973504,-52,2,3,-4636.333333333333,116.50035765324203,-4765,-4538,3,0.279134620629466,0.09545945123932824,0.18055555555555555,0.3711340206185567,0,,,,,3,0.6666666666666666,0.5773502691896258,False,True,3,-0.2548478802245444,0.005043825860576036,-0.26059611703582175,-0.25116227584680106,3,-0.003358465714468744,0.003304657235342311,-0.006255262841332855,0.00024102193299590027,3,0,0.274822695035461
none,ae_scaled,0.03,3,0.9653893731359361,0.008668492550876405,0.9561848408002254,0.9733975461529641,3,0.433174611559515,0.05293913320433427,0.37248230064211624,0.46983617445206993,3,0.5968878082172021,0.05302655772508855,0.5361191200284371,0.6337675911754824,3,0.0333167906218308,0.005023336414488893,0.02771141901576684,0.037411283531817635,3,33.316790621830805,5.023336414488892,27.711419015766843,37.41128353181764,3,0.9118422103489722,0.010078615383473943,0.9015581169362175,0.9217019424047872,3,0.9427525044218316,0.010423775959770905,0.9310274523259866,0.9509703373015254,3,44.666666666666664,16.802777548171413,30,63,3,9079.333333333334,915.4552601483775,8461,10131,3,253.66666666666666,48.6449723335653,203,300,3,230.33333333333334,32.25419869309007,196,260,3,23.333333333333332,69.58687615731384,-57,65,3,-9034.666666666666,917.0999582015763,-10090,-8431,3,0.1762119881366072,0.05912908820601719,0.13666666666666666,0.2441860465116279,0,,,,,3,0.3333333333333333,0.5773502691896258,False,True,3,-0.49659462738275106,0.04952320923242795,-0.553756654409747,-0.4666260792561435,3,0.002827449830739006,0.008346706101855766,-0.006808408982322024,0.007819078551666064,3,0,0.17608409986859397
none,isolation_forest,0.03,3,0.9635424917860185,0.003526331556515816,0.9594757457065382,0.965752490107791,3,0.3859516680665029,0.03388772317283721,0.3495417375555678,0.4165709598031173,3,0.5506014636562755,0.035290810476353664,0.5124099923568929,0.5820057306590258,3,0.03174644612758704,0.001552720247668104,0.029980888676540852,0.03289949385394071,3,31.746446127587046,1.5527202476681048,29.98088867654085,32.89949385394071,3,0.8659653255957593,0.010802778097579051,0.8578330643811678,0.878222900537162,3,0.92393249399951,0.012978506627568625,0.9098054178330316,0.9353274202576569,3,19.333333333333332,5.033222956847167,14,24,3,9911.333333333334,587.5553874600533,9350,10522,3,244.0,19.157244060668017,222,257,3,233.66666666666666,26.50157228040128,207,260,3,10.333333333333334,43.408908455907216,-38,46,3,-9892.0,592.5841712364581,-10508,-9326,3,0.07980881944678257,0.022069319555263863,0.054474708171206226,0.09486166007905138,0,,,,,3,0.3333333333333333,0.5773502691896258,False,True,3,-0.5438175708757632,0.033339994721728515,-0.5766972174962954,-0.5100355482636041,3,0.0012571053364952463,0.005207992931921534,-0.004538939321548013,0.005543504458905762,3,0,0.07923497267759563
none,ae_denoising,0.03,3,0.9693558552153312,0.0033846157178612063,0.965625,0.9722293319682621,3,0.46500257510818405,0.03883335341308416,0.4204671241974762,0.4917951813841172,3,0.6278136257771231,0.0354753050793858,0.5870489143033769,0.651685393258427,3,0.03231727867455662,0.006233956293370742,0.025919732441471572,0.03837363166125346,3,32.31727867455661,6.233956293370739,25.91973244147157,38.373631661253455,3,0.9064721072278615,0.008156477603807052,0.8976307755931883,0.9137036924847589,3,0.9431930633658151,0.0020056738013581,0.9408974315385521,0.9446059892239922,3,65.0,29.512709126747414,31,84,3,8516.666666666666,732.2904706012046,7996,9354,3,229.0,47.0,182,276,3,214.0,35.79106033634656,185,254,3,15.0,76.72678802087313,-72,73,3,-8451.666666666666,761.1940181933471,-9323,-7916,3,0.2756656566225581,0.09900683520674942,0.17032967032967034,0.36681222707423583,0,,,,,3,0.3333333333333333,0.5773502691896258,False,True,3,-0.464766663834082,0.04461432758117944,-0.5159951295107372,-0.43444377366774606,3,0.001827937883464818,0.009196938304639172,-0.008600095556617292,0.008781426681101889,3,0,0.2838427947598253
none,ae_latent,0.03,3,0.955107586909253,0.008782851601221395,0.9468721251149954,0.9643508771929824,3,0.3240366126387571,0.08337002929583302,0.2278614124418862,0.3757724911129341,3,0.47992371854855315,0.09761959925924207,0.36732690935046397,0.5408107044470681,3,0.03235218815353272,0.005830079258343709,0.027591973244147156,0.03885480572597137,3,32.35218815353272,5.830079258343705,27.59197324414716,38.85480572597137,3,0.9054739318863602,0.006982414050302122,0.8981995017548506,0.9121221444058164,3,0.9261177005687312,0.009983828535749193,0.9196799184145541,0.9376186839498671,3,65.33333333333333,25.16611478423583,42,92,3,11078.0,1531.4623730278195,10134,12845,3,248.0,49.51767361255979,210,304,3,232.66666666666666,32.86842456421259,203,268,3,15.333333333333334,68.25198409814423,-58,77,3,-11012.666666666666,1551.1416225907078,-12803,-10072,3,0.25739893211289094,0.05238629708630188,0.2,0.3026315789473684,0,,,,,3,0.3333333333333333,0.5773502691896258,False,True,3,-0.6057326263035089,0.08915382779456528,-0.7086008412663273,-0.5508340169537873,3,0.0018628473624409253,0.008184361068881492,-0.006927854753941708,0.009262600745819801,3,0,0.26344086021505375
none,learned_fusion,0.03,3,0.9855084366611867,0.0011769729915367636,0.9843066332185987,0.9866588989222255,3,0.9284085019993521,0.0047021926726813126,0.9251962021842929,0.9338056232012397,3,0.9561008081486911,0.0020534964418760532,0.9544245031987771,0.9583913204010338,3,0.029813474130019026,0.002268636631806105,0.02759701132803085,0.032130912565695176,3,29.813474130019028,2.268636631806104,27.597011328030852,32.130912565695176,3,0.9919296172675579,0.00042952715189148764,0.9914349808329538,0.9922084739119541,3,0.9957282084012912,0.00045543160064203016,0.9952047986692842,0.9960340679068431,3,34.0,13.74772708486752,19,46,3,58.666666666666664,12.741009902410928,44,67,3,11.666666666666666,6.027713773341707,6,18,3,17.333333333333332,8.504900548115383,9,26,3,-5.666666666666667,12.423096769056148,-20,2,3,-24.666666666666668,21.07921567168317,-48,-7,3,3.028619528619528,0.42135662726411127,2.5555555555555554,3.3636363636363638,0,,,,,3,0.6666666666666666,0.5773502691896258,False,True,3,-0.0013607369429138687,0.0011697779639028437,-0.002656630506973734,-0.0003828274541974874,3,-0.0006758666610727713,0.0014847713316702438,-0.0023889154323936887,0.00024102193299590027,3,0,2.914285714285714
none,rank_or,0.03,3,0.9851944251997219,0.001827325120420926,0.9837750135208221,0.9872561924135456,3,0.9048144820332827,0.0020630898790506198,0.9024336888159694,0.9060770422847022,3,0.9432925573987493,0.0003346760381242026,0.942941226892197,0.9436076256895418,3,0.029691738297287756,0.003526641704475781,0.02566883586406363,0.032250358337314856,3,29.691738297287756,3.5266417044757796,25.66883586406363,32.25035833731486,3,0.9889167221873469,0.0008202628276694616,0.9879699452779704,0.9894133747637661,3,0.9947458143235902,0.00036082743406873693,0.9943448283194635,0.9950443078641598,3,27.0,16.3707055437449,13,45,3,480.6666666666667,74.74177769717103,415,562,3,105.33333333333333,7.505553499465137,101,114,3,112.0,22.64950330581225,88,133,3,-6.666666666666667,17.21433511156714,-19,13,3,-453.6666666666667,90.06849245620431,-549,-370,3,0.26243413815065714,0.1684585730217388,0.11403508771929824,0.44554455445544555,0,,,,,3,0.3333333333333333,0.5773502691896258,False,True,3,-0.024954756908983227,0.005084779823109024,-0.03038521142351125,-0.02030624005268644,3,-0.0007976024938040385,0.0020656705860035364,-0.002269469660774008,0.001563815710333212,3,0,0.2563291139240506
none,fusion_control,0.03,3,0.985206362179158,0.0018242744726167039,0.9832064617351386,0.9867792661619104,3,0.9297692389422659,0.00579923346637945,0.9262389550518633,0.9364622537082135,3,0.9566751818816145,0.0022728151386301625,0.9550135808057945,0.9592652436431669,3,0.030489340791091796,0.0036652128696850464,0.02735598939503495,0.034519827998088864,3,30.489340791091795,3.6652128696850474,27.35598939503495,34.519827998088864,3,0.9931220022392585,0.00024504180913876775,0.9928442654893812,0.9933076916730458,3,0.996818005521165,0.00010407715184460866,0.9966985387956941,0.9968890450620811,3,0.0,0.0,0,0,3,0.0,0.0,0,0,3,0.0,0.0,0,0,3,0.0,0.0,0,0,3,0.0,0.0,0,0,3,0.0,0.0,0,0,0,,,,,0,,,,,3,0.6666666666666666,0.5773502691896258,False,True,3,0.0,0.0,0.0,0.0,3,0.0,0.0,0.0,0.0,3,3,
none,fusion_latent,0.03,3,0.9855248421951311,0.0012324522106839995,0.984303886101062,0.9867684775005829,3,0.9282255463790579,0.004699760054712886,0.9251962021842929,0.9336395837945539,3,0.9560114219456547,0.0020387149292273718,0.9543974863418915,0.9583025620632847,3,0.02977323132441355,0.0023880187244035393,0.02735598939503495,0.032130912565695176,3,29.773231324413548,2.3880187244035413,27.35598939503495,32.130912565695176,3,0.9919207102958589,0.0004266843164781546,0.9914303198800739,0.9922071054553053,3,0.9957639829948582,0.00046132453540710715,0.9952335255539551,0.9960714195879333,3,33.333333333333336,13.576941236277536,19,46,3,61.333333333333336,10.969655114602888,49,70,3,12.0,6.557438524302,6,19,3,18.0,7.54983443527075,11,26,3,-6.0,12.165525060596439,-20,2,3,-28.0,20.074859899884732,-51,-14,3,2.9231791600212653,0.43492031457152813,2.4210526315789473,3.1818181818181817,0,,,,,3,0.6666666666666666,0.5773502691896258,False,True,3,-0.0015436925632082616,0.001116258535004473,-0.002822669913659537,-0.0007656549083948638,3,-0.0007161094666782453,0.0014536782241041876,-0.0023889154323936887,0.00024058703235895276,3,0,2.7777777777777777
none,fusion_ae_plain,0.03,3,0.9858108565188674,0.0016084002238057218,0.984295638974838,0.9874985395490128,3,0.9280611077520237,0.004522653949132716,0.9244736122504785,0.9331414655744964,3,0.956058154927146,0.0017173596485280747,0.9549473208485156,0.9580361962667273,3,0.029170821458802777,0.0031917138103694943,0.025789346830561583,0.032130912565695176,3,29.170821458802777,3.1917138103694964,25.78934683056158,32.130912565695176,3,0.9923225188298126,0.0004549545741407441,0.991823883215059,0.9927150342534616,3,0.9958748854080793,0.0005349388602540237,0.995353736399469,0.9964226225271662,3,14.0,4.358898943540674,9,17,3,45.0,31.0,10,69,3,4.666666666666667,0.5773502691896257,4,5,3,15.666666666666666,10.066445913694333,5,25,3,-11.0,10.14889156509222,-20,0,3,-31.0,33.71943060017473,-60,6,3,3.0833333333333335,1.2291596044994861,1.8,4.25,0,,,,,3,0.6666666666666666,0.5773502691896258,False,True,3,-0.001708131190242416,0.0018617430081244637,-0.0033207881337170564,0.0003292903792326829,3,-0.0013185193322890188,0.0012136321887394003,-0.0023889154323936887,0.0,3,0,3.0
none,fusion_ae_plain_latent,0.03,3,0.9857677918632793,0.0011416539825218133,0.984524643774819,0.9867692487031532,3,0.9278031732887748,0.004633644577072719,0.9244278579660831,0.933086119105601,3,0.9559017745320931,0.0019997180917217705,0.9542261500113302,0.9581154807910889,3,0.029253089747048867,0.002192273760471492,0.02735598939503495,0.03165312947921643,3,29.25308974704887,2.1922737604714926,27.35598939503495,31.653129479216435,3,0.9919069824680996,0.0005887491113482216,0.9912276740604629,0.9922696710288393,3,0.9957085719316964,0.0005523579642734505,0.9951163618610662,0.9962097738828328,3,29.333333333333332,10.263202878893768,18,38,3,65.0,17.776388834631177,45,79,3,11.0,2.6457513110645907,8,13,3,21.333333333333332,10.066445913694334,12,32,3,-10.333333333333334,12.342339054382412,-24,0,3,-35.666666666666664,24.110855093366833,-61,-13,3,2.6132478632478633,0.3397032712731761,2.25,2.923076923076923,0,,,,,3,0.6666666666666666,0.5773502691896258,False,True,3,-0.0019660656534912224,0.0013393257008043659,-0.003376134602612435,-0.0007109652720810322,3,-0.0012362510440429263,0.0014734426419307973,-0.002866698518872432,0.0,3,0,2.6666666666666665
none,fusion_ae_denoising,0.03,3,0.9852607838147214,0.002067285345410941,0.9831463939094555,0.9872775021885031,3,0.9295143242746774,0.005947846077093014,0.9251845775225594,0.9362962143015275,3,0.9565647911141474,0.0022390021933788146,0.9552230378317335,0.9591495393338058,3,0.030368112342436967,0.004186667972206203,0.026271390696553387,0.03463927376970855,3,30.368112342436962,4.186667972206204,26.271390696553386,34.63927376970855,3,0.9924388768199016,0.00031376333626881097,0.9920960307081005,0.9927117387189721,3,0.9958323228989586,0.000387267333465006,0.9953952776738287,0.9961328186227398,3,14.333333333333334,7.637626158259733,6,21,3,19.0,19.974984355438178,6,42,3,3.3333333333333335,1.5275252316519468,2,5,3,4.333333333333333,6.6583281184793925,0,12,3,-1.0,7.211102550927978,-9,5,3,-4.666666666666667,20.55075018906447,-26,15,3,4.177777777777778,1.1668253860288957,3.0,5.333333333333333,0,,,,,3,0.3333333333333333,0.5773502691896258,False,True,3,-0.00025491466758868303,0.0011252137697639905,-0.0014219305441619534,0.0008232259480818183,3,-0.00012122844865482957,0.0008684169130338575,-0.0010845986984815634,0.0006014675808973871,3,0,4.3
none,fusion_ae_denoising_latent,0.03,3,0.9855084366611867,0.0011769729915367636,0.9843066332185987,0.9866588989222255,3,0.9284085019993521,0.0047021926726813126,0.9251962021842929,0.9338056232012397,3,0.9561008081486911,0.0020534964418760532,0.9544245031987771,0.9583913204010338,3,0.029813474130019026,0.002268636631806105,0.02759701132803085,0.032130912565695176,3,29.813474130019028,2.268636631806104,27.597011328030852,32.130912565695176,3,0.9919296172675579,0.00042952715189148764,0.9914349808329538,0.9922084739119541,3,0.9957282084012912,0.00045543160064203016,0.9952047986692842,0.9960340679068431,3,34.0,13.74772708486752,19,46,3,58.666666666666664,12.741009902410928,44,67,3,11.666666666666666,6.027713773341707,6,18,3,17.333333333333332,8.504900548115383,9,26,3,-5.666666666666667,12.423096769056148,-20,2,3,-24.666666666666668,21.07921567168317,-48,-7,3,3.028619528619528,0.42135662726411127,2.5555555555555554,3.3636363636363638,0,,,,,3,0.6666666666666666,0.5773502691896258,False,True,3,-0.0013607369429138687,0.0011697779639028437,-0.002656630506973734,-0.0003828274541974874,3,-0.0006758666610727713,0.0014847713316702438,-0.0023889154323936887,0.00024102193299590027,3,0,2.914285714285714
none,fusion_ae_scaled,0.03,3,0.9853093372670676,0.0020074078799506697,0.9832499709200884,0.987260402057036,3,0.928928687830236,0.006073965067221756,0.9239267158873393,0.9356874031436795,3,0.9562771021157014,0.002294530488649346,0.9545441704099218,0.9588792467812376,3,0.030248383989297353,0.004067320478065545,0.026271390696553387,0.034400382226469184,3,30.24838398929735,4.067320478065547,26.271390696553386,34.40038222646918,3,0.9923600172533367,0.0004738978545621999,0.9920001741849584,0.9928969596568931,3,0.995471583491294,0.0006027729910153951,0.9950502612771683,0.9961620372333678,3,12.333333333333334,8.082903768654761,5,21,3,27.666666666666668,28.98850346832919,4,60,3,4.666666666666667,2.081665999466133,3,7,3,6.666666666666667,8.32666399786453,0,16,3,-2.0,6.557438524302,-9,4,3,-15.333333333333334,33.02019584032374,-49,17,3,2.829365079365079,2.0968721081515835,1.5714285714285714,5.25,0,,,,,3,0.3333333333333333,0.5773502691896258,False,True,3,-0.0008405511120299636,0.0018072866736280856,-0.002679792179382079,0.0009329894078261569,3,-0.000240956801794445,0.000789927075327164,-0.0010845986984815634,0.000481174064717909,3,0,2.642857142857143
none,fusion_ae_scaled_latent,0.03,3,0.9854327474650469,0.001263330647895082,0.9840862722238415,0.9865920485018072,3,0.9284291134136197,0.005136546941324367,0.9253608473739092,0.9343590878901926,3,0.9560748221428493,0.002186360375766382,0.9545403079710145,0.9585782017431792,3,0.02997280764228476,0.002467698926824642,0.027717522294528802,0.03260869565217391,3,29.972807642284764,2.4676989268246445,27.717522294528802,32.608695652173914,3,0.9919430850062687,0.0005010459297536391,0.9914003669860008,0.9923880524452879,3,0.9959335163436466,0.00034327384904300675,0.9955574677944129,0.9962300650482375,3,31.666666666666668,17.55942292142123,15,50,3,56.0,8.888194417315589,49,66,3,13.333333333333334,5.033222956847167,8,18,3,17.666666666666668,6.506407098647712,11,24,3,-4.333333333333333,10.214368964029708,-16,3,3,-24.333333333333332,11.930353445448855,-38,-16,3,2.2652116402116405,0.46365924586866536,1.875,2.7777777777777777,0,,,,,3,0.6666666666666666,0.5773502691896258,False,True,3,-0.0013401255286464482,0.000665697185722242,-0.0021031658180208357,-0.0008781076779540431,3,-0.0005165331488070334,0.0012212111610137891,-0.0019111323459149523,0.00036153289949385214,3,0,2.375
none,selective_fusion,0.03,3,0.985208222305944,0.0018223317376315658,0.9832103642595712,0.9867792661619104,3,0.9298796220540412,0.005893861618037429,0.9263487185116075,0.9366836395837945,3,0.9567342228052493,0.0023187349425566077,0.9550727097832853,0.9593832374365806,3,0.030489340791091796,0.0036652128696850464,0.02735598939503495,0.034519827998088864,3,30.489340791091795,3.6652128696850474,27.35598939503495,34.519827998088864,3,0.9929506518195778,0.00022796290842944675,0.9926906157912965,0.9931160680768443,3,0.9967468876402017,9.914538930238589e-05,0.9966339964675117,0.9968198103490634,3,2.0,2.0,0,4,3,0.0,0.0,0,0,3,0.0,0.0,0,0,3,0.0,0.0,0,0,3,0.0,0.0,0,0,3,2.0,2.0,0,4,0,,,,,0,,,,,3,0.6666666666666666,0.5773502691896258,False,True,3,0.00011038311177509937,0.00011069423857265032,0.0,0.00022138587558107048,3,0.0,0.0,0.0,0.0,3,3,
none,selective_fusion_primary_0.75,0.03,3,0.9854891862267575,0.0011771170815100072,0.9843048019137639,0.9866588989222255,3,0.9284081921733368,0.004601385651728273,0.9253059656440371,0.9336949302634492,3,0.9560918097840311,0.0020073683427333554,0.9544566786492683,0.9583321498565626,3,0.029853571968745513,0.0022670220473474385,0.02759701132803085,0.032130912565695176,3,29.853571968745516,2.2670220473474365,27.597011328030852,32.130912565695176,3,0.9929251501531292,0.00022339230020688384,0.9926703545102934,0.993087383374439,3,0.9967358377845911,9.71750616129924e-05,0.9966252812775838,0.9968077273796494,3,33.666666666666664,14.29452109492771,18,46,3,58.333333333333336,12.662279942148386,44,68,3,11.666666666666666,6.027713773341707,6,18,3,17.0,8.54400374531753,9,26,3,-5.333333333333333,12.701705922171767,-20,2,3,-24.666666666666668,22.50185177565023,-50,-7,3,2.9730639730639727,0.4047132444799117,2.5555555555555554,3.3636363636363638,0,,,,,3,0.6666666666666666,0.5773502691896258,False,True,3,-0.0013610467689293044,0.0012485512046180593,-0.002767323444764269,-0.0003828274541974874,3,-0.0006357688223462785,0.0015182695164315148,-0.0023889154323936887,0.00024102193299590027,3,0,2.8857142857142857
none,selective_fusion_primary_0.5,0.03,3,0.9855084366611867,0.0011769729915367636,0.9843066332185987,0.9866588989222255,3,0.9284085019993521,0.0047021926726813126,0.9251962021842929,0.9338056232012397,3,0.9561008081486911,0.0020534964418760532,0.9544245031987771,0.9583913204010338,3,0.029813474130019026,0.002268636631806105,0.02759701132803085,0.032130912565695176,3,29.813474130019028,2.268636631806104,27.597011328030852,32.130912565695176,3,0.992894958356226,0.00022043035957396034,0.9926435408274021,0.9930550395379518,3,0.9967223823500607,9.628698112624116e-05,0.9966128632203112,0.9967937356757682,3,34.0,13.74772708486752,19,46,3,58.666666666666664,12.741009902410928,44,67,3,11.666666666666666,6.027713773341707,6,18,3,17.333333333333332,8.504900548115383,9,26,3,-5.666666666666667,12.423096769056148,-20,2,3,-24.666666666666668,21.07921567168317,-48,-7,3,3.028619528619528,0.42135662726411127,2.5555555555555554,3.3636363636363638,0,,,,,3,0.6666666666666666,0.5773502691896258,False,True,3,-0.0013607369429138687,0.0011697779639028437,-0.002656630506973734,-0.0003828274541974874,3,-0.0006758666610727713,0.0014847713316702438,-0.0023889154323936887,0.00024102193299590027,3,0,2.914285714285714
none,lightgbm,0.05,3,0.976164482478279,0.0008942757092145652,0.9753426196360369,0.9771168334645226,3,0.9523086827960388,0.0016230986472610671,0.9504511894995898,0.9534536196590657,3,0.9640879963522773,0.0005069766365942671,0.9635995675196141,0.9646116803852399,3,0.050794126120861205,0.0018947741566574462,0.049047963364666186,0.052808853602790806,3,50.7941261208612,1.8947741566574468,49.04796336466619,52.80885360279081,3,0.9931220022392585,0.00024504180913876775,0.9928442654893812,0.9933076916730458,3,0.996818005521165,0.00010407715184460866,0.9966985387956941,0.9968890450620811,3,0.0,0.0,0,0,3,0.0,0.0,0,0,3,0.0,0.0,0,0,3,0.0,0.0,0,0,3,0.0,0.0,0,0,3,0.0,0.0,0,0,0,,,,,0,,,,,3,0.3333333333333333,0.5773502691896258,False,True,3,0.0,0.0,0.0,0.0,3,0.0,0.0,0.0,0.0,3,3,
none,ae_plain,0.05,3,0.9693008140718024,0.0031764516418146395,0.9657283655641007,0.9718067978533095,3,0.7413734762213701,0.023785070698833642,0.7158512286916094,0.7629204265791633,3,0.8400331099791619,0.01630560776823744,0.8222243412478942,0.8542298153761366,3,0.05118630875875894,0.0037172938509012193,0.0473956453747143,0.054825609173435264,3,51.18630875875894,3.717293850901215,47.395645374714306,54.82560917343526,3,0.8749042843245336,0.008718013618913114,0.8669944181392192,0.8842517376218233,3,0.9468564224248118,0.00395550830230543,0.9442725116600714,0.9514100644566781,3,65.0,28.583211855912904,42,97,3,3900.3333333333335,407.86067882713735,3526,4335,3,343.0,34.77067730142742,311,380,3,339.6666666666667,18.87679351302369,319,356,3,3.3333333333333335,42.71221527073178,-45,36,3,-3835.3333333333335,434.2813987880822,-4293,-3429,3,0.19252429099728527,0.08888538922956742,0.11052631578947368,0.2869822485207101,0,,,,,3,0.3333333333333333,0.5773502691896258,False,True,3,-0.21093520657466866,0.025194763179384048,-0.23760239096745628,-0.18753076292042659,3,0.00039218263789773944,0.005127113073726316,-0.005413208228076505,0.004300047778308648,3,0,0.18950437317784258
none,ae_scaled,0.05,3,0.955206009102976,0.007401161722739831,0.9474423504623668,0.9621816060664982,3,0.5187730271216466,0.06510099715439212,0.44421272158498437,0.5643423571233251,3,0.6708888927853072,0.05749229012471686,0.6048423255118817,0.7097217923587469,3,0.052572967670389936,0.005531330173535474,0.046464405160057336,0.05724270908652687,3,52.572967670389936,5.531330173535472,46.46440516005733,57.24270908652687,3,0.9118422103489722,0.010078615383473943,0.9015581169362175,0.9217019424047872,3,0.9427525044218316,0.010423775959770905,0.9310274523259866,0.9509703373015254,3,56.666666666666664,16.65332799572906,38,70,3,7943.666666666667,1209.0683741349508,7130,9333,3,376.6666666666667,45.88391148685271,324,408,3,362.0,34.17601498127012,330,398,3,14.666666666666666,51.159880114532456,-34,68,3,-7887.0,1206.1579498556564,-9271,-7060,3,0.14837471063864469,0.02946186564116561,0.11728395061728394,0.17587939698492464,0,,,,,3,0.3333333333333333,0.5773502691896258,False,True,3,-0.43353565567439195,0.06591930364862494,-0.5088085176444761,-0.3861088323762647,3,0.001778841549528729,0.0061482139130030694,-0.00406115623506928,0.008194745721860686,3,0,0.1504424778761062
none,isolation_forest,0.05,3,0.9500287454018602,0.0049545579904849415,0.9445151438024942,0.9541075874012339,3,0.43860351319579305,0.038846394400871134,0.40733219911091595,0.48208914410719167,3,0.59953459199463,0.03684366914313844,0.569193604049235,0.6405318994332219,3,0.0501622703653066,0.002869357990279295,0.04694218824653607,0.052447973054252375,3,50.1622703653066,2.869357990279295,46.94218824653607,52.44797305425237,3,0.8659653255957593,0.010802778097579051,0.8578330643811678,0.878222900537162,3,0.92393249399951,0.012978506627568625,0.9098054178330316,0.9353274202576569,3,37.666666666666664,16.165807537309522,23,55,3,9381.0,694.3622973635594,8619,9978,3,374.0,29.0516780926679,344,402,3,379.3333333333333,23.45918441321721,359,405,3,-5.333333333333333,23.586719427112648,-30,17,3,-9343.333333333334,706.8382653290166,-9943,-8564,3,0.10006724582595845,0.04127384832462088,0.06686046511627906,0.14627659574468085,0,,,,,3,0.3333333333333333,0.5773502691896258,False,True,3,-0.5137051696002456,0.040357381886101745,-0.5456890401185446,-0.4683620453923982,3,-0.0006318557555546009,0.002825790941952607,-0.0035833731485905435,0.0020486864304651714,3,0,0.10071301247771836
none,ae_denoising,0.05,3,0.9566055158439318,0.007078367818533599,0.9485003946329913,0.9615710652726759,3,0.5286900470190666,0.029122294782714924,0.5001106929377905,0.5583264971287941,3,0.6806984473383332,0.0245489343148811,0.6575701342648183,0.7064563006020345,3,0.05241054574023737,0.009200516324213056,0.04526994744386049,0.06279321544568747,3,52.410545740237374,9.20051632421306,45.26994744386049,62.79321544568748,3,0.9064721072278615,0.008156477603807052,0.8976307755931883,0.9137036924847589,3,0.9431930633658151,0.0020056738013581,0.9408974315385521,0.9446059892239922,3,71.33333333333333,16.441816606851365,59,90,3,7775.333333333333,498.9041324075533,7260,8256,3,353.3333333333333,82.47625921035296,297,448,3,340.0,25.514701644346147,314,365,3,13.333333333333334,64.39202849214593,-44,83,3,-7704.0,512.1201031008254,-8191,-7170,3,0.21208864438031105,0.0772315672333065,0.13169642857142858,0.2857142857142857,0,,,,,3,0.6666666666666666,0.5773502691896258,False,True,3,-0.42361863577697206,0.030647460035448545,-0.4533429267212752,-0.3921246923707957,3,0.0016164196193761624,0.007729328727320627,-0.005255613951266128,0.009984361842896666,3,0,0.2018867924528302
none,ae_latent,0.05,3,0.9474787381527078,0.0023836347609967196,0.9451714801444043,0.9499320344358858,3,0.4348964764724597,0.04212189586005882,0.3862630064201904,0.459799132868668,3,0.5953375432757043,0.04032748943598497,0.54877137802241,0.6186450064611408,3,0.05269115181458613,0.0060792520621000615,0.04634495938843765,0.058462648863226274,3,52.691151814586135,6.07925206210006,46.34495938843765,58.46264886322627,3,0.9054739318863602,0.006982414050302122,0.8981995017548506,0.9121221444058164,3,0.9261177005687312,0.009983828535749193,0.9196799184145541,0.9376186839498671,3,93.66666666666667,21.571586249817916,69,109,3,9503.0,704.944678680533,9096,10317,3,385.0,52.507142371300304,333,438,3,369.3333333333333,21.031722072463143,349,391,3,15.666666666666666,44.286943147312996,-35,47,3,-9409.333333333334,726.3128343443567,-10248,-8987,3,0.24143160712081946,0.03118153864795927,0.2072072072072072,0.2682291666666667,0,,,,,3,0.3333333333333333,0.5773502691896258,False,True,3,-0.517412206323579,0.04311503324787242,-0.5671906132388753,-0.4918238993710692,3,0.0018970256937249307,0.005312120975607476,-0.004180602006688967,0.005653795260435468,3,0,0.24329004329004328
none,learned_fusion,0.05,3,0.9760993816632397,0.0005792345442742115,0.9754356379988758,0.9765026391963222,3,0.9525947757098834,0.0005156345340216044,0.9522359973433695,0.9531856713152858,3,0.9642037803035973,0.0004364092862414982,0.9637610730054705,0.9646336063759132,3,0.050958147961038924,0.0015613848942241453,0.04945054945054945,0.05256826657043186,3,50.95814796103892,1.5613848942241408,49.45054945054945,52.56826657043185,3,0.9919296172675579,0.00042952715189148764,0.9914349808329538,0.9922084739119541,3,0.9957282084012912,0.00045543160064203016,0.9952047986692842,0.9960340679068431,3,41.333333333333336,23.007245235649865,18,64,3,36.0,20.29778313018444,14,54,3,23.0,5.0,18,28,3,21.666666666666668,11.930353445448853,8,30,3,1.3333333333333333,12.34233905438241,-9,15,3,5.333333333333333,39.0042732701602,-22,50,3,1.7608695652173914,0.9194906948937652,1.0,2.782608695652174,0,,,,,3,0.3333333333333333,0.5773502691896258,False,True,3,0.0002860929138447377,0.002138711768029703,-0.0012176223156962207,0.0027344818156959105,3,0.00016402184017771707,0.0014833196291372665,-0.0010750119445771672,0.0018076644974692677,3,0,1.7971014492753623
none,rank_or,0.05,3,0.9749896882356278,0.002402436748928727,0.9722238229700916,0.9765575379640857,3,0.926289909205723,0.0015496060494912835,0.9249658189773038,0.9279942439672348,3,0.9500148695706662,0.001490248320832558,0.948501714735481,0.9514811031664965,3,0.05192074926304254,0.005248873154624747,0.048853320592451024,0.05798147479850836,3,51.920749263042545,5.248873154624743,48.85332059245103,57.98147479850836,3,0.9889167221873469,0.0008202628276694616,0.9879699452779704,0.9894133747637661,3,0.9947458143235902,0.00036082743406873693,0.9943448283194635,0.9950443078641598,3,27.333333333333332,6.506407098647712,21,34,3,500.6666666666667,20.008331597945233,481,521,3,204.33333333333334,38.75994496040124,174,248,3,195.0,8.888194417315589,188,205,3,9.333333333333334,29.871948937646057,-14,43,3,-473.3333333333333,18.147543451754927,-494,-460,3,0.1358570313728459,0.036981139927749644,0.10887096774193548,0.17801047120418848,0,,,,,3,0.6666666666666666,0.5773502691896258,False,True,3,-0.026018773590315642,0.0009464826449088378,-0.027111574556829998,-0.025459375691830877,3,0.0011266231421813364,0.0035888078184872375,-0.0016722408026755911,0.0051726211957175555,3,0,0.13376835236541598
none,fusion_control,0.05,3,0.976164482478279,0.0008942757092145652,0.9753426196360369,0.9771168334645226,3,0.9523086827960388,0.0016230986472610671,0.9504511894995898,0.9534536196590657,3,0.9640879963522773,0.0005069766365942671,0.9635995675196141,0.9646116803852399,3,0.050794126120861205,0.0018947741566574462,0.049047963364666186,0.052808853602790806,3,50.7941261208612,1.8947741566574468,49.04796336466619,52.80885360279081,3,0.9931220022392585,0.00024504180913876775,0.9928442654893812,0.9933076916730458,3,0.996818005521165,0.00010407715184460866,0.9966985387956941,0.9968890450620811,3,0.0,0.0,0,0,3,0.0,0.0,0,0,3,0.0,0.0,0,0,3,0.0,0.0,0,0,3,0.0,0.0,0,0,3,0.0,0.0,0,0,0,,,,,0,,,,,3,0.3333333333333333,0.5773502691896258,False,True,3,0.0,0.0,0.0,0.0,3,0.0,0.0,0.0,0.0,3,3,
none,fusion_latent,0.05,3,0.9761008875955014,0.0006324080742677507,0.9753794266441821,0.976559396106476,3,0.952649620259205,0.000606377344856248,0.9522913438122648,0.9533497402242275,3,0.9642325979391627,0.0005081986354569783,0.9637055344200384,0.9647195550513296,3,0.05095843054255885,0.001681087349216921,0.04933110367892977,0.05268856008661133,3,50.95843054255885,1.681087349216923,49.331103678929765,52.68856008661133,3,0.9919207102958589,0.0004266843164781546,0.9914303198800739,0.9922071054553053,3,0.9957639829948582,0.00046132453540710715,0.9952335255539551,0.9960714195879333,3,43.666666666666664,26.102362600602522,19,71,3,37.333333333333336,18.14754345175493,18,54,3,24.0,5.5677643628300215,18,29,3,22.666666666666668,11.015141094572204,10,30,3,1.3333333333333333,12.662279942148386,-10,15,3,6.333333333333333,40.611985094714754,-21,53,3,1.7697828863346103,0.943984659815378,1.0555555555555556,2.84,0,,,,,3,0.3333333333333333,0.5773502691896258,False,True,3,0.00034093746316636125,0.0022262968252513087,-0.001162275846800953,0.0028985507246376274,3,0.0001643044216976484,0.0015211612130638281,-0.0011944577161968478,0.0018076644974692677,3,0,1.8194444444444444
none,fusion_ae_plain,0.05,3,0.9761923614346756,0.0007163310522463719,0.9757456387169386,0.9770185986402202,3,0.9519971100460887,0.0013026852109332158,0.9509433962264151,0.9534536196590657,3,0.963942330599025,0.0005067291970664267,0.9635186574421383,0.964503667207883,3,0.05071294508420748,0.0013032560069977982,0.04928898529766209,0.05184650547335499,3,50.71294508420747,1.3032560069977996,49.28898529766209,51.84650547335499,3,0.9923225188298126,0.0004549545741407441,0.991823883215059,0.9927150342534616,3,0.9958748854080793,0.0005349388602540237,0.995353736399469,0.9964226225271662,3,9.0,4.358898943540674,6,14,3,14.666666666666666,15.88500340992514,5,33,3,4.666666666666667,0.5773502691896258,4,5,3,5.333333333333333,6.8068592855540455,0,13,3,-0.6666666666666666,6.429100507328636,-8,4,3,-5.666666666666667,18.175074506954115,-26,9,3,1.8999999999999997,0.7810249675906652,1.4,2.8,0,,,,,3,0.3333333333333333,0.5773502691896258,False,True,3,-0.0003115727499499732,0.0009967822268322551,-0.0014269249766751813,0.0004922067268252617,3,-8.118103665372596e-05,0.0007722406004615163,-0.000962348129435818,0.00047778308647873635,3,0,1.9285714285714286
none,fusion_ae_plain_latent,0.05,3,0.9761531496602102,0.0005124759268425458,0.9756426843674411,0.9766676128299745,3,0.9525210609699298,0.0008737771178577758,0.9518687229021459,0.9535138091331693,3,0.9641921702082622,0.0005488326322212234,0.9636090893938553,0.9646987218502739,3,0.0508389921231772,0.0015584730087437972,0.0490922121356904,0.052087092505713944,3,50.8389921231772,1.5584730087438003,49.092212135690396,52.08709250571394,3,0.9919069824680996,0.0005887491113482216,0.9912276740604629,0.9922696710288393,3,0.9957085719316964,0.0005523579642734505,0.9951163618610662,0.9962097738828328,3,39.0,22.60530911091463,20,64,3,35.0,24.020824298928627,8,54,3,20.666666666666668,6.658328118479393,13,25,3,20.333333333333332,12.662279942148386,6,30,3,0.3333333333333333,16.441816606851365,-12,19,3,4.0,45.044422518220834,-23,56,3,1.8244871794871795,0.6421948695630452,1.375,2.56,0,,,,,3,0.3333333333333333,0.5773502691896258,False,True,3,0.00021237817389111827,0.002469116133864654,-0.0012729687845914883,0.0030626196335794553,3,4.486600231599913e-05,0.0019763798592365893,-0.001433349259436216,0.002289708363461075,3,0,1.8870967741935485
none,fusion_ae_denoising,0.05,3,0.9761790646137144,0.0010653542869838756,0.9753356930164616,0.9773763295627216,3,0.952164494107682,0.0021387223519839845,0.9497949138638228,0.9539517378791234,3,0.9640205602178478,0.0006948762612932608,0.963388250956898,0.9647644902185777,3,0.05075253553885753,0.002192508167690357,0.04844540853217643,0.052808853602790806,3,50.75253553885753,2.192508167690364,48.44540853217643,52.80885360279081,3,0.9924388768199016,0.00031376333626881097,0.9920960307081005,0.9927117387189721,3,0.9958323228989586,0.000387267333465006,0.9953952776738287,0.9961328186227398,3,9.666666666666666,4.041451884327381,6,14,3,12.333333333333334,13.051181300301261,0,26,3,3.3333333333333335,0.5773502691896257,3,4,3,3.6666666666666665,4.041451884327381,0,8,3,-0.3333333333333333,4.509249752822894,-5,4,3,-2.6666666666666665,10.692676621563628,-12,9,3,2.9722222222222228,1.4727462379790626,2.0,4.666666666666667,0,,,,,3,0.3333333333333333,0.5773502691896258,False,True,3,-0.000144188688356676,0.0005881107228017168,-0.0006562756357670896,0.0004981182200576306,3,-4.159058200367318e-05,0.0005413684855750714,-0.0006025548324897559,0.00047778308647873635,3,0,2.9
none,fusion_ae_denoising_latent,0.05,3,0.9760993816632397,0.0005792345442742115,0.9754356379988758,0.9765026391963222,3,0.9525947757098834,0.0005156345340216044,0.9522359973433695,0.9531856713152858,3,0.9642037803035973,0.0004364092862414982,0.9637610730054705,0.9646336063759132,3,0.050958147961038924,0.0015613848942241453,0.04945054945054945,0.05256826657043186,3,50.95814796103892,1.5613848942241408,49.45054945054945,52.56826657043185,3,0.9919296172675579,0.00042952715189148764,0.9914349808329538,0.9922084739119541,3,0.9957282084012912,0.00045543160064203016,0.9952047986692842,0.9960340679068431,3,41.333333333333336,23.007245235649865,18,64,3,36.0,20.29778313018444,14,54,3,23.0,5.0,18,28,3,21.666666666666668,11.930353445448853,8,30,3,1.3333333333333333,12.34233905438241,-9,15,3,5.333333333333333,39.0042732701602,-22,50,3,1.7608695652173914,0.9194906948937652,1.0,2.782608695652174,0,,,,,3,0.3333333333333333,0.5773502691896258,False,True,3,0.0002860929138447377,0.002138711768029703,-0.0012176223156962207,0.0027344818156959105,3,0.00016402184017771707,0.0014833196291372665,-0.0010750119445771672,0.0018076644974692677,3,0,1.7971014492753623
none,fusion_ae_scaled,0.05,3,0.9759958944957092,0.0012181800040892694,0.9750196474682834,0.9773610407163372,3,0.9521472783979729,0.002637749032920817,0.9491386382280558,0.9540624308169139,3,0.9639215910622706,0.0008389461509794075,0.9630431163642417,0.9647144416151328,3,0.05115238360004273,0.0025584926987142157,0.04844540853217643,0.053530614699867675,3,51.15238360004273,2.558492698714219,48.44540853217643,53.53061469986768,3,0.9923600172533367,0.0004738978545621999,0.9920001741849584,0.9928969596568931,3,0.995471583491294,0.0006027729910153951,0.9950502612771683,0.9961620372333678,3,9.0,1.7320508075688772,8,11,3,12.0,17.435595774162696,0,32,3,7.666666666666667,1.5275252316519465,6,9,3,4.666666666666667,8.082903768654761,0,14,3,3.0,7.0,-5,8,3,-3.0,18.520259177452136,-24,11,3,1.1990740740740742,0.2694348986472492,0.8888888888888888,1.375,0,,,,,3,0.3333333333333333,0.5773502691896258,False,True,3,-0.00016140439806577866,0.001015745980932569,-0.0013125512715340681,0.0006088111578481659,3,0.0003582574791815285,0.0008402597378615863,-0.0006025548324897559,0.0009555661729574727,3,0,1.173913043478261
none,fusion_ae_scaled_latent,0.05,3,0.9760612097752137,0.00059081773170711,0.9753891105242457,0.9764986376021798,3,0.9525215835493333,0.0003950299942527542,0.9520699579366836,0.9528028438610884,3,0.9641476092839568,0.0002501751765447764,0.9639069354211783,0.9644063105452533,3,0.05103841612193139,0.001619903412478,0.04945054945054945,0.05268856008661133,3,51.03841612193139,1.6199034124779972,49.45054945054945,52.68856008661133,3,0.9919430850062687,0.0005010459297536391,0.9914003669860008,0.9923880524452879,3,0.9959335163436466,0.00034327384904300675,0.9955574677944129,0.9962300650482375,3,40.666666666666664,24.440403706431145,14,62,3,36.666666666666664,16.623276853055575,19,52,3,23.666666666666668,6.806859285554046,16,29,3,21.666666666666668,10.408329997330663,10,30,3,2.0,12.767145334803704,-9,16,3,4.0,35.08560958569767,-25,43,3,1.6152740937223697,0.7552273358601248,0.875,2.3846153846153846,0,,,,,3,0.3333333333333333,0.5773502691896258,False,True,3,0.00021290075329457223,0.0019257790578796402,-0.0013836617223821346,0.002351654361498534,3,0.0002442900010701914,0.0015344297013866375,-0.0010750119445771672,0.001928175463967216,3,0,1.7183098591549295
none,selective_fusion,0.05,3,0.9761096481446562,0.0009111614279527249,0.9753426196360369,0.9771168334645226,3,0.9523271316190037,0.0016428142038659363,0.9504511894995898,0.953508966127961,3,0.9640706545953623,0.0004802944056009364,0.9635995675196141,0.9645596551144953,3,0.050913571892480886,0.0018806207004935396,0.049047963364666186,0.052808853602790806,3,50.91357189248089,1.8806207004935398,49.04796336466619,52.80885360279081,3,0.9929909320454087,0.00020803002690483386,0.9927535617618806,0.9931415233537771,3,0.9967641988253444,9.08513177964386e-05,0.9966613741650008,0.9968336189000798,3,0.3333333333333333,0.5773502691896258,0,1,3,0.0,0.0,0,0,3,1.0,1.7320508075688772,0,3,3,0.0,0.0,0,0,3,1.0,1.7320508075688772,0,3,3,0.3333333333333333,0.5773502691896258,0,1,1,0.3333333333333333,,0.3333333333333333,0.3333333333333333,0,,,,,3,0.3333333333333333,0.5773502691896258,False,True,3,1.8448822965089207e-05,3.195429871537801e-05,0.0,5.534646889526762e-05,3,0.00011944577161968294,0.00020688614519455948,0.0,0.0003583373148590488,3,2,0.3333333333333333
none,selective_fusion_primary_0.75,0.05,3,0.9760633561968687,0.0006380086415001342,0.9753315351764441,0.9765026391963222,3,0.952613261713399,0.00039372342085178713,0.9522359973433695,0.953021602406344,3,0.9641956480890229,0.0003629585606273839,0.9638226393092151,0.9645476434284449,3,0.051038343638491905,0.001686591380844081,0.04945054945054945,0.052808853602790806,3,51.03834363849191,1.686591380844082,49.45054945054945,52.80885360279081,3,0.992965643410661,0.00021996925074404747,0.9927141714285134,0.9931223286007387,3,0.9967532854353972,9.622305226327192e-05,0.9966442216667063,0.9968261938416133,3,41.0,22.516660498395403,18,63,3,35.333333333333336,17.473789896108208,16,50,3,23.666666666666668,6.027713773341709,18,30,3,21.666666666666668,11.930353445448853,8,30,3,2.0,12.12435565298214,-9,15,3,5.666666666666667,36.47373484212075,-22,47,3,1.7130434782608697,0.9108462174033739,1.0,2.739130434782609,0,,,,,3,0.3333333333333333,0.5773502691896258,False,True,3,0.00030457891736035414,0.0020005111768881868,-0.0012176223156962207,0.0025704129067541936,3,0.00024421751763070015,0.001456772979678251,-0.0010750119445771672,0.0018076644974692677,3,0,1.732394366197183
none,selective_fusion_primary_0.5,0.05,3,0.9760813881220619,0.0006571102131011781,0.9753315351764441,0.9765567349719021,3,0.9525948128904339,0.00042061795022889267,0.9521806508744742,0.953021602406344,3,0.9641949795851982,0.00036290234875100324,0.9638226393092151,0.9645476434284449,3,0.050998528381285345,0.0017432732293042443,0.04933110367892977,0.052808853602790806,3,50.99852838128535,1.7432732293042488,49.331103678929765,52.80885360279081,3,0.9929343527697615,0.00022704103207701383,0.9926756393442598,0.9931004266834607,3,0.9967398343151107,9.867456829002131e-05,0.9966273758155187,0.9968119218381214,3,41.0,22.516660498395403,18,63,3,35.666666666666664,17.616280348965084,16,50,3,23.666666666666668,6.027713773341709,18,30,3,22.0,12.165525060596439,8,30,3,1.6666666666666667,12.583057392117917,-10,15,3,5.333333333333333,36.85557397915997,-23,47,3,1.7130434782608697,0.9108462174033739,1.0,2.739130434782609,0,,,,,3,0.3333333333333333,0.5773502691896258,False,True,3,0.00028613009439526493,0.0020217107877386056,-0.0012729687845914883,0.0025704129067541936,3,0.00020440226042413995,0.0015114627549155017,-0.0011944577161968478,0.0018076644974692677,3,0,1.732394366197183
none,naive_or,0.01,3,0.9903715644171841,0.0015060562014477794,0.9891835736983623,0.9920654296875,3,0.8915570029336818,0.003783833174214515,0.8889253486464315,0.8958932920079699,3,0.9383653408135247,0.0016318181260275182,0.9371983468685876,0.9402300185873605,3,0.018925683635737062,0.0028829080075261477,0.01566642564473367,0.021141901576684184,3,18.925683635737062,2.882908007526147,15.666425644733671,21.141901576684184,3,0.9889167221873469,0.0008202628276694616,0.9879699452779704,0.9894133747637661,3,0.9947458143235902,0.00036082743406873693,0.9943448283194635,0.9950443078641598,3,41.333333333333336,37.072002014098636,17,84,3,0.0,0.0,0,0,3,64.33333333333333,13.316656236958787,49,73,3,0.0,0.0,0,0,3,64.33333333333333,13.316656236958787,49,73,3,41.333333333333336,37.072002014098636,17,84,3,0.6071891229962948,0.4708215842684643,0.323943661971831,1.1506849315068493,0,,,,,3,0.0,0.0,False,False,3,0.0022709193037288764,0.002033016798571906,0.0009297238173365807,0.00461006530925856,3,0.007722371274833037,0.001581026125075726,0.005905037358399614,0.008781426681101889,3,0,0.6424870466321243
none,naive_or,0.03,3,0.9723394425168278,0.0019670893938697523,0.9701355912809657,0.9739175198764514,3,0.9333359750675636,0.004203017554426816,0.9306294934416333,0.9381779942439672,3,0.952435687258907,0.0026593988898885304,0.9499719887955183,0.9552550014088476,3,0.058001724867208254,0.004200615176101185,0.0549530007230658,0.06279321544568747,3,58.00172486720825,4.2006151761011905,54.9530007230658,62.79321544568748,3,0.9889167221873469,0.0008202628276694616,0.9879699452779704,0.9894133747637661,3,0.9947458143235902,0.00036082743406873693,0.9943448283194635,0.9950443078641598,3,65.0,29.512709126747414,31,84,3,0.0,0.0,0,0,3,229.0,47.0,182,276,3,0.0,0.0,0,0,3,229.0,47.0,182,276,3,65.0,29.512709126747414,31,84,3,0.2756656566225581,0.09900683520674942,0.17032967032967034,0.36681222707423583,0,,,,,3,0.0,0.0,False,False,3,0.0035667361252976018,0.001606231765738066,0.0017157405357537403,0.004593929450369072,3,0.027512384076116458,0.005731408621680205,0.021739130434782615,0.033201010465535905,3,0,0.2838427947598253
none,naive_or,0.05,3,0.9572986214703855,0.004972528287788313,0.9515591720823549,0.9603100434280688,3,0.9562278860656725,0.0008393815901946557,0.9553732567678425,0.9570511401372592,3,0.956758433818451,0.0024972487954487135,0.9539034271323771,0.9585365853658536,3,0.09323674074296358,0.011670713536072965,0.08600095556617296,0.10670034885119692,3,93.23674074296359,11.670713536072963,86.00095556617296,106.70034885119692,3,0.9889167221873469,0.0008202628276694616,0.9879699452779704,0.9894133747637661,3,0.9947458143235902,0.00036082743406873693,0.9943448283194635,0.9950443078641598,3,71.33333333333333,16.441816606851365,59,90,3,0.0,0.0,0,0,3,353.3333333333333,82.47625921035296,297,448,3,0.0,0.0,0,0,3,353.3333333333333,82.47625921035296,297,448,3,71.33333333333333,16.441816606851365,59,90,3,0.21208864438031105,0.0772315672333065,0.13169642857142858,0.2857142857142857,0,,,,,3,0.0,0.0,False,False,3,0.003919203269633871,0.0008869114541619808,0.0032380220624554923,0.004922067268252617,3,0.042442614622102366,0.009992604924026765,0.035475394171046344,0.05389149524840611,3,0,0.2018867924528302
Exploits,lightgbm,0.01,3,0.9986782742489626,4.434345180109374e-05,0.9986354697596018,0.9987240111086092,3,0.8594294963347363,0.023116035409944745,0.8353363770645897,0.8814255431902491,3,0.9237255454495344,0.013398837246719251,0.909715748103464,0.9364157781765721,3,0.008171435029169458,6.28443114820468e-05,0.008107785859067605,0.008233442305363846,3,8.171435029169459,0.06284431148204822,8.107785859067604,8.233442305363846,3,0.9915918738940627,0.0008654172380087561,0.9907413295439276,0.9924714342234802,3,0.9986972943566762,0.00017675960109048963,0.998522866014004,0.9988762964440587,3,0.0,0.0,0,0,3,0.0,0.0,0,0,3,0.0,0.0,0,0,3,0.0,0.0,0,0,3,0.0,0.0,0,0,3,0.0,0.0,0,0,0,,,,,3,0.8435500454187005,0.027360164292757557,0.8159195040876831,0.8706315694906118,3,1.0,0.0,True,True,3,0.0,0.0,0.0,0.0,3,0.0,0.0,0.0,0.0,3,3,
Exploits,ae_plain,0.01,3,0.9939075645199543,0.002291380496105522,0.9913069248246568,0.9956297012228432,3,0.3467647636937945,0.04168137544698764,0.3106452262656103,0.39237215156332805,3,0.513220758286712,0.0455460910904392,0.47344589409056026,0.5629061189579596,3,0.015103895914455568,0.0052645043250640075,0.011565518063669965,0.021153846153846155,3,15.103895914455569,5.2645043250640065,11.565518063669966,21.153846153846153,3,0.9327482018553014,0.00887683000340049,0.9244503705508689,0.9421084136650638,3,0.9877403992190078,0.002871154861753146,0.9844687856648167,0.989840898156779,3,1653.6666666666667,102.88990880224031,1546,1751,3,32315.666666666668,979.7327866991758,31195,33010,3,117.33333333333333,38.37099599089569,89,161,3,59.666666666666664,6.506407098647712,53,66,3,57.666666666666664,43.730233629988,29,108,3,-30662.0,979.9811222671588,-31259,-29531,3,15.19678908853885,5.127895143165774,9.602484472049689,19.674157303370787,3,0.30956587708002675,0.04395007112169064,0.2841613511813853,0.3603150360854071,3,0.0,0.0,False,False,3,-0.5126647326409417,0.020449212647085345,-0.5246911507989794,-0.4890533916269211,3,0.006932460885286112,0.005257332286315743,0.003457732204602361,0.012980769230769231,3,0,14.09375
Exploits,ae_scaled,0.01,3,0.987184112333054,0.006484682957092126,0.9798134662067203,0.9920123679464056,3,0.12535242114803838,0.004974539583187546,0.1196622801127971,0.1288777602258596,3,0.2224296088241862,0.0077771122072788175,0.2135102352535977,0.22779320689706384,3,0.011773508482106445,0.006284551089348507,0.007506962101949389,0.018990384615384614,3,11.773508482106445,6.2845510893485095,7.506962101949388,18.990384615384617,3,0.9181627401735155,0.011186238285257543,0.9066303351571695,0.9289672611391483,3,0.9798077354454593,0.0015186713103195824,0.9781787297063566,0.9811844818345514,3,565.3333333333334,73.92112914000526,482,623,3,44484.666666666664,1535.6445986403662,43119,46147,3,95.66666666666667,51.07184482014854,59,154,3,65.66666666666667,2.081665999466131,64,68,3,30.0,52.306787322488084,-6,90,3,-43919.333333333336,1470.2436306045797,-45524,-42637,3,6.970165961691386,3.384017710033575,3.8376623376623376,10.559322033898304,3,0.08312121302867867,0.022926158348488032,0.05692809870332106,0.09954182014194592,3,0.6666666666666666,0.5773502691896258,False,True,3,-0.7340770751866978,0.019157085213879745,-0.7539083200847907,-0.7156740969517926,3,0.0036020734529369877,0.006290028087110629,-0.000726480203414457,0.01081730769230769,3,0,5.909407665505227
Exploits,isolation_forest,0.01,3,0.9852731210972986,0.006360931088296956,0.9782521681120747,0.9906520484708597,3,0.10238329902145009,0.053332950577915164,0.0417785685510944,0.14215686274509803,3,0.18255368156428334,0.08991327467973079,0.08016361235466521,0.248635027299454,3,0.011111163228162947,0.007909338549322305,0.003934660784547514,0.019591346153846154,3,11.111163228162946,7.909338549322306,3.934660784547514,19.591346153846153,3,0.8899789722985155,0.002580357746362843,0.8870301762556587,0.8918230966003717,3,0.9746545087634702,0.0026753713330597713,0.9717248221249586,0.9769680651790389,3,154.33333333333334,85.27797683653931,56,208,3,45438.0,1679.6056084688453,44133,47333,3,89.0,61.0,33,154,3,64.66666666666667,4.932882862316246,59,68,3,24.333333333333332,65.73684912842516,-35,95,3,-45283.666666666664,1761.9995270525292,-47277,-43934,3,1.863059163059163,0.6695292359187291,1.2922077922077921,2.6,3,0.03719342377144911,0.019413650528101723,0.018117569550504597,0.05692809870332106,3,0.6666666666666666,0.5773502691896258,False,True,3,-0.7570461973132862,0.031623599960117765,-0.7935578085134953,-0.738312102981212,3,0.0029397281989934874,0.007884904652914481,-0.00417312507452009,0.01141826923076923,3,0,1.7340823970037453
Exploits,ae_denoising,0.01,3,0.9928648962842043,0.0034621787123480475,0.9891188742534566,0.9959471097826638,3,0.23704409038539498,0.08146638993686658,0.17797760996290407,0.3299818718947227,3,0.378233176682135,0.10325930257945479,0.3018777826154127,0.4957195990670113,3,0.011333250298382884,0.004063936904141398,0.008475602373168665,0.015985576923076922,3,11.333250298382884,4.063936904141397,8.475602373168664,15.985576923076923,3,0.8817935985100629,0.02294157612346926,0.8583562931355985,0.9042050269181737,3,0.9760032365012493,0.0046997888791336945,0.9713549380966553,0.9807528767805893,3,1976.0,677.6997860409873,1257,2603,3,39229.333333333336,5781.548696788202,32710,43734,3,90.33333333333333,34.645827069552446,66,130,3,64.0,1.0,63,65,3,26.333333333333332,33.85754470326124,2,65,3,-37253.333333333336,6405.209624464554,-42477,-30107,3,23.21993783993784,10.07075430736367,15.907692307692308,34.70666666666666,3,0.3435151079567574,0.05223323659147926,0.30233881352379244,0.4022699368131045,3,0.6666666666666666,0.5773502691896258,False,True,3,-0.6223854059493413,0.10382940084170168,-0.7034479332273451,-0.505354505169867,3,0.0031618152692134255,0.004071223292320271,0.000242160067804819,0.007812499999999998,3,0,21.874538745387454
Exploits,ae_latent,0.01,3,0.8920649321325312,0.06668827273732547,0.8500897666068222,0.9689621726479146,3,0.01713989252491351,0.01537225993653858,0.002417080703639049,0.03308823529411765,3,0.03335189005059885,0.029641635182240642,0.0048205677557579,0.06399128847324088,3,0.010227603011346837,0.008868926419675132,0.002861571479670919,0.020072115384615386,3,10.227603011346837,8.868926419675132,2.861571479670919,20.072115384615383,3,0.882256323961261,0.002246971493598275,0.8799596000661859,0.8844499970612247,3,0.968521076466554,0.004418959008288263,0.9634688955329171,0.9716666825322712,3,110.0,68.0,42,178,3,50499.0,836.0017942564477,49664,51336,3,83.66666666666667,72.25187425481317,24,164,3,66.66666666666667,1.5275252316519452,65,68,3,17.0,73.77669008569035,-44,99,3,-50389.0,804.2878837829152,-51226,-49622,3,1.527132533230094,0.38258631201945603,1.0853658536585367,1.75,3,0.01469369828007866,0.01023629550274371,0.004072709849369628,0.024496151888120266,3,0.6666666666666666,0.5773502691896258,False,True,3,-0.8422896038098228,0.008228519900530671,-0.8483373078961315,-0.8329192963609507,3,0.00205616798217738,0.008850451042311993,-0.005246214379396685,0.011899038461538463,3,0,1.3147410358565736
Exploits,learned_fusion,0.01,3,0.9986814733051292,3.9699396317621747e-05,0.9986362558305004,0.998710607152338,3,0.8571112046716142,0.02476772316700219,0.838102808691044,0.8851208281517831,3,0.9223697611869227,0.014265546117621522,0.9113796394676655,0.9384911442927907,3,0.008130459054896615,0.0001235113351778131,0.007991282237559027,0.008227018004053894,3,8.130459054896614,0.12351133517781344,7.991282237559027,8.227018004053892,3,0.9908773497269715,0.0003791555052077979,0.9905855268170738,0.9913059066118737,3,0.9984729594750551,0.00011765106502581415,0.9983492997141327,0.9985835025031067,3,1762.0,780.4325723597138,997,2557,3,1912.3333333333333,1645.586926702243,328,3613,3,19.333333333333332,5.033222956847167,14,24,3,19.666666666666668,4.932882862316247,14,23,3,-0.3333333333333333,1.5275252316519468,-2,1,3,-150.33333333333334,2159.3972152740525,-2616,1404,3,93.36865079365079,38.65397051291697,49.85,123.71428571428571,3,0.8451272222721329,0.04981313003561808,0.7898361932141467,0.8865031593447729,3,1.0,0.0,True,True,3,-0.0023182916631220296,0.03592067532936641,-0.043322734499205096,0.02359425940241322,3,-4.0975974272843343e-05,0.00018414764651556072,-0.000242160067804819,0.00011923214498628897,3,0,91.13793103448276
Exploits,rank_or,0.01,3,0.9984957416536995,0.00022290818175936205,0.9982456929512843,0.9986736318001878,3,0.7880058846409903,0.0372589903104132,0.7449979857660803,0.8104961579226285,3,0.8805259146927487,0.023650013247734008,0.8532267056267903,0.8947984276442088,3,0.008487859581118778,0.0007345448971022391,0.007870202203656617,0.009300107308930487,3,8.487859581118778,0.734544897102239,7.870202203656617,9.300107308930487,3,0.9891774608360593,0.0015149128595538634,0.9881568099790842,0.9909180971371148,3,0.9981697905338581,0.00037309046496480263,0.9979188062470716,0.9985985179998762,3,1547.0,802.7272263976101,666,2237,3,5820.0,1558.240353732376,4892,7619,3,37.0,9.539392014169456,27,46,3,34.333333333333336,3.785938897200182,30,37,3,2.6666666666666665,6.658328118479393,-3,10,3,-4273.0,1114.033661968973,-5382,-3154,3,39.677981184846175,13.080439301429331,24.666666666666668,48.630434782608695,3,0.7947074736222163,0.029692305887487013,0.7605186715778756,0.8140328811427545,3,1.0,0.0,True,True,3,-0.07142361169374593,0.01867257248833289,-0.0903383912985094,-0.05300305851510778,3,0.0003164245519493205,0.000796130174937121,-0.0003632401017072285,0.0011923214498628827,3,0,41.810810810810814
Exploits,fusion_control,0.01,3,0.9986782742489626,4.434345180109374e-05,0.9986354697596018,0.9987240111086092,3,0.8594294963347363,0.023116035409944745,0.8353363770645897,0.8814255431902491,3,0.9237255454495344,0.013398837246719251,0.909715748103464,0.9364157781765721,3,0.008171435029169458,6.28443114820468e-05,0.008107785859067605,0.008233442305363846,3,8.171435029169459,0.06284431148204822,8.107785859067604,8.233442305363846,3,0.9915918738940627,0.0008654172380087561,0.9907413295439276,0.9924714342234802,3,0.9986972943566762,0.00017675960109048963,0.998522866014004,0.9988762964440587,3,0.0,0.0,0,0,3,0.0,0.0,0,0,3,0.0,0.0,0,0,3,0.0,0.0,0,0,3,0.0,0.0,0,0,3,0.0,0.0,0,0,0,,,,,3,0.8435500454187005,0.027360164292757557,0.8159195040876831,0.8706315694906118,3,1.0,0.0,True,True,3,0.0,0.0,0.0,0.0,3,0.0,0.0,0.0,0.0,3,3,
Exploits,fusion_latent,0.01,3,0.9986611610663418,0.0001251161773956895,0.9985544397972361,0.998798854291786,3,0.882270836950671,0.01274726968429874,0.8696119242648046,0.8951046634870164,3,0.936833017657548,0.007240199716123334,0.9296333180810881,0.9441130490222622,3,0.008488819743824797,0.0005548271308958054,0.007870202203656617,0.008942410873971622,3,8.488819743824799,0.5548271308958045,7.870202203656617,8.942410873971623,3,0.9912850304508929,0.000777524880340698,0.9905309481305906,0.9920840488974049,3,0.9985389399259512,0.00014885105220841148,0.9983797286222991,0.9986746299457918,3,1748.0,691.325538368141,1178,2517,3,384.0,79.95623803056269,325,475,3,19.0,6.244997998398398,14,26,3,16.333333333333332,3.0550504633038935,13,19,3,2.6666666666666665,5.131601439446884,-3,7,3,1364.0,619.9709670621681,826,2042,3,90.68939883645766,6.343268861011728,84.14285714285714,96.8076923076923,3,0.8793958813723436,0.013043239760450798,0.8659898781181685,0.8920432425957536,3,1.0,0.0,True,True,3,0.022841340615934642,0.010484495290137274,0.013679120296767322,0.03427554720021486,3,0.00031738471465533993,0.0006154194378453173,-0.0003632401017072285,0.0008346250149040176,3,0,92.0
Exploits,fusion_ae_plain,0.01,3,0.9986197850851174,6.38271633501316e-05,0.9985495629604183,0.9986742751743616,3,0.8828803619032956,0.012379571955534952,0.8734917487312204,0.8969097774244833,3,0.9371597579004325,0.006953624963487379,0.9318978422812475,0.9450430564401441,3,0.008771611586168482,0.00041736713128189354,0.00829326923076923,0.009061643018957911,3,8.771611586168481,0.4173671312818937,8.29326923076923,9.061643018957911,3,0.9919865761672497,0.000746531156035326,0.9914964861332664,0.9928457608962565,3,0.998579096527585,0.00022928036863332783,0.9983914055093565,0.9988346471655539,3,1645.3333333333333,906.350005976352,1085,2691,3,244.33333333333334,120.17209881388165,135,373,3,13.0,5.291502622129181,9,19,3,8.0,5.0,3,13,3,5.0,3.605551275463989,1,8,3,1401.0,1006.4546686264613,712,2556,3,142.0815169236222,93.66574575930586,61.05263157894737,244.63636363636363,3,0.8726279958873616,0.01652407105733138,0.8607792052226515,0.8915042074686311,3,1.0,0.0,True,True,3,0.02345086556855928,0.0169378396174087,0.011965179981850538,0.04290318248959313,3,0.0006001765569990236,0.000430945158658215,0.00012019230769230727,0.0009538571598903065,3,0,126.56410256410257
Exploits,fusion_ae_plain_latent,0.01,3,0.9986893084474687,4.2872249813599845e-05,0.998641279400694,0.9987237122828406,3,0.8868777931858925,0.012038213643151685,0.8788438297300927,0.9007187334393216,3,0.9394395987052974,0.0067124105170971475,0.9349475902216032,0.9471557811697302,3,0.008373530994410175,0.0005085713251174269,0.008052884615384615,0.008959922508778303,3,8.373530994410174,0.5085713251174266,8.052884615384615,8.959922508778302,3,0.991748316924567,0.0007964607103068993,0.9911049299473923,0.9926391233731756,3,0.9985541959595393,0.0001968873716025016,0.9984349512599222,0.9987814493425919,3,2059.0,886.723745029984,1494,3081,3,419.0,81.8535277187245,329,489,3,19.0,4.358898943540674,14,22,3,17.333333333333332,3.214550253664319,15,21,3,1.6666666666666667,3.7859388972001824,-1,6,3,1640.0,824.4567908629293,1163,2592,3,109.68398268398268,39.616259589184274,67.9090909090909,146.71428571428572,3,0.8844069116281856,0.012911064853767291,0.8758721887820801,0.8992603240200042,3,1.0,0.0,True,True,3,0.027448296851156313,0.013908203390637593,0.0192931902490725,0.04350745266550293,3,0.000202095965240716,0.00045808915031999144,-0.000120192307692309,0.000726480203414457,3,0,108.36842105263158
Exploits,fusion_ae_denoising,0.01,3,0.9987240157771186,0.00026257459712465106,0.9984214522639172,0.9988922359343115,3,0.8524627723868047,0.014433499970944478,0.8387102188800859,0.8674923537122307,3,0.9197728104175749,0.00848186062716341,0.9116235792085531,0.9285521558469592,3,0.00780408251340009,0.0014020683829932938,0.006901561932437341,0.009419339453916776,3,7.80408251340009,1.4020683829932932,6.901561932437341,9.419339453916775,3,0.9913550996776134,0.0009887171170116602,0.9904173397657745,0.9923879089715557,3,0.9985368663360106,0.00024900616712436775,0.9982940653335678,0.9987916453444045,3,1649.3333333333333,944.5344532272676,614,2464,3,2072.6666666666665,490.99524777062084,1515,2440,3,10.333333333333334,8.736894948054106,3,20,3,13.333333333333334,4.041451884327381,9,17,3,-3.0,12.165525060596439,-11,11,3,-423.3333333333333,1217.1829498203354,-1826,355,3,187.20555555555555,57.30613776835711,123.2,233.75,3,0.8599107597400653,0.013578238832221035,0.851046626538496,0.8755427784266163,3,1.0,0.0,True,True,3,-0.006966723947931556,0.020196696410890103,-0.030239798622151648,0.005965784962860821,3,-0.0003673525157693675,0.0014593450593541907,-0.0013318803729265045,0.0013115535948491717,3,0,159.61290322580646
Exploits,fusion_ae_denoising_latent,0.01,3,0.9986814733051292,3.9699396317621747e-05,0.9986362558305004,0.998710607152338,3,0.8571112046716142,0.02476772316700219,0.838102808691044,0.8851208281517831,3,0.9223697611869227,0.014265546117621522,0.9113796394676655,0.9384911442927907,3,0.008130459054896615,0.0001235113351778131,0.007991282237559027,0.008227018004053894,3,8.130459054896614,0.12351133517781344,7.991282237559027,8.227018004053892,3,0.9908773497269715,0.0003791555052077979,0.9905855268170738,0.9913059066118737,3,0.9984729594750551,0.00011765106502581415,0.9983492997141327,0.9985835025031067,3,1762.0,780.4325723597138,997,2557,3,1912.3333333333333,1645.586926702243,328,3613,3,19.333333333333332,5.033222956847167,14,24,3,19.666666666666668,4.932882862316247,14,23,3,-0.3333333333333333,1.5275252316519468,-2,1,3,-150.33333333333334,2159.3972152740525,-2616,1404,3,93.36865079365079,38.65397051291697,49.85,123.71428571428571,3,0.8451272222721329,0.04981313003561808,0.7898361932141467,0.8865031593447729,3,1.0,0.0,True,True,3,-0.0023182916631220296,0.03592067532936641,-0.043322734499205096,0.02359425940241322,3,-4.0975974272843343e-05,0.00018414764651556072,-0.000242160067804819,0.00011923214498628897,3,0,91.13793103448276
Exploits,fusion_ae_scaled,0.01,3,0.9986678698504708,0.0003023475592894605,0.998320655932036,0.9988730349741181,3,0.8581782207175039,0.009127805221084787,0.848160333020008,0.8660241123476418,3,0.9230919118419155,0.005415310329560829,0.917134793222677,0.927716721218411,3,0.008203395031102479,0.0016752267392885244,0.00714372200024216,0.010134732323834507,3,8.20339503110248,1.6752267392885234,7.14372200024216,10.134732323834506,3,0.991281668743515,0.0010378443473667556,0.9902574883174672,0.9923326575838675,3,0.9984687196465777,0.0003247437799654376,0.9981148480568256,0.9987530784189818,3,535.0,347.7944795421572,304,935,3,613.6666666666666,599.5717916424466,171,1296,3,9.0,9.643650760992955,2,20,3,8.666666666666666,5.507570547286102,3,14,3,0.3333333333333333,14.468356276140469,-9,17,3,-78.66666666666667,847.0332539713735,-930,764,3,90.64999999999999,54.751872114111315,46.75,152.0,3,0.847193523592769,0.012927701086545035,0.8360734285628725,0.8613781331416764,3,0.6666666666666666,0.5773502691896258,False,True,3,-0.0012512756172322985,0.014112842560584439,-0.015401430842607367,0.012823955955418298,3,3.196000193302073e-05,0.001732166467151264,-0.0010897203051216855,0.002026946464766902,3,0,59.44444444444444
Exploits,fusion_ae_scaled_latent,0.01,3,0.998647720317991,6.117106519568365e-05,0.9985792137018296,0.9986968743600723,3,0.8769965698791017,0.014128009194373908,0.8612024976500604,0.8884307101218866,3,0.933837053641328,0.008062352341074764,0.9248170445942536,0.9403423282880956,3,0.008531003498543082,0.0001529619362449227,0.008413461538461538,0.008703946583999046,3,8.531003498543084,0.15296193624492402,8.413461538461538,8.703946583999047,3,0.9910763564092928,0.0007494921765210058,0.9902635744083914,0.9917401917472695,3,0.9984055759742766,0.0002775143893976034,0.9980854422480949,0.9985778916880709,3,1513.6666666666667,438.8306431111361,1085,1962,3,465.6666666666667,178.24795463997148,314,662,3,19.333333333333332,5.033222956847167,14,24,3,16.333333333333332,3.785938897200183,12,19,3,3.0,1.7320508075688772,2,5,3,1048.0,570.5690142305311,423,1541,3,80.90476190476191,26.242353923681883,54.25,106.71428571428571,3,0.8732069595424191,0.013675735759765011,0.8576048872518193,0.8831192166022819,3,1.0,0.0,True,True,3,0.017567073544365448,0.00963194130296042,0.007005166931637441,0.025866120585470664,3,0.000359568469373625,0.0002048968267208534,0.00024038461538461453,0.0005961607249314414,3,0,78.29310344827586
Exploits,selective_fusion,0.01,3,0.9986285672791965,0.0001100507603566942,0.9985028193661287,0.9987073083912547,3,0.8688230249413809,0.012119734894508363,0.8616778140019494,0.8828166401695814,3,0.9291848470099437,0.006935335094563213,0.9251323873016446,0.937192886841712,3,0.008569491475429127,0.0005371900228976263,0.008173076923076924,0.0091808751639442,3,8.569491475429126,0.5371900228976255,8.173076923076923,9.180875163944199,3,0.9918580141132841,0.0004008325488728983,0.9913975416339453,0.9921287541066632,3,0.9987386947327636,0.00010615477904131663,0.9986214992950024,0.9988284012789973,3,560.0,890.1982925168976,9,1587,3,0.0,0.0,0,0,3,3.3333333333333335,4.932882862316247,0,9,3,0.0,0.0,0,0,3,3.3333333333333335,4.932882862316247,0,9,3,560.0,890.1982925168976,9,1587,2,130.16666666666669,65.28952612955788,84.0,176.33333333333334,3,0.8589025644097067,0.014154237251636831,0.8443386338454167,0.8726080316233942,3,1.0,0.0,True,True,3,0.009393528606644627,0.014947222289368331,0.00015124525257959043,0.026638243588022026,3,0.0003980564462596683,0.0005877219698223451,0.0,0.0010730893048765955,3,1,168.0
Exploits,selective_fusion_primary_0.75,0.01,3,0.9986673396329512,0.000308366548674662,0.9983112806452895,0.998847904145625,3,0.8632034600060066,0.017147632562464845,0.8434436685913791,0.8741807548818606,3,0.9259484034287427,0.01004991187134034,0.9143662996997544,0.9323654613075234,3,0.008244050951139982,0.001639696911954504,0.007211538461538462,0.010134732323834507,3,8.244050951139982,1.639696911954503,7.211538461538462,10.134732323834506,3,0.9918334929218449,0.0004179698960694052,0.9913518609284713,0.9921011752774124,3,0.9987349276796135,0.00010663737870723201,0.9986141100430355,0.998815924226197,3,1334.3333333333333,1027.1174875998038,368,2413,3,1112.3333333333333,745.9385586851864,469,1930,3,12.666666666666666,9.291573243177568,5,23,3,12.0,5.5677643628300215,6,17,3,0.6666666666666666,14.153915830374764,-8,17,3,222.0,699.0515002487299,-570,753,3,128.70434782608697,105.82513700406045,36.8,244.4,3,0.8617374898930913,0.00867655157697861,0.8546401940526458,0.8714101757853442,3,0.6666666666666666,0.5773502691896258,False,True,3,0.003773963671270364,0.011666918899974954,-0.009439586645469067,0.012654186132490808,3,7.261592197052465e-05,0.00169345908181428,-0.0009615384615384616,0.002026946464766902,3,0,105.34210526315789
Exploits,selective_fusion_primary_0.5,0.01,3,0.9986920922446686,0.0001132508822409704,0.9985614673033506,0.9987627531597381,3,0.8651466198880478,0.0229900701761064,0.8389116422720558,0.8817766275669681,3,0.9270266939591396,0.013335419669616398,0.9118009249546188,0.9366309062672926,3,0.008129498892190596,0.0004042359059609924,0.0078125,0.008584714439012759,3,8.129498892190595,0.40423590596099207,7.8125,8.584714439012759,3,0.9918090127331362,0.0003516968852688842,0.9914050126557867,0.9920467710188888,3,0.9987313215663072,9.594141383297373e-05,0.9986228367144203,0.9988050070519783,3,1646.6666666666667,832.5024524488401,813,2478,3,1308.3333333333333,914.0045587048969,444,2265,3,17.333333333333332,6.658328118479393,10,23,3,17.666666666666668,4.163331998932265,13,21,3,-0.3333333333333333,3.785938897200183,-3,4,3,338.3333333333333,811.2936172147131,-403,1205,3,105.14286803966438,61.09664960616095,42.78947368421053,164.9,3,0.8631250062388324,0.017279624056775366,0.8506573233911299,0.8828496990387207,3,1.0,0.0,True,True,3,0.00571712355331148,0.013589197028675887,-0.006673953365129881,0.020250058817598227,3,-4.19361369788628e-05,0.0004532340275780425,-0.00036057692307692353,0.0004769285799451541,3,0,95.0
Exploits,lightgbm,0.03,3,0.9959871662094706,0.0003578151505770086,0.9956492817719289,0.9963620386643234,3,0.9327776311373758,0.005282022744424337,0.9295857392238486,0.9388745363010069,3,0.9633420896449151,0.0029674751353456486,0.9614840406600752,0.9667644350465536,3,0.026987005111749923,0.001895932277932716,0.025063567017798764,0.02885417908668177,3,26.98700511174992,1.8959322779327161,25.063567017798764,28.854179086681768,3,0.9915918738940627,0.0008654172380087561,0.9907413295439276,0.9924714342234802,3,0.9986972943566762,0.00017675960109048963,0.998522866014004,0.9988762964440587,3,0.0,0.0,0,0,3,0.0,0.0,0,0,3,0.0,0.0,0,0,3,0.0,0.0,0,0,3,0.0,0.0,0,0,3,0.0,0.0,0,0,0,,,,,3,0.9293963804789427,0.007953197491307362,0.9248045997664182,0.9385799419039919,3,1.0,0.0,True,True,3,0.0,0.0,0.0,0.0,3,0.0,0.0,0.0,0.0,3,3,
Exploits,ae_plain,0.03,3,0.9931059058480356,0.0013522632134993502,0.9916271948710588,0.9942796300549072,3,0.7117256836175102,0.08117516844923593,0.6391759406465288,0.7993990868806231,3,0.8274838840734925,0.0547708387859137,0.7778628723447136,0.8862526168876483,3,0.03524446803252251,0.005967678577462177,0.03099648867901683,0.042067307692307696,3,35.24446803252251,5.967678577462175,30.99648867901683,42.06730769230769,3,0.9327482018553014,0.00887683000340049,0.9244503705508689,0.9421084136650638,3,0.9877403992190078,0.002871154861753146,0.9844687856648167,0.989840898156779,3,1617.0,425.0564668370545,1196,2046,3,14861.666666666666,4776.596312577956,9802,19293,3,255.0,44.19275958796871,228,306,3,186.33333333333334,11.0151410945722,179,199,3,68.66666666666667,49.52103929981007,32,125,3,-13244.666666666666,5199.784642976412,-18097,-7756,3,6.4536422756237,2.081502028986662,5.245614035087719,8.857142857142858,3,0.6803821160123379,0.07316437736274235,0.6236935884766268,0.7629742760458779,3,0.0,0.0,False,False,3,-0.22105194751986548,0.08541396977627586,-0.2996985956544781,-0.13018665234322546,3,0.008257462920772585,0.005954901559711936,0.0038154286395612226,0.015024038461538464,3,0,6.341176470588235
Exploits,ae_scaled,0.03,3,0.984870896457001,0.003262748703546463,0.9813258636788048,0.9877479879017789,3,0.29839040071808487,0.029247315968891314,0.2649312674352166,0.3190911499735029,3,0.4575179650676166,0.03521002423893687,0.41722353812970586,0.48235721170094253,3,0.0324756546155462,0.0035599908077336706,0.02893812810267587,0.036057692307692304,3,32.4756546155462,3.5599908077336715,28.93812810267587,36.05769230769231,3,0.9181627401735155,0.011186238285257543,0.9066303351571695,0.9289672611391483,3,0.9798077354454593,0.0015186713103195824,0.9781787297063566,0.9811844818345514,3,604.0,72.38093671679029,539,682,3,38549.666666666664,1410.8246997176268,37526,40159,3,253.33333333333334,32.715949219506584,223,288,3,207.66666666666666,14.74222959166399,191,219,3,45.666666666666664,25.423086620891123,30,75,3,-37945.666666666664,1434.700084802859,-39568,-36844,3,2.4026931717903004,0.34366093129133707,2.0520833333333335,2.7389558232931726,3,0.29199732478862833,0.055655401716582245,0.2325637109573863,0.3428862336417812,3,0.3333333333333333,0.5773502691896258,False,True,3,-0.6343872304192909,0.026469206786633316,-0.6649413504520552,-0.6184369544783135,3,0.005488649503796275,0.003057032944037906,0.003576964349588648,0.009014423076923073,3,0,2.3842105263157896
Exploits,isolation_forest,0.03,3,0.9799222474714805,0.002036973498427508,0.9779062401013621,0.9819795589026358,3,0.20224318451035947,0.016403667077462842,0.1838492010205452,0.21535506094329623,3,0.33506974648783433,0.02260370077071828,0.3097129930722466,0.3531056954721336,3,0.029942561346780375,0.0052111111962833264,0.02396566114224395,0.033533653846153845,3,29.942561346780376,5.211111196283328,23.96566114224395,33.53365384615385,3,0.8899789722985155,0.002580357746362843,0.8870301762556587,0.8918230966003717,3,0.9746545087634702,0.0026753713330597713,0.9717248221249586,0.9769680651790389,3,474.0,124.43070360646523,337,580,3,44174.333333333336,696.4498067580548,43564,44933,3,233.33333333333334,41.040630274562474,186,259,3,209.0,16.3707055437449,195,227,3,24.333333333333332,56.659803505954144,-41,60,3,-43700.333333333336,722.0667097528676,-44428,-42984,3,2.092001543424693,0.708336790101913,1.3215686274509804,2.71505376344086,3,0.1282504317272083,0.015322764432872532,0.11409576857425209,0.14452130686071932,3,0.3333333333333333,0.5773502691896258,False,True,3,-0.7305344466270163,0.01317843596797415,-0.7457365382033034,-0.7223473263200348,3,0.0029555562350304537,0.006804193955522607,-0.0048885179444378216,0.00726480203414457,3,0,2.0314285714285716
Exploits,ae_denoising,0.03,3,0.9875400379012168,0.003227654031545114,0.9841622672964713,0.990593016255268,3,0.3894719126296449,0.045805881967362724,0.3571404564245622,0.44188935141667784,3,0.5576518915612431,0.04683027677856878,0.5240937114673243,0.6111523818367537,3,0.034696578255533836,0.005800342455797408,0.029808036246572075,0.04110576923076923,3,34.69657825553384,5.8003424557974075,29.808036246572076,41.10576923076923,3,0.8817935985100629,0.02294157612346926,0.8583562931355985,0.9042050269181737,3,0.9760032365012493,0.0046997888791336945,0.9713549380966553,0.9807528767805893,3,1074.3333333333333,301.58304550046137,746,1339,3,33582.333333333336,2761.5047226708375,30394,35219,3,253.0,58.61740355901138,207,319,3,189.0,19.974984355438178,166,202,3,64.0,54.56189146281496,8,117,3,-32508.0,2994.3227948903573,-34388,-29055,3,4.4125712970453685,1.7899352666696375,3.2017167381974247,6.468599033816425,3,0.4918196428393176,0.040403141314486114,0.4621627287155991,0.537837271284401,3,0.3333333333333333,0.5773502691896258,False,True,3,-0.5433057185077309,0.04818639235637276,-0.5727321614627097,-0.48769638780717073,3,0.007709573143783913,0.006563597229295929,0.0009538571598903048,0.014062499999999999,3,0,4.246376811594203
Exploits,ae_latent,0.03,3,0.9819095799430245,0.00416864966239287,0.9789178950835873,0.9866711544934366,3,0.23802607138855758,0.03781086207213283,0.19685678325384207,0.27119954290323667,3,0.38216092156323866,0.049568687448229724,0.32779516593820235,0.4248463229390162,3,0.03130244600056218,0.007851931936942025,0.023607964707285083,0.039302884615384615,3,31.302446000562174,7.851931936942025,23.607964707285085,39.30288461538461,3,0.882256323961261,0.002246971493598275,0.8799596000661859,0.8844499970612247,3,0.968521076466554,0.004418959008288263,0.9634688955329171,0.9716666825322712,3,897.0,231.77359642547725,659,1122,3,42472.0,2674.352071063195,40317,45465,3,243.66666666666666,66.68083182844477,180,313,3,208.0,17.69180601295413,189,224,3,35.666666666666664,73.9075999700527,-44,102,3,-41575.0,2900.6862981025715,-44806,-39195,3,3.803042551773993,1.158859990906152,2.76890756302521,5.055555555555555,3,0.257319398277084,0.08855736814889487,0.16817895966220464,0.345281945317881,3,0.3333333333333333,0.5773502691896258,False,True,3,-0.6947515597488182,0.04278384574854935,-0.7420177530471649,-0.6586730749840352,3,0.004315440888812254,0.00886429365310455,-0.005246214379396687,0.012259615384615383,3,0,3.6812585499316004
Exploits,learned_fusion,0.03,3,0.995895805238479,0.00018840082541113056,0.9957325494918016,0.9961019543626073,3,0.9369767221360862,0.009010634504013057,0.9267852411234764,0.943886800053713,3,0.9655227701199453,0.00470737942472987,0.9601942247310536,0.9691167600172339,3,0.027752094019543618,0.0011305947278880575,0.02651652742462768,0.028734946941695483,3,27.75209401954362,1.1305947278880533,26.51652742462768,28.73494694169548,3,0.9908773497269715,0.0003791555052077979,0.9905855268170738,0.9913059066118737,3,0.9984729594750551,0.00011765106502581415,0.9983492997141327,0.9985835025031067,3,671.3333333333334,332.9749740345862,303,951,3,424.6666666666667,527.2706452414484,99,1033,3,25.666666666666668,9.237604307034013,15,31,3,19.333333333333332,3.5118845842842457,16,23,3,6.333333333333333,6.658328118479393,-1,12,3,246.66666666666666,853.8719654218268,-730,852,3,32.56344086021505,27.70381201457201,9.774193548387096,63.4,3,0.9364138192635183,0.018304336970738785,0.9155212170215314,0.949630162010002,3,1.0,0.0,True,True,3,0.004199090998710371,0.014241366961964368,-0.012089295177530546,0.014301060829864376,3,0.0007650889077936961,0.0008042957636160261,-0.00011923214498628723,0.001452960406828914,3,0,26.155844155844157
Exploits,rank_or,0.03,3,0.9956877804661232,0.0007922699892195527,0.9947743039913506,0.9961876728846017,3,0.9281544076543683,0.002059051858183484,0.9263461796696656,0.9303954689984102,3,0.9607350137014053,0.001242615955660574,0.9599582536093234,0.9621681794827881,3,0.02888070661227518,0.005176423462616058,0.025754143317038274,0.03485576923076923,3,28.88070661227518,5.176423462616059,25.754143317038274,34.85576923076923,3,0.9891774608360593,0.0015149128595538634,0.9881568099790842,0.9909180971371148,3,0.9981697905338581,0.00037309046496480263,0.9979188062470716,0.9985985179998762,3,850.3333333333334,322.36056417206703,480,1068,3,1128.0,134.52509059651288,992,1261,3,110.33333333333333,43.89001405027496,84,161,3,94.66666666666667,18.036999011291574,76,112,3,15.666666666666666,45.981880489311585,-26,65,3,-277.6666666666667,205.52453219344238,-512,-128,3,8.12090134334826,3.7308353700462082,5.714285714285714,12.418604651162791,3,0.9355653380448996,0.0008727375196156605,0.9348665888060372,0.9365435869793071,3,0.6666666666666666,0.5773502691896258,False,True,3,-0.004623223483007477,0.0033833216549196406,-0.008479067302596732,-0.0021510435922427185,3,0.0018937015005252601,0.0055147677140031034,-0.0031000357696434958,0.0078125,3,0,7.706948640483383
Exploits,fusion_control,0.03,3,0.9959871662094706,0.0003578151505770086,0.9956492817719289,0.9963620386643234,3,0.9327776311373758,0.005282022744424337,0.9295857392238486,0.9388745363010069,3,0.9633420896449151,0.0029674751353456486,0.9614840406600752,0.9667644350465536,3,0.026987005111749923,0.001895932277932716,0.025063567017798764,0.02885417908668177,3,26.98700511174992,1.8959322779327161,25.063567017798764,28.854179086681768,3,0.9915918738940627,0.0008654172380087561,0.9907413295439276,0.9924714342234802,3,0.9986972943566762,0.00017675960109048963,0.998522866014004,0.9988762964440587,3,0.0,0.0,0,0,3,0.0,0.0,0,0,3,0.0,0.0,0,0,3,0.0,0.0,0,0,3,0.0,0.0,0,0,3,0.0,0.0,0,0,0,,,,,3,0.9293963804789427,0.007953197491307362,0.9248045997664182,0.9385799419039919,3,1.0,0.0,True,True,3,0.0,0.0,0.0,0.0,3,0.0,0.0,0.0,0.0,3,3,
Exploits,fusion_latent,0.03,3,0.9959323666585568,0.00032017270239280074,0.995695175750676,0.9962965550974775,3,0.9405212429272147,0.0035789221009473885,0.9375357106846368,0.9444886062533121,3,0.9674320229774068,0.00202893656504909,0.9657924348654029,0.9697010915768355,3,0.027589446193894963,0.0016908269974464619,0.025668967187310814,0.02885417908668177,3,27.58944619389496,1.6908269974464636,25.668967187310813,28.854179086681768,3,0.9912850304508929,0.000777524880340698,0.9905309481305906,0.9920840488974049,3,0.9985389399259512,0.00014885105220841148,0.9983797286222991,0.9986746299457918,3,579.0,133.22537295875736,434,696,3,116.33333333333333,30.28751117760146,95,151,3,22.666666666666668,7.637626158259734,16,31,3,17.666666666666668,2.886751345948129,16,21,3,5.0,5.0,0,10,3,462.6666666666667,127.13116586161449,339,593,3,27.915770609318997,13.507257862110992,19.580645161290324,43.5,3,0.9428023837331176,0.004243838580778755,0.9394184409906268,0.947563860689366,3,1.0,0.0,True,True,3,0.007743611789839029,0.0021709215345437124,0.0056140699523051785,0.00995367261984692,3,0.0006024410821450417,0.0006009670023042804,0.0,0.0012019230769230761,3,0,25.544117647058822
Exploits,fusion_ae_plain,0.03,3,0.9959816965781951,0.0003449026072341427,0.9956210119930651,0.996308284489546,3,0.9368946998676493,0.005444058768061079,0.9326454475178974,0.9430312665606784,3,0.9655300656436433,0.002999712149450754,0.9632895353479249,0.9689379695250088,3,0.027147484994247115,0.0018756937041375919,0.025547887153408402,0.029211875521640635,3,27.14748499424711,1.875693704137592,25.547887153408404,29.211875521640636,3,0.9919865761672497,0.000746531156035326,0.9914964861332664,0.9928457608962565,3,0.998579096527585,0.00022928036863332783,0.9983914055093565,0.9988346471655539,3,313.0,67.08949247087803,244,378,3,66.66666666666667,12.013880860626735,55,79,3,13.333333333333334,1.1547005383792517,12,14,3,12.0,4.358898943540674,9,17,3,1.3333333333333333,3.7859388972001824,-3,4,3,246.33333333333334,79.10330797971304,165,323,3,23.857142857142858,7.11386975261305,17.428571428571427,31.5,3,0.9364537477914533,0.008082698141278545,0.9302248974335938,0.9455873985565837,3,1.0,0.0,True,True,3,0.004117068730273547,0.0013248536580951864,0.0027728296306255285,0.005421646300523664,3,0.00016047988249719264,0.0004556682305888268,-0.00036057692307692527,0.000484320135609638,3,0,23.475
Exploits,fusion_ae_plain_latent,0.03,3,0.9959523398531277,0.00033823323539272106,0.9956459925359872,0.9963153115395362,3,0.9410345510012125,0.0035259939011079476,0.9378718112459248,0.9448363804981452,3,0.9677129475501983,0.001984142563773499,0.9660132415941841,0.9698932408540731,3,0.027467997814759934,0.001838340618959505,0.025547887153408402,0.029211875521640635,3,27.467997814759936,1.838340618959505,25.547887153408404,29.211875521640636,3,0.991748316924567,0.0007964607103068993,0.9911049299473923,0.9926391233731756,3,0.9985541959595393,0.0001968873716025016,0.9984349512599222,0.9987814493425919,3,606.6666666666666,143.9768499910084,454,740,3,113.33333333333333,31.77000681985028,94,150,3,22.333333333333332,5.859465277082315,18,29,3,18.333333333333332,4.932882862316247,15,24,3,4.0,1.0,3,5,3,493.3333333333333,142.7912228861891,360,644,3,28.465772669220943,10.965335015483168,21.586206896551722,41.111111111111114,3,0.9439203825152976,0.004231493919742578,0.9402569400772617,0.9485520917557572,3,1.0,0.0,True,True,3,0.008256919863836773,0.002434193315670782,0.0059618441971383,0.01080972203571906,3,0.0004809927030100132,0.00012166668196889449,0.00035769643495886516,0.0006009615384615363,3,0,27.16417910447761
Exploits,fusion_ae_denoising,0.03,3,0.9959866661624401,0.00033529969956876306,0.9957105127886985,0.9963597542834142,3,0.9434578229858389,0.001028615720273152,0.9428159777424483,0.9446442375558767,3,0.9690106412995264,0.0005180603360037542,0.9685929323321235,0.9695903406640793,3,0.02730781384099944,0.0019015497244288695,0.025184647051701176,0.02885417908668177,3,27.307813840999444,1.9015497244288688,25.184647051701173,28.854179086681768,3,0.9913550996776134,0.0009887171170116602,0.9904173397657745,0.9923879089715557,3,0.9985368663360106,0.00024900616712436775,0.9982940653335678,0.9987916453444045,3,681.3333333333334,365.37971116816726,260,911,3,44.333333333333336,30.435724623102594,22,79,3,10.333333333333334,5.686240703077327,4,15,3,7.666666666666667,4.509249752822894,3,12,3,2.6666666666666665,3.7859388972001824,0,7,3,637.0,348.147957052745,238,879,3,66.16111111111111,6.0918965604894915,60.733333333333334,72.75,3,0.948362431248066,0.0024331024385755014,0.9458269697241937,0.9506782858682957,3,1.0,0.0,True,True,3,0.010680191848463102,0.005880427515690091,0.003941441441441373,0.014771619668604852,3,0.00032080872924952183,0.00045484557979244273,0.0,0.0008413461538461543,3,0,65.93548387096774
Exploits,fusion_ae_denoising_latent,0.03,3,0.995895805238479,0.00018840082541113056,0.9957325494918016,0.9961019543626073,3,0.9369767221360862,0.009010634504013057,0.9267852411234764,0.943886800053713,3,0.9655227701199453,0.00470737942472987,0.9601942247310536,0.9691167600172339,3,0.027752094019543618,0.0011305947278880575,0.02651652742462768,0.028734946941695483,3,27.75209401954362,1.1305947278880533,26.51652742462768,28.73494694169548,3,0.9908773497269715,0.0003791555052077979,0.9905855268170738,0.9913059066118737,3,0.9984729594750551,0.00011765106502581415,0.9983492997141327,0.9985835025031067,3,671.3333333333334,332.9749740345862,303,951,3,424.6666666666667,527.2706452414484,99,1033,3,25.666666666666668,9.237604307034013,15,31,3,19.333333333333332,3.5118845842842457,16,23,3,6.333333333333333,6.658328118479393,-1,12,3,246.66666666666666,853.8719654218268,-730,852,3,32.56344086021505,27.70381201457201,9.774193548387096,63.4,3,0.9364138192635183,0.018304336970738785,0.9155212170215314,0.949630162010002,3,1.0,0.0,True,True,3,0.004199090998710371,0.014241366961964368,-0.012089295177530546,0.014301060829864376,3,0.0007650889077936961,0.0008042957636160261,-0.00011923214498628723,0.001452960406828914,3,0,26.155844155844157
Exploits,fusion_ae_scaled,0.03,3,0.9959546584939778,0.0003880987529222797,0.9955610445864432,0.9963369963369964,3,0.9361916524939781,0.004546698187296188,0.933519308977246,0.9414414414414415,3,0.9651455995367945,0.002569613590017523,0.9635930529689463,0.968111647550685,3,0.0273061894243241,0.0021440472341144328,0.025305727085603583,0.0295695719565995,3,27.306189424324106,2.1440472341144297,25.305727085603586,29.5695719565995,3,0.991281668743515,0.0010378443473667556,0.9902574883174672,0.9923326575838675,3,0.9984687196465777,0.0003247437799654376,0.9981148480568256,0.9987530784189818,3,232.33333333333334,52.53887449625594,181,286,3,28.333333333333332,16.623276853055575,13,46,3,7.666666666666667,5.507570547286102,4,14,3,5.0,2.6457513110645907,3,8,3,2.6666666666666665,3.055050463303893,0,6,3,204.0,43.965895873961216,155,240,3,38.042857142857144,18.604295093294112,20.428571428571427,57.5,3,0.935435570329111,0.007057254359618234,0.9311532357080825,0.9435809900278501,3,1.0,0.0,True,True,3,0.0034140213566023667,0.0007580519668011358,0.002566905140434561,0.004028467839398364,3,0.0003191843125741831,0.0003638630103404299,0.0,0.0007153928699177303,3,0,30.304347826086957
Exploits,fusion_ae_scaled_latent,0.03,3,0.9959049242641077,0.0003561824686196595,0.9955847531556552,0.9962885803819961,3,0.9395849268542907,0.0025321475996573995,0.9376533458810876,0.9424516428192898,3,0.9669245821536135,0.001484585479519347,0.9658718137360973,0.9686226118037531,3,0.027747782278739336,0.001962963560274209,0.025668967187310814,0.0295695719565995,3,27.747782278739336,1.9629635602742097,25.668967187310813,29.5695719565995,3,0.9910763564092928,0.0007494921765210058,0.9902635744083914,0.9917401917472695,3,0.9984055759742766,0.0002775143893976034,0.9980854422480949,0.9985778916880709,3,529.3333333333334,149.61394765640443,357,626,3,123.0,32.046840717924134,86,142,3,23.333333333333332,5.131601439446884,19,29,3,17.0,4.0,13,21,3,6.333333333333333,1.5275252316519465,5,8,3,406.3333333333333,169.2700012800063,216,540,3,23.345570037947535,8.632278562746981,16.227272727272727,32.94736842105263,3,0.9414647780472953,0.002541800506486402,0.9395981193663343,0.9443595963225826,3,1.0,0.0,True,True,3,0.0068072957169150366,0.0028700735583303666,0.003577106518282913,0.009064052638646403,3,0.0007607771669894137,0.0001823552071573243,0.0006054001695120492,0.0009615384615384616,3,0,22.685714285714287
Exploits,selective_fusion,0.03,3,0.995955341714495,0.0002997882303353622,0.9956581312169689,0.9962576428420831,3,0.936038828969115,0.005326047506646489,0.9298894229153363,0.9391869209077481,3,0.9650627716289271,0.0028389051684535845,0.9617868161473949,0.9668030690537084,3,0.027308653276212264,0.0016672153010830366,0.02579004722121322,0.029092643376654344,3,27.308653276212265,1.6672153010830377,25.79004722121322,29.092643376654348,3,0.9917527574348749,0.000622043590654151,0.9910893594812987,0.9923229214931049,3,0.9987216317747202,0.00014153050032645432,0.9985740688925024,0.9988562390275076,3,194.33333333333334,327.0998828084983,1,572,3,0.0,0.0,0,0,3,2.6666666666666665,3.0550504633038935,0,6,3,0.0,0.0,0,0,3,2.6666666666666665,3.0550504633038935,0,6,3,194.33333333333334,327.0998828084983,1,572,2,143.83333333333334,201.05402811737503,1.6666666666666667,286.0,3,0.9349364637299235,0.008847187848284399,0.9248345461623694,0.9413050639355554,3,1.0,0.0,True,True,3,0.003261197831739282,0.005491091141551621,1.680502806444828e-05,0.009601181683899562,3,0.0003216481644623438,0.0003703147839603828,0.0,0.000726480203414457,3,1,72.875
Exploits,selective_fusion_primary_0.75,0.03,3,0.995982084059598,0.00028818953799528054,0.9957669146298265,0.9963095091647189,3,0.9408777276283703,0.002504278417965964,0.9388745363010069,0.943685376661743,3,0.9676446809188851,0.0012159560814267933,0.9667397068728845,0.9690268537350477,3,0.02726930171861476,0.0016247107893247155,0.025426807119505995,0.028496482651722905,3,27.26930171861476,1.6247107893247121,25.426807119505995,28.496482651722904,3,0.9917855285743449,0.0005480151976160717,0.9911876395427973,0.9922639645558894,3,0.998726819151425,0.00013032312754937157,0.9985889094810477,0.9988479257812766,3,649.6666666666666,349.74466877042363,261,939,3,167.33333333333334,83.9186113644246,99,261,3,21.333333333333332,9.073771725877465,13,31,3,19.0,4.358898943540674,16,24,3,2.3333333333333335,5.033222956847167,-3,7,3,482.3333333333333,433.65462448051136,0,840,3,36.48068651778329,31.454991712718197,13.05,72.23076923076923,3,0.9437307220076064,0.005632072434398796,0.9380109603809181,0.9492708052585871,3,1.0,0.0,True,True,3,0.00810009649099445,0.007280741319768758,0.0,0.014099637437894441,3,0.0002822966068648398,0.0006036055578438919,-0.00035769643495886516,0.0008413461538461543,3,0,30.453125
Exploits,selective_fusion_primary_0.5,0.03,3,0.9959210701934113,0.0001968978440690166,0.9957673644316934,0.9961430081014442,3,0.9402386451075962,0.0035487815540253473,0.9366885267620562,0.9437860883577279,3,0.9672766359642515,0.0017895731357101905,0.9655013485370934,0.9690801606314955,3,0.02767260592288609,0.0010309336482192068,0.02651652742462768,0.028496482651722905,3,27.672605922886092,1.0309336482192033,26.51652742462768,28.496482651722904,3,0.9918399554616748,0.0004570293013390899,0.9913257373688417,0.992199829273623,3,0.9987354478727823,0.00011582187080302401,0.9986101870992083,0.9988386616269636,3,670.3333333333334,332.002008026056,303,949,3,226.66666666666666,181.47267930279017,103,435,3,25.333333333333332,9.814954576223638,14,31,3,19.666666666666668,3.0550504633038935,17,23,3,5.666666666666667,7.76745346515403,-3,12,3,443.6666666666667,511.5215863806075,-132,846,3,34.014592933947775,30.15725667997961,9.774193548387096,67.78571428571429,3,0.9422833128699627,0.008201231188100526,0.9333393226125236,0.9494504836342946,3,1.0,0.0,True,True,3,0.007461013970220513,0.008571416235058842,-0.0021860095389507617,0.014200349133879353,3,0.0006856008111361701,0.0009363363390685938,-0.00035769643495886516,0.001452960406828914,3,0,26.460526315789473
Exploits,lightgbm,0.05,3,0.9931784275883885,0.000326218941042465,0.9928118096707458,0.9934366516614549,3,0.9526315038217906,0.0044923789830405405,0.948720961460991,0.9575384207737149,3,0.9724790947904997,0.002408046162637532,0.9704925351350887,0.9751572698294908,3,0.047026032829776236,0.0019826616797743216,0.04554667938476213,0.04927884615384615,3,47.026032829776234,1.9826616797743226,45.54667938476213,49.27884615384615,3,0.9915918738940627,0.0008654172380087561,0.9907413295439276,0.9924714342234802,3,0.9986972943566762,0.00017675960109048963,0.998522866014004,0.9988762964440587,3,0.0,0.0,0,0,3,0.0,0.0,0,0,3,0.0,0.0,0,0,3,0.0,0.0,0,0,3,0.0,0.0,0,0,3,0.0,0.0,0,0,0,,,,,3,0.9507381786601982,0.005799171960652173,0.9465456832270236,0.9573563321654239,3,1.0,0.0,True,True,3,0.0,0.0,0.0,0.0,3,0.0,0.0,0.0,0.0,3,3,
Exploits,ae_plain,0.05,3,0.99113032243693,0.0015662678148018164,0.9893217601937828,0.9920392755153934,3,0.8393591481054591,0.015445192963336057,0.8236312304641549,0.8545051698670606,3,0.9089092108974931,0.009643542537925136,0.8989050492452726,0.9181463212285716,3,0.05387575062230112,0.008409547609980845,0.04876594729939192,0.06358173076923077,3,53.87575062230112,8.409547609980846,48.76594729939192,63.58173076923077,3,0.9327482018553014,0.00887683000340049,0.9244503705508689,0.9421084136650638,3,0.9877403992190078,0.002871154861753146,0.9844687856648167,0.989840898156779,3,1376.3333333333333,237.0028129228287,1114,1575,3,8153.333333333333,936.0247503850169,7188,9057,3,368.6666666666667,64.53164598345012,327,443,3,311.6666666666667,12.01388086062674,300,324,3,57.0,53.70288632839021,25,119,3,-6777.0,1040.546010515633,-7617,-5613,3,3.7941847620099534,0.8859575749574649,3.250564334085779,4.81651376146789,3,0.8183651264237016,0.02561154608060232,0.7914832449914653,0.8424819572964394,3,0.6666666666666666,0.5773502691896258,False,True,3,-0.11327235571633154,0.017304288544543453,-0.12800389876651097,-0.09421579159393045,3,0.00684971779252488,0.006455347660916697,0.003027000847560239,0.014302884615384613,3,0,3.733273056057866
Exploits,ae_scaled,0.05,3,0.9831127336584585,0.001378840549691569,0.981576512156137,0.9842430858806405,3,0.4369828816798816,0.040925123535592044,0.39170135625083924,0.47133062212213894,3,0.6042910945512435,0.03988992006889759,0.5599520095980803,0.6372652602160799,3,0.05371390626637407,0.002406662727715232,0.05222367950399428,0.056490384615384616,3,53.71390626637407,2.4066627277152293,52.223679503994276,56.49038461538461,3,0.9181627401735155,0.011186238285257543,0.9066303351571695,0.9289672611391483,3,0.9798077354454593,0.0015186713103195824,0.9781787297063566,0.9811844818345514,3,647.3333333333334,209.42142520127527,486,884,3,31493.666666666668,2466.3871012745203,29153,34069,3,396.0,28.583211855912904,373,428,3,340.3333333333333,24.378952670968726,322,368,3,55.666666666666664,4.509249752822894,51,60,3,-30846.333333333332,2302.875883180276,-33185,-28581,3,1.641211795297077,0.5571286346059438,1.3029490616621984,2.2842377260981914,3,0.4701783806985496,0.05137595811209305,0.4148773695085796,0.5164255981792591,3,0.0,0.0,False,False,3,-0.515648622141909,0.038711031023697925,-0.5570196052101518,-0.4803045071085269,3,0.006687873436597831,0.0005183139119945748,0.006175081729022883,0.007211538461538464,3,0,1.6346801346801347
Exploits,isolation_forest,0.05,3,0.9761520747189062,0.0009689834154584124,0.9753691275167785,0.9772357723577236,3,0.2959584849211382,0.0549846278150806,0.2439405129582382,0.3534937653345881,3,0.45236886117485325,0.06458478690297498,0.39027337665825235,0.5191840159938789,3,0.051733720897614764,0.007600859399898453,0.043758197209967806,0.05889423076923077,3,51.733720897614766,7.600859399898454,43.758197209967804,58.89423076923077,3,0.8899789722985155,0.002580357746362843,0.8870301762556587,0.8918230966003717,3,0.9746545087634702,0.0026753713330597713,0.9717248221249586,0.9769680651790389,3,605.0,194.49421585229726,419,807,3,39892.666666666664,3166.841381145153,36400,42577,3,388.3333333333333,64.6864230989265,321,450,3,349.3333333333333,18.147543451754927,336,370,3,39.0,48.815980989835694,-15,80,3,-39287.666666666664,3311.4242152483785,-41988,-35593,3,1.563892025238389,0.4338917964288382,1.0634517766497462,1.8348909657320873,3,0.2312460695355314,0.04271376554208432,0.18800347378193036,0.27341059503488757,3,0.3333333333333333,0.5773502691896258,False,True,3,-0.6566730189006524,0.05407838706792758,-0.7047804485027529,-0.5981413638960777,3,0.004707688067838528,0.005865533304996528,-0.0017884821747943258,0.009615384615384616,3,0,1.55793991416309
Exploits,ae_denoising,0.05,3,0.9837476403115465,0.0029323764278716925,0.9808281034746671,0.9866926898509581,3,0.43625952901380655,0.028101401047975098,0.41133412824589294,0.46671478447697057,3,0.6041272468691682,0.02721855038978382,0.5801034647857718,0.6336888645790602,3,0.051564098152531525,0.00790735843075107,0.04471205436985811,0.060216346153846155,3,51.56409815253153,7.907358430751069,44.712054369858116,60.21634615384615,3,0.8817935985100629,0.02294157612346926,0.8583562931355985,0.9042050269181737,3,0.9760032365012493,0.0046997888791336945,0.9713549380966553,0.9807528767805893,3,820.6666666666666,196.61722542374903,599,974,3,31719.0,1950.8682682334038,29690,33581,3,361.3333333333333,77.18376340483361,300,448,3,323.6666666666667,28.867513459481295,307,357,3,37.666666666666664,49.57149718672348,-7,91,3,-30898.333333333332,2134.710831314942,-32982,-28716,3,2.3379265873015873,0.7934234425726456,1.7827380952380953,3.2466666666666666,3,0.5415805707783069,0.026545212399181516,0.5159464558440392,0.5689515766777469,3,0.6666666666666666,0.5773502691896258,False,True,3,-0.516371974807984,0.032338272081771716,-0.5462042925278219,-0.4820061769840205,3,0.004538065322755286,0.005952846780808764,-0.000834625014904021,0.010937500000000003,3,0,2.2712177121771218
Exploits,ae_latent,0.05,3,0.9778577265536487,0.004244977719960888,0.9740691906824889,0.9824455205811138,3,0.32154534263932316,0.0559659235253692,0.2569223635400106,0.3541526789311132,3,0.4821531746753374,0.06543529511719419,0.40659931071536215,0.5206287321719391,3,0.05144385755384193,0.007318939456925959,0.04495051865983069,0.059375,3,51.44385755384193,7.318939456925959,44.95051865983069,59.375,3,0.882256323961261,0.002246971493598275,0.8799596000661859,0.8844499970612247,3,0.968521076466554,0.004418959008288263,0.9634688955329171,0.9716666825322712,3,899.0,36.29049462324811,858,927,3,38671.333333333336,3891.8275055985378,36334,43164,3,388.0,59.90826320300064,335,453,3,351.3333333333333,15.502687938977974,340,369,3,36.666666666666664,44.76978147515725,-5,84,3,-37772.333333333336,3927.158302555849,-42306,-35422,3,2.350220189737518,0.3431522990556919,2.0463576158940397,2.7223880597014927,3,0.37936094391040037,0.10233393351366886,0.2640074267061959,0.45922798191237685,3,0.3333333333333333,0.5773502691896258,False,True,3,-0.6310861611824675,0.06024016599790232,-0.7006160572337043,-0.5945682825298779,3,0.0044178247240657,0.005377026325836866,-0.0005961607249314396,0.010096153846153845,3,0,2.3170103092783507
Exploits,learned_fusion,0.05,3,0.9932084308510395,0.0002679388837761644,0.9929048414023373,0.9934118620975113,3,0.9567409940967918,0.002794791551449512,0.9539116322204557,0.9594998823648035,3,0.9746320725240775,0.0013298379844296202,0.9732611285239974,0.9759165883257841,3,0.04702539272130555,0.0017589647747941026,0.045785143674734706,0.04903846153846154,3,47.02539272130556,1.7589647747941042,45.785143674734705,49.03846153846154,3,0.9908773497269715,0.0003791555052077979,0.9905855268170738,0.9913059066118737,3,0.9984729594750551,0.00011765106502581415,0.9983492997141327,0.9985835025031067,3,427.3333333333333,208.5097919363341,187,560,3,183.66666666666666,192.62485128698563,67,406,3,26.666666666666668,9.29157324317757,19,37,3,26.666666666666668,10.016652800877813,17,37,3,0.0,2.0,-2,2,3,243.66666666666666,400.74222803859004,-219,482,3,18.93980164374901,12.550132811791931,5.054054054054054,29.473684210526315,3,0.958025135008335,0.0062926159751409685,0.9507681250561495,0.961968077141916,3,1.0,0.0,True,True,3,0.004109490275001219,0.006700764784568214,-0.0036267885532591526,0.008090506244125106,3,-6.401084706800231e-07,0.000239425094433698,-0.00024038461538461453,0.00023846428997257446,3,0,16.025
Exploits,rank_or,0.05,3,0.9924922190249038,0.0009988220577154402,0.9913457149878875,0.9931740614334471,3,0.9491145087918701,0.00022930913000581235,0.9489391701356251,0.9493740063593005,3,0.9703186698803913,0.0005387855748626621,0.9697266295762071,0.9707802379238812,3,0.05159081039645288,0.0066374301879641205,0.04770553335754934,0.05925480769230769,3,51.59081039645289,6.637430187964121,47.70553335754934,59.25480769230769,3,0.9891774608360593,0.0015149128595538634,0.9881568099790842,0.9909180971371148,3,0.9981697905338581,0.00037309046496480263,0.9979188062470716,0.9985985179998762,3,581.3333333333334,200.80919633655557,358,747,3,793.0,58.5064099052403,734,851,3,196.66666666666666,54.9939390599849,155,259,3,158.66666666666666,20.526405757787533,136,176,3,38.0,39.1279950930277,12,83,3,-211.66666666666666,257.7156055292992,-493,13,3,3.1068757383273513,1.4987762874463597,2.034090909090909,4.819354838709677,3,0.9566975114544963,0.0007080280548340136,0.9560386907435691,0.9574461713532776,3,0.6666666666666666,0.5773502691896258,False,True,3,-0.0035169950299206074,0.004265113779057625,-0.0081644144144144,0.00021820867463406834,3,0.004564777566676642,0.004703796644661769,0.001452960406828914,0.009975961538461538,3,0,2.9559322033898305
Exploits,fusion_control,0.05,3,0.9931784275883885,0.000326218941042465,0.9928118096707458,0.9934366516614549,3,0.9526315038217906,0.0044923789830405405,0.948720961460991,0.9575384207737149,3,0.9724790947904997,0.002408046162637532,0.9704925351350887,0.9751572698294908,3,0.047026032829776236,0.0019826616797743216,0.04554667938476213,0.04927884615384615,3,47.026032829776234,1.9826616797743226,45.54667938476213,49.27884615384615,3,0.9915918738940627,0.0008654172380087561,0.9907413295439276,0.9924714342234802,3,0.9986972943566762,0.00017675960109048963,0.998522866014004,0.9988762964440587,3,0.0,0.0,0,0,3,0.0,0.0,0,0,3,0.0,0.0,0,0,3,0.0,0.0,0,0,3,0.0,0.0,0,0,3,0.0,0.0,0,0,0,,,,,3,0.9507381786601982,0.005799171960652173,0.9465456832270236,0.9573563321654239,3,1.0,0.0,True,True,3,0.0,0.0,0.0,0.0,3,0.0,0.0,0.0,0.0,3,3,
Exploits,fusion_latent,0.05,3,0.993235190323917,0.0003128780960605868,0.9928922337200794,0.9935050468699125,3,0.957383808253629,0.0029267136872087453,0.954276890022828,0.9600887652358241,3,0.9749785618264627,0.0015552958463338246,0.9734014776005684,0.9765111127955061,3,0.04686456863907438,0.0018859578534473973,0.04566591152974842,0.04903846153846154,3,46.864568639074385,1.8859578534473977,45.66591152974842,49.03846153846154,3,0.9912850304508929,0.000777524880340698,0.9905309481305906,0.9920840488974049,3,0.9985389399259512,0.00014885105220841148,0.9983797286222991,0.9986746299457918,3,367.0,114.37219941926448,236,447,3,83.33333333333333,3.2145502536643202,81,87,3,24.333333333333332,2.5166114784235827,22,27,3,25.666666666666668,4.509249752822894,21,30,3,-1.3333333333333333,2.0816659994661326,-3,1,3,283.6666666666667,113.65004766093736,154,366,3,15.455246913580247,5.8179550624618,8.74074074074074,19.0,3,0.9590333303386936,0.002701324270080384,0.9565477794747402,0.9619081843500135,3,1.0,0.0,True,True,3,0.004752304431838457,0.0019299977423926286,0.002550344462109222,0.006150640271569197,3,-0.0001614641907018502,0.0002507313149198829,-0.00036324010170722676,0.0001192321449862907,3,0,15.082191780821917
Exploits,fusion_ae_plain,0.05,3,0.993242689910463,0.00023680575001799628,0.9930394025778695,0.9935027086333402,3,0.955218677096907,0.004110710357890871,0.9517087417752115,0.959740990990991,3,0.9738569246103848,0.002228427051918783,0.9720050744017006,0.9763300650291452,3,0.046702391903405936,0.0010125341046877644,0.0458893328490132,0.04783653846153846,3,46.70239190340593,1.0125341046877638,45.8893328490132,47.83653846153846,3,0.9919865761672497,0.000746531156035326,0.9914964861332664,0.9928457608962565,3,0.998579096527585,0.00022928036863332783,0.9983914055093565,0.9988346471655539,3,197.66666666666666,8.504900548115387,189,206,3,43.0,14.106735979665885,28,56,3,12.0,3.0,9,15,3,14.666666666666666,8.504900548115383,5,21,3,-2.6666666666666665,9.50438495292217,-12,7,3,154.66666666666666,22.546248764114473,133,178,3,17.255555555555556,4.700630375377958,12.6,22.0,3,0.9553199772407391,0.0052524134560327975,0.951666516934687,0.9613392028269397,3,1.0,0.0,True,True,3,0.002587173275116409,0.0003928496145448596,0.002202570217276101,0.002987780314220423,3,-0.00032364092637029995,0.0011389827519800908,-0.0014423076923076941,0.000834625014904021,3,0,16.47222222222222
Exploits,fusion_ae_plain_latent,0.05,3,0.9931823542530197,0.0003340272566503805,0.9928285465622281,0.9934922592135909,3,0.9580638543595504,0.0029124189238568074,0.9549483013293943,0.9607180710121886,3,0.975305641756277,0.0015607190248903852,0.9737112343397002,0.9768303360948339,3,0.047263905302275415,0.0019572181358428692,0.04601041288291561,0.04951923076923077,3,47.26390530227542,1.9572181358428673,46.01041288291561,49.51923076923077,3,0.991748316924567,0.0007964607103068993,0.9911049299473923,0.9926391233731756,3,0.9985541959595393,0.0001968873716025016,0.9984349512599222,0.9987814493425919,3,393.3333333333333,108.09409481249813,269,465,3,69.0,12.165525060596439,55,77,3,24.333333333333332,4.04145188432738,20,28,3,22.333333333333332,7.234178138070234,14,27,3,2.0,4.0,-2,6,3,324.3333333333333,116.25116486871576,192,410,3,16.555714285714284,5.77017189288754,10.76,22.3,3,0.9602212040447599,0.002542858732717389,0.9578354745006439,0.9628964154164046,3,1.0,0.0,True,True,3,0.005432350537759922,0.001978836519566758,0.0031796502384737746,0.0068900615064027,3,0.00023787247249917645,0.0004787814117963197,-0.00024216006780481553,0.0007153928699177303,3,0,16.164383561643834
Exploits,fusion_ae_denoising,0.05,3,0.9932649071840122,0.00030002133464112637,0.9929253072363503,0.9934940089950904,3,0.9582816826484192,0.001744963472616818,0.9564589767691688,0.9599368130944779,3,0.9754590644749866,0.0008106941977263478,0.9745677196463083,0.9761524330328534,3,0.046705272391524,0.0019384119064199264,0.04530821509478956,0.04891826923076923,3,46.705272391524,1.938411906419929,45.30821509478955,48.91826923076923,3,0.9913550996776134,0.0009887171170116602,0.9904173397657745,0.9923879089715557,3,0.9985368663360106,0.00024900616712436775,0.9982940653335678,0.9987916453444045,3,385.3333333333333,247.20504309850423,100,535,3,48.666666666666664,10.016652800877814,41,60,3,9.0,2.6457513110645907,6,11,3,11.666666666666666,2.3094010767585034,9,13,3,-2.6666666666666665,0.5773502691896257,-3,-2,3,336.6666666666667,244.4879001777661,55,494,3,39.176767676767675,19.73429059487912,16.666666666666668,53.5,3,0.9611495423192485,0.0018567570482966624,0.9595723654658161,0.9631958793759171,3,1.0,0.0,True,True,3,0.00565017882662866,0.004114055065691105,0.0009108373078962062,0.008301683863812026,3,-0.000320760438252241,7.128299338801559e-05,-0.00036324010170722676,-0.00023846428997257446,3,0,42.81481481481482
Exploits,fusion_ae_denoising_latent,0.05,3,0.9932084308510395,0.0002679388837761644,0.9929048414023373,0.9934118620975113,3,0.9567409940967918,0.002794791551449512,0.9539116322204557,0.9594998823648035,3,0.9746320725240775,0.0013298379844296202,0.9732611285239974,0.9759165883257841,3,0.04702539272130555,0.0017589647747941026,0.045785143674734706,0.04903846153846154,3,47.02539272130556,1.7589647747941042,45.785143674734705,49.03846153846154,3,0.9908773497269715,0.0003791555052077979,0.9905855268170738,0.9913059066118737,3,0.9984729594750551,0.00011765106502581415,0.9983492997141327,0.9985835025031067,3,427.3333333333333,208.5097919363341,187,560,3,183.66666666666666,192.62485128698563,67,406,3,26.666666666666668,9.29157324317757,19,37,3,26.666666666666668,10.016652800877813,17,37,3,0.0,2.0,-2,2,3,243.66666666666666,400.74222803859004,-219,482,3,18.93980164374901,12.550132811791931,5.054054054054054,29.473684210526315,3,0.958025135008335,0.0062926159751409685,0.9507681250561495,0.961968077141916,3,1.0,0.0,True,True,3,0.004109490275001219,0.006700764784568214,-0.0036267885532591526,0.008090506244125106,3,-6.401084706800231e-07,0.000239425094433698,-0.00024038461538461453,0.00023846428997257446,3,0,16.025
Exploits,fusion_ae_scaled,0.05,3,0.9931306666810963,0.00035333102370943586,0.9927481783074423,0.9934448734448734,3,0.9548540970008735,0.0038314070309639573,0.9510876863166375,0.958747350291468,3,0.9736138689988273,0.0020613992564464012,0.971687273849742,0.9757877615688654,3,0.04746481763256932,0.002091448134826746,0.046252572950720425,0.049879807692307696,3,47.46481763256933,2.091448134826744,46.25257295072043,49.87980769230769,3,0.991281668743515,0.0010378443473667556,0.9902574883174672,0.9923326575838675,3,0.9984687196465777,0.0003247437799654376,0.9981148480568256,0.9987530784189818,3,154.0,51.79768334587948,95,192,3,21.333333333333332,13.012814197295423,8,34,3,9.666666666666666,3.785938897200183,7,14,3,6.0,2.6457513110645907,3,8,3,3.6666666666666665,3.214550253664318,0,6,3,132.66666666666666,55.96725232967341,73,184,3,16.69047619047619,6.352861051322858,12.5,24.0,3,0.9547210493217141,0.004534877176937929,0.950947803431857,0.9597520438415237,3,1.0,0.0,True,True,3,0.0022225931790828732,0.0009498352043962532,0.0012089295177530879,0.0030921251638490466,3,0.0004387848027930912,0.0003842820705892195,0.0,0.0007153928699177303,3,0,15.931034482758621
Exploits,fusion_ae_scaled_latent,0.05,3,0.9932404303547798,0.00030855491410331057,0.9929059471519208,0.9935139587158325,3,0.956488272584027,0.0028833047966054315,0.9532865583456426,0.958879835718071,3,0.9745165046649072,0.0015203523263752478,0.9728826915170619,0.9758897044571602,3,0.04678414452520948,0.0018489144460555158,0.04566591152974842,0.04891826923076923,3,46.784144525209484,1.8489144460555171,45.66591152974842,48.91826923076923,3,0.9910763564092928,0.0007494921765210058,0.9902635744083914,0.9917401917472695,3,0.9984055759742766,0.0002775143893976034,0.9980854422480949,0.9985778916880709,3,328.6666666666667,115.61285972301408,199,421,3,98.66666666666667,17.47378989610821,84,118,3,26.0,7.0,21,34,3,28.0,9.16515138991168,20,38,3,-2.0,2.6457513110645907,-4,1,3,230.0,133.06765196696003,81,337,3,13.86195347704299,6.949816875116304,5.852941176470588,18.304347826086957,3,0.9581249563281725,0.0021731951879492683,0.9557691731800078,0.9600515078010361,3,1.0,0.0,True,True,3,0.0038567687622364697,0.0022464390960615812,0.001341414944356134,0.005663294457701751,3,-0.00024188830456675636,0.00031880100372493395,-0.000484320135609638,0.0001192321449862907,3,0,12.64102564102564
Exploits,selective_fusion,0.05,3,0.9931411017641718,0.0002857569391673606,0.9928111531817627,0.9933088106498511,3,0.9553504069740439,0.0031559135393177096,0.9518598093191889,0.9580021197668257,3,0.9738774229170563,0.0016135161318081817,0.972142697958274,0.9753334120146347,3,0.04742904112531087,0.0019944135613321665,0.04554667938476213,0.04951923076923077,3,47.42904112531087,1.9944135613321694,45.54667938476213,49.51923076923077,3,0.9916659657231522,0.000717950883169137,0.9909446462085097,0.9923804998776687,3,0.9987085983050393,0.00015592185894123956,0.9985524503951644,0.9988642931255798,3,162.0,123.41393762456492,28,271,3,0.0,0.0,0,0,3,3.3333333333333335,4.163331998932265,0,8,3,0.0,0.0,0,0,3,3.3333333333333335,4.163331998932265,0,8,3,162.0,123.41393762456492,28,271,2,69.5,93.33809511662427,3.5,135.5,3,0.9553998342966091,0.0030569291156915396,0.9520258736861019,0.9579852064804001,3,1.0,0.0,True,True,3,0.00271890315225339,0.002077315168193995,0.0004636989931108282,0.004554162605451495,3,0.0004030082955346302,0.0005043816409883383,0.0,0.000968640271219276,3,1,48.6
Exploits,selective_fusion_primary_0.75,0.05,3,0.9932543784788299,0.00029327588449672344,0.9929377794012768,0.9935167669819432,3,0.9576176511991682,0.0014410926199991412,0.9567600688924218,0.9592814169999664,3,0.975110007658932,0.000615519935938312,0.9747185007224507,0.9758194794649344,3,0.04674346445967333,0.001780683372457084,0.045647172781208376,0.04879807692307692,3,46.74346445967333,1.7806833724570834,45.647172781208376,48.79807692307692,3,0.9917291464065024,0.0006641758413966346,0.991035541306013,0.9923593453606168,3,0.998717961864157,0.00014789212115203212,0.998565935030975,0.9988613396704012,3,418.3333333333333,221.56789779508523,163,560,3,121.66666666666667,76.50054466037045,77,210,3,25.333333333333332,7.767453465154029,19,34,3,27.666666666666668,11.015141094572204,17,39,3,-2.3333333333333335,3.785938897200183,-5,2,3,296.6666666666667,297.93008128306434,-47,482,3,19.132745546731275,12.816254946751927,4.794117647058823,29.473684210526315,3,0.959781990237475,0.00312132823544937,0.9561884227233253,0.9618183451621597,3,1.0,0.0,True,True,3,0.004986147377377533,0.004997141311865628,-0.000778351881293049,0.008090506244125106,3,-0.00028256837010290126,0.0004555101451910526,-0.0006054001695120492,0.00023846428997257446,3,0,16.513157894736842
Exploits,selective_fusion_primary_0.5,0.05,3,0.9932113810514402,0.0002713260866945997,0.9929048414023373,0.9934207126987135,3,0.9571715717332517,0.002170776651547445,0.9552033651298357,0.9594998823648035,3,0.9748574531704396,0.0009969481618933161,0.9739372704630841,0.9759165883257841,3,0.04702539272130555,0.0017589647747941026,0.045785143674734706,0.04903846153846154,3,47.02539272130556,1.7589647747941042,45.785143674734705,49.03846153846154,3,0.9917692814695466,0.0005726712112240431,0.9911478628058294,0.9922757749924237,3,0.9987243234347524,0.00013406540005281314,0.9985829091373972,0.9988495744086441,3,427.3333333333333,208.5097919363341,187,560,3,157.66666666666666,147.61549150862632,67,328,3,26.666666666666668,9.29157324317757,19,37,3,26.666666666666668,10.016652800877813,17,37,3,0.0,2.0,-2,2,3,269.6666666666667,355.7166475347103,-141,482,3,18.93980164374901,12.550132811791931,5.054054054054054,29.473684210526315,3,0.9587937591710838,0.0049634288073478845,0.9530739975443955,0.961968077141916,3,1.0,0.0,True,True,3,0.004540067911461221,0.005955101514043587,-0.002335055643879147,0.008090506244125106,3,-6.401084706800231e-07,0.000239425094433698,-0.00024038461538461453,0.00023846428997257446,3,0,16.025
Exploits,naive_or,0.01,3,0.9970415174180562,0.0006550905947732019,0.996301277740417,0.9975464615948,3,0.8925167168237326,0.01205565576261833,0.8790284678393984,0.902242315845257,3,0.9418592274721873,0.006719539911417616,0.9344265220184141,0.9475038913381856,3,0.019024332733013006,0.004154735404125106,0.016224724542922873,0.023798076923076922,3,19.024332733013008,4.154735404125107,16.22472454292287,23.798076923076923,3,0.9891774608360593,0.0015149128595538634,0.9881568099790842,0.9909180971371148,3,0.9981697905338581,0.00037309046496480263,0.9979188062470716,0.9985985179998762,3,1976.0,677.6997860409873,1257,2603,3,0.0,0.0,0,0,3,90.33333333333333,34.645827069552446,66,130,3,0.0,0.0,0,0,3,90.33333333333333,34.645827069552446,66,130,3,1976.0,677.6997860409873,1257,2603,3,23.21993783993784,10.07075430736367,15.907692307692308,34.70666666666666,3,0.8996895556953054,0.009388199110831587,0.8888689246249214,0.9056688527535711,3,0.0,0.0,False,False,3,0.033087220488996406,0.011528254689989387,0.02081677265500792,0.04369209077480862,3,0.010852897703843548,0.00416003385376697,0.007991282237559027,0.015624999999999998,3,0,21.874538745387454
Exploits,naive_or,0.03,3,0.9916675593382163,0.001054490403350603,0.990458651232132,0.9923979336201386,3,0.9507622582891525,0.0015846219330706295,0.9489967398245555,0.9520612327111588,3,0.9707840989801862,0.0013080856345205338,0.9692845066554526,0.97169043642126,3,0.05739835446683967,0.0069175266496637605,0.05327521491706018,0.06538461538461539,3,57.39835446683967,6.917526649663762,53.275214917060175,65.38461538461539,3,0.9891774608360593,0.0015149128595538634,0.9881568099790842,0.9909180971371148,3,0.9981697905338581,0.00037309046496480263,0.9979188062470716,0.9985985179998762,3,1074.3333333333333,301.58304550046137,746,1339,3,0.0,0.0,0,0,3,253.0,58.61740355901138,207,319,3,0.0,0.0,0,0,3,253.0,58.61740355901138,207,319,3,1074.3333333333333,301.58304550046137,746,1339,3,4.4125712970453685,1.7899352666696375,3.2017167381974247,6.468599033816425,3,0.9587638127751325,0.0016905794838765476,0.9573862785613751,0.960650435720061,3,0.0,0.0,False,False,3,0.017984627151776844,0.005155933240604732,0.012354266030736638,0.02247549348731026,3,0.03041134935508975,0.007090832829796628,0.02468105401216168,0.038341346153846156,3,0,4.246376811594203
Exploits,naive_or,0.05,3,0.9871459274597192,0.001610598803798869,0.9853019271948608,0.9882771542018324,3,0.9663676310154724,0.001207621948514564,0.9650698267758829,0.96745826709062,3,0.9766454056179502,0.0008570574392322619,0.9758485252076247,0.9775520619807397,3,0.09045892907419288,0.011323237267392008,0.08131632288064862,0.103125,3,90.45892907419288,11.323237267392006,81.31632288064863,103.125,3,0.9891774608360593,0.0015149128595538634,0.9881568099790842,0.9909180971371148,3,0.9981697905338581,0.00037309046496480263,0.9979188062470716,0.9985985179998762,3,820.6666666666666,196.61722542374903,599,974,3,0.0,0.0,0,0,3,361.3333333333333,77.18376340483361,300,448,3,0.0,0.0,0,0,3,361.3333333333333,77.18376340483361,300,448,3,820.6666666666666,196.61722542374903,599,974,3,2.3379265873015873,0.7934234425726456,1.7827380952380953,3.2466666666666666,3,0.9717106379580551,0.0005102617482359177,0.9712215134908514,0.9722396909531937,3,0.0,0.0,False,False,3,0.013736127193681927,0.0033792688103311272,0.009919846316905123,0.01634886531489188,3,0.043432896244416645,0.00934676155843977,0.03576964349588649,0.05384615384615384,3,0,2.2712177121771218
DoS,lightgbm,0.01,3,0.9975378755503915,0.0007514661288640031,0.9966702313824616,0.9979815231736666,3,0.8999340903454388,0.030492137776399683,0.8695995309822314,0.9305814006263332,3,0.9460379835785617,0.016558346073103806,0.9293778843489053,0.9624926651801432,3,0.011880770631364836,0.0038772215961530034,0.0093964582580412,0.016348448687350834,3,11.880770631364838,3.877221596153004,9.3964582580412,16.348448687350835,3,0.9936858420315478,0.0003517287101588933,0.993371599142835,0.9940657899570955,3,0.9986265078613455,7.107748648899915e-05,0.9985523057072994,0.9986939822710269,3,0.0,0.0,0,0,3,0.0,0.0,0,0,3,0.0,0.0,0,0,3,0.0,0.0,0,0,3,0.0,0.0,0,0,3,0.0,0.0,0,0,0,,,,,3,0.9217764731463362,0.03405776990995591,0.8871493803000652,0.9552348336594912,3,0.6666666666666666,0.5773502691896258,False,True,3,0.0,0.0,0.0,0.0,3,0.0,0.0,0.0,0.0,3,3,
DoS,ae_plain,0.01,3,0.9931930379563366,0.0015286248558451427,0.9914963064765504,0.9944627357078719,3,0.2909526963143421,0.02896198669017475,0.2586318926306827,0.31455090092134524,3,0.44954884223750113,0.03511222679333611,0.4102500310983953,0.4778337010479868,3,0.010494806546033845,0.0015212597538776496,0.008914588603782676,0.011949305974652987,3,10.494806546033844,1.5212597538776484,8.914588603782677,11.949305974652987,3,0.9388379722162012,0.004365587809206903,0.9339697137259113,0.9424049745229403,3,0.9860513928530285,0.001370316807711244,0.98450711634671,0.9871221541252612,3,364.6666666666667,138.15329649824986,259,521,3,27374.333333333332,1799.030386995543,25534,29129,3,76.33333333333333,12.055427546683415,65,89,3,88.0,30.347981810987037,69,123,3,-11.666666666666666,33.17127271199182,-48,17,3,-27009.666666666668,1670.6772080007954,-28608,-25275,3,4.675071545183905,1.0259099337906852,3.9846153846153847,5.853932584269663,3,0.19631985214176995,0.029937571152895595,0.16177429876060012,0.21469341161121983,3,0.3333333333333333,0.5773502691896258,False,True,3,-0.6089813940310967,0.0360532034503704,-0.6409894467970694,-0.569924235591233,3,-0.0013859640853309911,0.003967928674453559,-0.005727923627684962,0.0020519010259505126,3,0,4.777292576419214
DoS,ae_scaled,0.01,3,0.9826582990506528,0.004447627685749182,0.979256827339203,0.9876912840984697,3,0.12706421932410117,0.025626043604424522,0.09847415473549775,0.14796608640750428,3,0.22440622671317048,0.0405815637351358,0.1789823053898312,0.25708632882132854,3,0.011945008180416853,0.0042178439463305545,0.00883054892601432,0.016744970485483675,3,11.945008180416854,4.2178439463305555,8.83054892601432,16.744970485483677,3,0.9243285981553918,0.009537441302150472,0.9165221482825838,0.9349591770946313,3,0.9752353808873458,0.0032492462616657276,0.9723946135688165,0.9787782941813696,3,50.666666666666664,47.26873526268005,19,105,3,34326.666666666664,1952.681574997146,32108,35784,3,96.66666666666667,34.58805188693537,71,136,3,96.33333333333333,32.715949219506584,75,134,3,0.3333333333333333,62.0429958442799,-63,61,3,-34276.0,1998.221459198154,-35756,-32003,3,0.45900461830753003,0.27334639141964406,0.2676056338028169,0.7720588235294118,3,0.05098934550989345,0.004992808220571878,0.04794520547945205,0.05675146771037182,3,0.3333333333333333,0.5773502691896258,False,True,3,-0.7728698710213378,0.04445165195417023,-0.8011471846922542,-0.7216334445747271,3,6.423754905201737e-05,0.007437680617348633,-0.007517899761336514,0.007348512227442476,3,0,0.5241379310344828
DoS,isolation_forest,0.01,3,0.9835595485239175,0.005579890615113957,0.9778692743180648,0.9890220820189275,3,0.12713845178276106,0.0803197171108106,0.034425634275858936,0.1756178440993928,3,0.2188101417244566,0.1319259240663325,0.06652341694439572,0.298272319050156,3,0.011401531313218347,0.00890278263056977,0.0029832935560859188,0.020720395133116493,3,11.401531313218348,8.902782630569769,2.983293556085919,20.720395133116494,3,0.8923329773221339,0.012143151762360863,0.8808026513848748,0.9050079031346789,3,0.9672736603546029,0.006720533047909701,0.9601447495739139,0.9734932123079332,3,168.0,161.8919392681427,0,323,3,34424.0,4450.088987874287,31146,39490,3,92.66666666666667,71.23435500749153,25,167,3,97.0,34.87119154832539,73,137,3,-4.333333333333333,103.3166653223638,-112,94,3,-34256.0,4582.6131191712,-39490,-30965,3,1.6132154296059042,1.9330596107424778,0.0,3.755813953488372,3,0.048325722983257234,0.026181703051357103,0.018590998043052837,0.06792237442922375,3,0.3333333333333333,0.5773502691896258,False,True,3,-0.7727956385626777,0.1076075710384437,-0.8961557663504742,-0.6982276540092,3,-0.00047923931814649055,0.01238010742432203,-0.013365155131264916,0.011323936875075293,3,0,1.8129496402877698
DoS,ae_denoising,0.01,3,0.9840032554413284,0.0076578197720748396,0.9757387247278383,0.990858635324845,3,0.12367302216487035,0.04792414630595541,0.07028746835159419,0.1629836745738252,3,0.2175684596709229,0.07721192452391408,0.1311290390001254,0.27970512547646226,3,0.009662398508116768,0.0031111277334874426,0.006682577565632458,0.012890013251415491,3,9.662398508116768,3.111127733487443,6.682577565632458,12.890013251415493,3,0.8619756175612396,0.027072948006132466,0.8420705143269154,0.8928036251654197,3,0.9575506119678763,0.008805186445380073,0.9500073820311827,0.967226129876612,3,77.66666666666667,8.144527815247079,72,87,3,34507.0,2879.275603341924,31409,37101,3,74.0,28.0,46,102,3,92.66666666666667,29.838453936712828,73,127,3,-18.666666666666668,56.44761583391572,-81,29,3,-34429.333333333336,2872.3468337464633,-37014,-31337,3,1.1634178935969217,0.45153145320563476,0.7058823529411765,1.608695652173913,3,0.080588171341596,0.007072030829369496,0.07583170254403131,0.08871493803000652,3,0.6666666666666666,0.5773502691896258,False,True,3,-0.7762610681805686,0.06301516748353422,-0.8293338710761579,-0.7066158564084062,3,-0.002218372123248068,0.006749205970885882,-0.009665871121718376,0.003493554993374292,3,0,1.0495495495495495
DoS,ae_latent,0.01,3,0.8633955844704181,0.09498977146958669,0.767379679144385,0.9573248407643312,3,0.01811920776434377,0.013721731591633476,0.007738392411382925,0.03367614438394838,3,0.035286653718914124,0.026279001488586126,0.015339631129104813,0.06506352676348996,3,0.011790938780866641,0.007990525654467768,0.006324582338902148,0.020961329960245755,3,11.790938780866641,7.990525654467769,6.324582338902148,20.961329960245752,3,0.867625585222806,0.014127710416934698,0.8514804325422306,0.8777212125548995,3,0.9481622418984205,0.00908901236137438,0.9377264545839683,0.9543449687281975,3,14.0,11.532562594670797,3,26,3,39115.666666666664,1383.2271445186925,38017,40669,3,95.66666666666667,66.4253967495365,51,172,3,96.66666666666667,33.231511150312336,76,135,3,-1.0,90.8129946648606,-84,96,3,-39101.666666666664,1394.010879919284,-40666,-37991,3,0.13770377336981304,0.07308616465553237,0.058823529411764705,0.203125,3,0.011823222439660795,0.0033983473555405587,0.007909328114807566,0.014024787997390736,3,0.6666666666666666,0.5773502691896258,False,True,3,-0.8818148825810951,0.03583365096537956,-0.9228430082149502,-0.8566564444845314,3,-8.983185049819414e-05,0.010896739381664466,-0.010023866348448686,0.011564871702204556,3,0,0.14634146341463414
DoS,learned_fusion,0.01,3,0.9977896014989778,0.0008406620267978147,0.9968636794631787,0.9985049787029985,3,0.8818429740362085,0.07276628694711888,0.7981870659330748,0.9304679344619434,3,0.9351399049612704,0.04167440423482945,0.8871790373312949,0.9625221545359578,3,0.010558657539010417,0.004540766436037931,0.006384772918925431,0.015393794749403342,3,10.558657539010415,4.540766436037931,6.384772918925431,15.393794749403341,3,0.9925747902362548,0.0005122546805343096,0.9920463419353281,0.9930691483752229,3,0.9979338472286142,0.00010870323190435446,0.9978242266159503,0.9980416092448887,3,406.3333333333333,449.50787905589965,105,923,3,1207.0,1788.471693933119,153,3272,3,12.666666666666666,6.658328118479393,5,17,3,23.666666666666668,7.094598884597588,16,30,3,-11.0,12.767145334803704,-25,0,3,-800.6666666666666,2085.6189329149593,-3167,770,3,29.97426470588235,24.491935980901154,11.235294117647058,57.6875,3,0.9038377908240922,0.0828581534173788,0.808382257012394,0.9571917808219178,3,0.6666666666666666,0.5773502691896258,False,True,3,-0.018091116309230437,0.046986908637169214,-0.07141246504915666,0.017252582285855134,3,-0.00132211309235442,0.001539100977219918,-0.0030116853391157685,0.0,3,0,32.078947368421055
DoS,rank_or,0.01,3,0.9978074717145877,0.00025333950976925604,0.9975204562360526,0.9979999436603848,3,0.7923172901572612,0.030104288892726358,0.7614999549021376,0.8216538828121455,3,0.883056098666478,0.01866300359567046,0.8638189026729761,0.9010863208192825,3,0.00928758248328341,0.001257733569894705,0.008553186363088784,0.010739856801909307,3,9.28758248328341,1.257733569894705,8.553186363088784,10.739856801909308,3,0.9898306139776172,0.0011722847351865724,0.9884824305280224,0.9906098367636221,3,0.9976942512162448,0.00028203126110174024,0.99737020967511,0.9978843689964908,3,35.666666666666664,8.9628864398325,30,46,3,4808.0,33.8673884437522,4769,4830,3,35.0,6.244997998398398,28,40,3,56.666666666666664,15.885003409925142,47,75,3,-21.666666666666668,22.03028218914441,-47,-7,3,-4772.333333333333,42.8291178210962,-4800,-4723,3,1.029890604890605,0.23686913203036752,0.775,1.2432432432432432,3,0.7981626440530549,0.0355590917982979,0.7615786040443575,0.8325994781474233,3,0.6666666666666666,0.5773502691896258,False,True,3,-0.10761680018817772,0.001607431531324368,-0.10892751781418775,-0.10582330667025164,3,-0.002593188148081425,0.002622625131904661,-0.005608591885441527,-0.0008432718949524156,3,0,1.019047619047619
DoS,fusion_control,0.01,3,0.9975378755503915,0.0007514661288640031,0.9966702313824616,0.9979815231736666,3,0.8999340903454388,0.030492137776399683,0.8695995309822314,0.9305814006263332,3,0.9460379835785617,0.016558346073103806,0.9293778843489053,0.9624926651801432,3,0.011880770631364836,0.0038772215961530034,0.0093964582580412,0.016348448687350834,3,11.880770631364838,3.877221596153004,9.3964582580412,16.348448687350835,3,0.9936858420315478,0.0003517287101588933,0.993371599142835,0.9940657899570955,3,0.9986265078613455,7.107748648899915e-05,0.9985523057072994,0.9986939822710269,3,0.0,0.0,0,0,3,0.0,0.0,0,0,3,0.0,0.0,0,0,3,0.0,0.0,0,0,3,0.0,0.0,0,0,3,0.0,0.0,0,0,0,,,,,3,0.9217764731463362,0.03405776990995591,0.8871493803000652,0.9552348336594912,3,0.6666666666666666,0.5773502691896258,False,True,3,0.0,0.0,0.0,0.0,3,0.0,0.0,0.0,0.0,3,3,
DoS,fusion_latent,0.01,3,0.9978269745814279,0.0008790384226158869,0.9968641369083793,0.9985866311938809,3,0.8875425183420145,0.06521983203108382,0.8125056372327951,0.9306040938592112,3,0.9385828553422857,0.03698909802021576,0.8959866719713547,0.9625952137835522,3,0.01043811257651732,0.004660313255498552,0.006143838091796169,0.015393794749403342,3,10.438112576517318,4.6603132554985525,6.1438380917961695,15.393794749403341,3,0.9927523346698308,0.00055432519603107,0.9922974728127151,0.9933697680870485,3,0.9980070012972582,0.00011710192402041027,0.9979268156029886,0.998141383865122,3,445.0,518.3782402840613,99,1041,3,992.6666666666666,1418.986375316315,153,2631,3,13.0,5.291502622129181,7,17,3,25.0,9.0,16,34,3,-12.0,13.45362404707371,-27,-1,3,-547.6666666666666,1774.789095451438,-2532,888,3,31.671148459383755,32.70145156119187,11.470588235294118,69.4,3,0.9101978691019786,0.0739687599548026,0.8249347684279191,0.9571917808219178,3,0.6666666666666666,0.5773502691896258,False,True,3,-0.012391572003424481,0.03996830083963674,-0.0570938937494363,0.019896484506284895,3,-0.0014426580548475175,0.0016219870224545162,-0.0032526201662450302,-0.00012070006035003016,3,0,34.23076923076923
DoS,fusion_ae_plain,0.01,3,0.9974946641854453,0.00072522925612443,0.9966821660370048,0.9980765337112776,3,0.9156590032372761,0.02343512207139937,0.889239650040588,0.9339399990922707,3,0.954716891740226,0.012541816203028402,0.9405199141426186,0.9642915719674782,3,0.012283259263721868,0.003686957805886007,0.009155523430911939,0.016348448687350834,3,12.283259263721868,3.686957805886008,9.155523430911938,16.348448687350835,3,0.9938308090611517,0.0001554777209639036,0.9936535882431193,0.9939442772246538,3,0.9984441071322173,0.00019634432241182363,0.9983106190546434,0.9986695546454545,3,751.6666666666666,490.4633863331017,194,1116,3,52.333333333333336,19.295940851208407,37,74,3,9.333333333333334,2.3094010767585034,8,12,3,6.0,5.291502622129181,0,10,3,3.3333333333333335,7.571877794400365,-2,12,3,699.3333333333334,488.66382445740066,148,1079,3,78.45833333333333,48.59757152711782,24.25,118.125,3,0.9406392694063928,0.02555699715779874,0.9115296803652968,0.9593933463796478,3,0.3333333333333333,0.5773502691896258,False,True,3,0.015724912891837268,0.010947049890686032,0.0033585984659374457,0.024176021151217753,3,0.00040248863235703365,0.0009137622642837778,-0.00024093482712926086,0.0014484007242003619,3,0,80.53571428571429
DoS,fusion_ae_plain_latent,0.01,3,0.9977408881870953,0.0008807536474961618,0.9967846436514843,0.998518884226117,3,0.8935490541217447,0.0631869160473441,0.8208938396320015,0.9356646847909953,3,0.9419599204303699,0.03555462350808365,0.9010358013538431,0.9652581060517382,3,0.010918855746989914,0.004706117492206559,0.006505240332490061,0.01587112171837709,3,10.918855746989914,4.706117492206557,6.505240332490062,15.871121718377088,3,0.9932282445328736,0.00041013285563953574,0.9927757554456957,0.9935755228682884,3,0.9982262700695141,0.0001828418586644666,0.9981200123920548,0.9984373961384904,3,599.6666666666666,576.8728918343567,200,1261,3,881.0,1281.1467519374976,114,2360,3,14.333333333333334,7.234178138070234,6,19,3,22.333333333333332,8.020806277010642,14,30,3,-8.0,14.422205101855956,-24,4,3,-281.3333333333333,1683.8638108033956,-2160,1092,3,40.392787524366476,26.83864282433087,17.789473684210527,70.05555555555556,3,0.918161556860187,0.06981332306313491,0.8377364644487932,0.9631441617742987,3,0.3333333333333333,0.5773502691896258,False,True,3,-0.006385036223694129,0.037910597342074775,-0.04870569135022995,0.02446729851448548,3,-0.0009619148843749209,0.0017384242098935248,-0.002891217925551138,0.0004828002414001206,3,0,41.83720930232558
DoS,fusion_ae_denoising,0.01,3,0.9974729258319167,0.0007676205012108317,0.9966199786013034,0.9981082103670071,3,0.8876877233405053,0.04984533860744463,0.8327771263642103,0.9300821495030182,3,0.9388745048585055,0.02789327866730649,0.9079778733866011,0.9622021364009861,3,0.012081645577971556,0.004144125690697372,0.008432718949524154,0.01658711217183771,3,12.081645577971557,4.144125690697373,8.432718949524153,16.58711217183771,3,0.9923848002543915,0.0002812596597845486,0.9921822449120851,0.9927059312771214,3,0.9978859896946467,9.599155955158014e-05,0.9978014281900649,0.9979903300429909,3,112.33333333333333,46.09049070397638,68,160,3,655.3333333333334,941.338054756809,90,1742,3,9.333333333333334,2.081665999466133,7,11,3,7.666666666666667,9.291573243177568,0,18,3,1.6666666666666667,9.504384952922168,-8,11,3,-543.0,944.2727360249262,-1633,26,3,11.71991341991342,2.5177850545528884,9.714285714285714,14.545454545454545,3,0.9081865622961512,0.056232147813552076,0.845808871493803,0.9549902152641878,3,0.3333333333333333,0.5773502691896258,False,True,3,-0.012246367004933608,0.02129034510157389,-0.03682240461802111,0.0005825547265353448,3,0.00020087494660672028,0.001146187273937855,-0.0009637393085170452,0.0013277006638503317,3,0,12.035714285714286
DoS,fusion_ae_denoising_latent,0.01,3,0.9977896014989778,0.0008406620267978147,0.9968636794631787,0.9985049787029985,3,0.8818429740362085,0.07276628694711888,0.7981870659330748,0.9304679344619434,3,0.9351399049612704,0.04167440423482945,0.8871790373312949,0.9625221545359578,3,0.010558657539010417,0.004540766436037931,0.006384772918925431,0.015393794749403342,3,10.558657539010415,4.540766436037931,6.384772918925431,15.393794749403341,3,0.9925747902362548,0.0005122546805343096,0.9920463419353281,0.9930691483752229,3,0.9979338472286142,0.00010870323190435446,0.9978242266159503,0.9980416092448887,3,406.3333333333333,449.50787905589965,105,923,3,1207.0,1788.471693933119,153,3272,3,12.666666666666666,6.658328118479393,5,17,3,23.666666666666668,7.094598884597588,16,30,3,-11.0,12.767145334803704,-25,0,3,-800.6666666666666,2085.6189329149593,-3167,770,3,29.97426470588235,24.491935980901154,11.235294117647058,57.6875,3,0.9038377908240922,0.0828581534173788,0.808382257012394,0.9571917808219178,3,0.6666666666666666,0.5773502691896258,False,True,3,-0.018091116309230437,0.046986908637169214,-0.07141246504915666,0.017252582285855134,3,-0.00132211309235442,0.001539100977219918,-0.0030116853391157685,0.0,3,0,32.078947368421055
DoS,fusion_ae_scaled,0.01,3,0.9975062242484002,0.0007243892895485107,0.9966745151345971,0.9979991164929969,3,0.9001407099192941,0.032955177273149505,0.8660142509245061,0.9317841419688648,3,0.9461068182246665,0.017965268739151642,0.9273339691661334,0.9631375860572581,3,0.012041781594093344,0.0037796348917060905,0.00927599084447657,0.016348448687350834,3,12.041781594093344,3.7796348917060927,9.275990844476569,16.348448687350835,3,0.9934790787659589,0.00034942891156670687,0.9931378466580884,0.9938361647924296,3,0.9983532757164776,0.00013494008476874585,0.9982716429662255,0.9985090307580398,3,102.33333333333333,50.08326400438906,64,159,3,93.0,130.09227494359533,11,243,3,4.0,1.7320508075688772,3,6,3,2.6666666666666665,1.5275252316519468,1,4,3,1.3333333333333333,3.2145502536643185,-1,5,3,9.333333333333334,151.30212600401003,-159,134,3,25.277777777777775,3.4973534967860327,21.333333333333332,28.0,3,0.9222928897586432,0.03659923211124813,0.8837247227658187,0.956539465101109,3,0.3333333333333333,0.5773502691896258,False,True,3,0.00020661957385518606,0.003404932837275615,-0.003585280057725293,0.00300239743675923,3,0.00016101096272850708,0.00038791198846335783,-0.00012046741356462956,0.0006035003017501508,3,0,25.583333333333332
DoS,fusion_ae_scaled_latent,0.01,3,0.9977935543760518,0.0008327858812555334,0.9968680958508339,0.9984825074495088,3,0.889093474832613,0.06357933666938621,0.8160232704969784,0.9317841419688648,3,0.9394831781107799,0.035985758904674314,0.8980792138177487,0.9632279631693156,3,0.010598735794603492,0.0044414680605287275,0.006625707746054693,0.015393794749403342,3,10.598735794603492,4.441468060528727,6.625707746054692,15.393794749403341,3,0.9927827814380601,0.0005207512245528471,0.9923600983197506,0.9933645093819476,3,0.9980258458385793,8.889517700043363e-05,0.9979657771748311,0.9981279646293927,3,444.3333333333333,518.9531128467517,98,1041,3,923.3333333333334,1342.9349698825083,141,2474,3,13.0,5.291502622129181,7,17,3,23.666666666666668,7.094598884597588,16,30,3,-10.666666666666666,11.239810200058244,-23,-1,3,-479.0,1694.824179671744,-2376,886,3,31.603921568627452,32.75793642886069,11.411764705882353,69.4,3,0.9118558382257013,0.07227805552188908,0.828604044357469,0.9585779517286367,3,0.6666666666666666,0.5773502691896258,False,True,3,-0.01084061551282589,0.0381667024080941,-0.05357626048525299,0.019851672604243698,3,-0.001282034836761343,0.001355018648851667,-0.002770750511986507,-0.00012070006035003016,3,0,34.17948717948718
DoS,selective_fusion,0.01,3,0.9975381182861788,0.0007510457341077018,0.9966709595898233,0.9979815231736666,3,0.9000021700440728,0.030594832074300145,0.8695995309822314,0.9307856397222348,3,0.9460745073819913,0.01661282002882889,0.9293778843489053,0.9626022365904318,3,0.011880770631364836,0.0038772215961530034,0.0093964582580412,0.016348448687350834,3,11.880770631364838,3.877221596153004,9.3964582580412,16.348448687350835,3,0.9935620421542759,0.0003691909442957977,0.9933316799080316,0.9939878707946568,3,0.9986036168823312,6.792848783887103e-05,0.9985518449562641,0.9986805325446932,3,3.0,5.196152422706632,0,9,3,0.0,0.0,0,0,3,0.0,0.0,0,0,3,0.0,0.0,0,0,3,0.0,0.0,0,0,3,3.0,5.196152422706632,0,9,0,,,,,3,0.9218851924331376,0.03421812178023619,0.8871493803000652,0.9555609915198956,3,0.6666666666666666,0.5773502691896258,False,True,3,6.807969863387164e-05,0.00011791749699784318,0.0,0.00020423909590161493,3,0.0,0.0,0.0,0.0,3,3,
DoS,selective_fusion_primary_0.75,0.01,3,0.9975922329035214,0.0007360709416024362,0.9967699630852924,0.9981896597625259,3,0.8961222940391226,0.04499541862131526,0.8454496256877424,0.9313983570099397,3,0.9437287821799041,0.024985373533701838,0.9154926138444635,0.9629759977475892,3,0.011601737070641556,0.003911140960491088,0.008191784122394892,0.01587112171837709,3,11.601737070641555,3.9111409604910876,8.191784122394893,15.871121718377088,3,0.9935429093363779,0.0003704142318224532,0.9932942097289318,0.9939686195258167,3,0.9985995179113792,6.722318064765682e-05,0.9985516821118198,0.9986763768937581,3,293.0,271.7572446136441,87,601,3,461.0,605.1140388389613,70,1158,3,11.333333333333334,7.371114795831994,3,17,3,13.666666666666666,7.023769168568493,7,21,3,-2.3333333333333335,8.621678104251709,-10,7,3,-168.0,820.2517906106636,-1071,531,3,27.72128851540616,15.885285139789357,11.235294117647058,42.92857142857143,3,0.9193846488367036,0.050898024432430224,0.8616275277234181,0.9576810176125244,3,0.3333333333333333,0.5773502691896258,False,True,3,-0.0038117963063162286,0.018464126082550335,-0.024149905294489016,0.01189755999193387,3,-0.0002790335607232806,0.0010390761156507371,-0.0012046741356463078,0.0008449004224502111,3,0,25.852941176470587
DoS,selective_fusion_primary_0.5,0.01,3,0.9977222817193508,0.0007587772137449538,0.9968636794631787,0.9983027267668336,3,0.8855031312375491,0.06656605066864603,0.8090331018309732,0.9304679344619434,3,0.9373571045869289,0.03790805588263036,0.8937574730968514,0.9625221545359578,3,0.010879903975182764,0.004111644557512028,0.007348512227442477,0.015393794749403342,3,10.879903975182764,4.111644557512028,7.348512227442477,15.393794749403341,3,0.9934675732055706,0.00040762109933635196,0.9932089429327272,0.9939374580809606,3,0.9985823081406874,7.52787525751806e-05,0.9985276419295319,0.9986681698256747,3,406.0,448.9331798831537,105,922,3,1044.3333333333333,1512.8642812008395,146,2791,3,12.333333333333334,7.234178138070234,4,17,3,20.666666666666668,4.509249752822893,16,25,3,-8.333333333333334,8.504900548115382,-17,0,3,-638.3333333333334,1815.817813915629,-2686,776,3,31.70343137254902,23.670786600029356,11.235294117647058,57.625,3,0.9070993694281366,0.07735789335358874,0.8180039138943248,0.9571917808219178,3,0.6666666666666666,0.5773502691896258,False,True,3,-0.014430959107889793,0.040901441704648184,-0.060566429151258205,0.017387017991978615,3,-0.0010008666561820716,0.0010247548231436812,-0.0020479460305987225,0.0,3,0,32.91891891891892
DoS,lightgbm,0.03,3,0.9943046478430211,0.0009426286361404559,0.9932870153037273,0.9951479289940829,3,0.9549706964964337,0.006274466121946699,0.9480698114909353,0.9603322289293332,3,0.9742317746447736,0.002853410285642018,0.9710385921152913,0.9765316718587747,3,0.02914353745510979,0.004739454310416323,0.024695819780749306,0.034128878281622914,3,29.14353745510979,4.7394543104163205,24.695819780749307,34.12887828162291,3,0.9936858420315478,0.0003517287101588933,0.993371599142835,0.9940657899570955,3,0.9986265078613455,7.107748648899915e-05,0.9985523057072994,0.9986939822710269,3,0.0,0.0,0,0,3,0.0,0.0,0,0,3,0.0,0.0,0,0,3,0.0,0.0,0,0,3,0.0,0.0,0,0,3,0.0,0.0,0,0,0,,,,,3,0.9765438138725809,0.005181018724698333,0.9705642530984997,0.9796966731898239,3,0.6666666666666666,0.5773502691896258,False,True,3,0.0,0.0,0.0,0.0,3,0.0,0.0,0.0,0.0,3,3,
DoS,ae_plain,0.03,3,0.9928392783391221,0.00020346924915847406,0.9926724651495293,0.9930659670164917,3,0.8124417201558282,0.05281975146074343,0.751465680526743,0.8440993927987274,3,0.8929955905608727,0.03257324746416057,0.8553901437371664,0.9124221947734263,3,0.031204573837952516,0.0017376428641749809,0.02963498373689917,0.033071816535908266,3,31.20457383795252,1.7376428641749835,29.63498373689917,33.07181653590827,3,0.9388379722162012,0.004365587809206903,0.9339697137259113,0.9424049745229403,3,0.9860513928530285,0.001370316807711244,0.98450711634671,0.9871221541252612,3,564.0,89.23564310296643,510,667,3,6884.333333333333,2030.7339395729155,5684,9229,3,220.33333333333334,20.033305601755625,201,241,3,203.33333333333334,43.003875794320365,160,246,3,17.0,38.157568056677825,-27,41,3,-6320.333333333333,2079.9080107863742,-8719,-5017,3,2.552182153707862,0.20841650410383408,2.3515981735159817,2.767634854771784,3,0.8284953250706675,0.062142078191360896,0.7575831702544031,0.8734507501630789,3,0.3333333333333333,0.5773502691896258,False,True,3,-0.14252897634060555,0.0469316815873638,-0.19660413096419227,-0.11241065627030533,3,0.002061036382842727,0.004581321730521664,-0.003221957040572796,0.004939163956149864,3,0,2.5597579425113466
DoS,ae_scaled,0.03,3,0.9772222713240692,0.0037557008446889428,0.9741249305500437,0.9813996579247435,3,0.27556246843593263,0.0375502447423283,0.23743586296520355,0.3125085099623292,3,0.42901892513948986,0.04608186471061232,0.38196334276497196,0.4740610692278564,3,0.033893092392754814,0.004658956335833345,0.031145584725536992,0.03927237682206963,3,33.893092392754816,4.658956335833344,31.14558472553699,39.27237682206963,3,0.9243285981553918,0.009537441302150472,0.9165221482825838,0.9349591770946313,3,0.9752353808873458,0.0032492462616657276,0.9723946135688165,0.9787782941813696,3,67.33333333333333,22.810816147900834,47,92,3,30204.666666666668,1789.487449895454,28610,32140,3,255.33333333333334,48.52147290976783,222,311,3,216.0,28.827070610799147,190,247,3,39.333333333333336,74.52739988308551,-25,121,3,-30137.333333333332,1801.0081436055007,-32093,-28547,3,0.260440152557509,0.051210807294602465,0.2017167381974249,0.2958199356913183,3,0.18691563383344204,0.036866690516934926,0.1495433789954338,0.22325505544683627,3,0.0,0.0,False,False,3,-0.679408228060501,0.03630619271764104,-0.7190741861038291,-0.647823718967004,3,0.004749554937645023,0.008965277338562337,-0.002983293556085922,0.014576557041320326,3,0,0.26370757180156656
DoS,isolation_forest,0.03,3,0.9741511726704025,0.005247267488077068,0.9682539682539683,0.9783043707214323,3,0.21557963434348637,0.004191293657514529,0.21079744020333135,0.21861486410790706,3,0.3530147042441169,0.005448356758349306,0.3468568548010679,0.35720954072013034,3,0.030579585377642854,0.0068651861576884835,0.02458233890214797,0.03806770268642332,3,30.579585377642857,6.865186157688482,24.58233890214797,38.067702686423324,3,0.8923329773221339,0.012143151762360863,0.8808026513848748,0.9050079031346789,3,0.9672736603546029,0.006720533047909701,0.9601447495739139,0.9734932123079332,3,107.0,66.64082832618455,43,176,3,32896.666666666664,272.2725350330687,32583,33072,3,237.0,54.67174773134658,190,297,3,225.33333333333334,42.2532050066422,186,270,3,11.666666666666666,95.73052456418137,-80,111,3,-32789.666666666664,334.85718348772775,-33029,-32407,3,0.4247551749744732,0.1850460333389258,0.22631578947368422,0.5925925925925926,3,0.10233202870189172,0.00453772800977707,0.09711350293542075,0.10534898891063274,3,0.6666666666666666,0.5773502691896258,False,True,3,-0.7393910621529475,0.00948467543678729,-0.7495347887260019,-0.7307432127717146,3,0.0014360479225330642,0.011488909037253803,-0.009546539379474944,0.013371882905674017,3,0,0.45147679324894513
DoS,ae_denoising,0.03,3,0.9701205609384583,0.010288642088375943,0.9585169427138732,0.9781299001402988,3,0.21222188507669557,0.06497719909737856,0.14133673903788846,0.2689601960695321,3,0.3451980730128695,0.08984904269126787,0.24634851206748418,0.4219069825392022,3,0.03240689908202798,0.0006958083231837224,0.03162291169451074,0.03295111647555824,3,32.40689908202797,0.6958083231837169,31.62291169451074,32.95111647555824,3,0.8619756175612396,0.027072948006132466,0.8420705143269154,0.8928036251654197,3,0.9575506119678763,0.008805186445380073,0.9500073820311827,0.967226129876612,3,94.33333333333333,10.408329997330663,86,106,3,33045.666666666664,3068.9347228856673,30552,36473,3,236.33333333333334,15.567059238447493,220,251,3,209.33333333333334,28.711205710198467,185,241,3,27.0,44.19275958796871,-21,66,3,-32951.333333333336,3069.202719491389,-36382,-30466,3,0.39852426301922433,0.0210392465523319,0.38235294117647056,0.42231075697211157,3,0.14244944553163733,0.03074708244872867,0.12336921069797782,0.1779191128506197,3,0.0,0.0,False,False,3,-0.7427488114197383,0.06452862889321052,-0.8151733100311442,-0.6913720328598012,3,0.003263361626918182,0.005311688415579346,-0.0025059665871121767,0.007950849295265634,3,0,0.3991537376586742
DoS,ae_latent,0.03,3,0.9567871297488386,0.01649885187482378,0.9449575871819038,0.9756347489468291,3,0.15171710405539415,0.04117068920616956,0.11232103246622303,0.1944583125312032,3,0.26056988957860394,0.06184592240980562,0.2007769945530279,0.3242823894491854,3,0.0342346901275986,0.008239367914313726,0.025536992840095467,0.04192265992049151,3,34.23469012759859,8.239367914313727,25.536992840095465,41.922659920491505,3,0.867625585222806,0.014127710416934698,0.8514804325422306,0.8777212125548995,3,0.9481622418984205,0.00908901236137438,0.9377264545839683,0.9543449687281975,3,163.66666666666666,65.27122898592712,124,239,3,35794.0,1914.4302024362237,33988,37801,3,262.3333333333333,64.6864230989265,195,324,3,220.33333333333334,43.4664621672081,181,267,3,42.0,108.08792717042917,-72,143,3,-35630.333333333336,1969.212363696038,-37677,-33749,3,0.6944631070667556,0.46125455617295297,0.3950617283950617,1.2256410256410257,3,0.09548271363339857,0.015253765377002747,0.08047945205479452,0.11097521200260926,3,0.3333333333333333,0.5773502691896258,False,True,3,-0.8032535924410396,0.039278444960701285,-0.8441890166028096,-0.7658739163981301,3,0.005091152672488806,0.01297872752538765,-0.008591885441527447,0.017226840139742204,3,0,0.6238881829733164
DoS,learned_fusion,0.03,3,0.9940917064694013,0.0011032786525977923,0.992845917481763,0.9949453196967192,3,0.9559164215296517,0.0055092849300407915,0.9498286281230269,0.9605591612581128,3,0.9746230064374358,0.0024285946718298735,0.9718636442291054,0.9764357143681012,3,0.03026070739667878,0.005498130705415369,0.025780026502830983,0.03639618138424821,3,30.260707396678782,5.498130705415368,25.780026502830985,36.39618138424821,3,0.9925747902362548,0.0005122546805343096,0.9920463419353281,0.9930691483752229,3,0.9979338472286142,0.00010870323190435446,0.9978242266159503,0.9980416092448887,3,97.66666666666667,39.32344508474981,67,142,3,55.666666666666664,9.073771725877467,46,64,3,24.666666666666668,7.094598884597588,17,31,3,15.333333333333334,2.886751345948129,12,17,3,9.333333333333334,9.50438495292217,0,19,3,42.0,34.17601498127012,10,78,3,4.188001751569114,1.7743628610576765,2.161290322580645,5.461538461538462,3,0.9785551206784083,0.004176062631213887,0.973744292237443,0.981245923026745,3,0.6666666666666666,0.5773502691896258,False,True,3,0.0009457250332179182,0.000770283448350208,0.00022693232877957215,0.0017588166320916532,3,0.0011171699415689906,0.0011340109215403525,0.0,0.0022673031026252954,3,0,3.9594594594594597
DoS,rank_or,0.03,3,0.9936071258217888,0.000541761574468813,0.992990933665048,0.9940086885950256,3,0.9321171150979696,0.010377498116164882,0.9213042301794895,0.941996096763945,3,0.9618591055443285,0.0053508703319581335,0.95619003042359,0.9668215537621261,3,0.031952879556866924,0.002612277495021539,0.030295715147857574,0.03496420047732697,3,31.952879556866918,2.612277495021538,30.295715147857575,34.96420047732697,3,0.9898306139776172,0.0011722847351865724,0.9884824305280224,0.9906098367636221,3,0.9976942512162448,0.00028203126110174024,0.99737020967511,0.9978843689964908,3,47.666666666666664,14.571661996262929,31,58,3,1061.6666666666667,181.91298286085396,862,1218,3,132.33333333333334,15.373136743466942,122,150,3,109.0,8.54400374531753,101,118,3,23.333333333333332,22.50185177565023,7,49,3,-1014.0,191.6428970768288,-1187,-808,3,0.3713588342440801,0.14426966421538565,0.20666666666666667,0.47540983606557374,3,0.957653837790824,0.00989431376483033,0.946917808219178,0.9664057403783431,3,0.0,0.0,False,False,3,-0.022853581398464273,0.00424721436778213,-0.026765581311445796,-0.018336132165388208,3,0.0028093421017571286,0.00271295483596408,0.0008353221957040566,0.0059029032646669075,3,0,0.3602015113350126
DoS,fusion_control,0.03,3,0.9943046478430211,0.0009426286361404559,0.9932870153037273,0.9951479289940829,3,0.9549706964964337,0.006274466121946699,0.9480698114909353,0.9603322289293332,3,0.9742317746447736,0.002853410285642018,0.9710385921152913,0.9765316718587747,3,0.02914353745510979,0.004739454310416323,0.024695819780749306,0.034128878281622914,3,29.14353745510979,4.7394543104163205,24.695819780749307,34.12887828162291,3,0.9936858420315478,0.0003517287101588933,0.993371599142835,0.9940657899570955,3,0.9986265078613455,7.107748648899915e-05,0.9985523057072994,0.9986939822710269,3,0.0,0.0,0,0,3,0.0,0.0,0,0,3,0.0,0.0,0,0,3,0.0,0.0,0,0,3,0.0,0.0,0,0,3,0.0,0.0,0,0,0,,,,,3,0.9765438138725809,0.005181018724698333,0.9705642530984997,0.9796966731898239,3,0.6666666666666666,0.5773502691896258,False,True,3,0.0,0.0,0.0,0.0,3,0.0,0.0,0.0,0.0,3,3,
DoS,fusion_latent,0.03,3,0.9940211671002374,0.0010566059994526287,0.992845917481763,0.9948925303256012,3,0.9557348862389258,0.0061967163382436645,0.9487462794263551,0.9605591612581128,3,0.9744932067437194,0.00280964377392816,0.971271598240977,0.9764357143681012,3,0.030622652479871938,0.005285943679780956,0.026020961329960245,0.03639618138424821,3,30.62265247987194,5.285943679780953,26.020961329960247,36.39618138424821,3,0.9927523346698308,0.00055432519603107,0.9922974728127151,0.9933697680870485,3,0.9980070012972582,0.00011710192402041027,0.9979268156029886,0.998141383865122,3,92.66666666666667,22.368132093076824,67,108,3,58.666666666666664,13.576941236277534,46,73,3,27.333333333333332,4.725815626252609,22,31,3,15.0,3.0,12,18,3,12.333333333333334,6.110100926607786,7,19,3,34.0,26.229754097208,10,62,3,3.54070178986753,1.3739334536010697,2.161290322580645,4.909090909090909,3,0.9782833224614046,0.005014069387953987,0.9725212002609263,0.9816536203522505,3,0.6666666666666666,0.5773502691896258,False,True,3,0.0007641897424920385,0.0005860629959473595,0.00022693232877957215,0.0013891689632766768,3,0.0014791150247621479,0.0007235939603965101,0.0008449004224502094,0.0022673031026252954,3,0,3.3902439024390243
DoS,fusion_ae_plain,0.03,3,0.9942858797864891,0.0008787310669948046,0.9933109582932382,0.9950168859079422,3,0.955916275906417,0.005331003325661183,0.9500315685036529,0.9604230018608451,3,0.9747170119873937,0.0024056613474003423,0.9720040142575354,0.9765901722566428,3,0.029264228327924552,0.004365558446675574,0.02541862426213709,0.03400954653937947,3,29.264228327924553,4.365558446675578,25.41862426213709,34.00954653937948,3,0.9938308090611517,0.0001554777209639036,0.9936535882431193,0.9939442772246538,3,0.9984441071322173,0.00019634432241182363,0.9983106190546434,0.9986695546454545,3,65.66666666666667,45.01481237696469,20,110,3,23.666666666666668,8.020806277010644,16,32,3,8.333333333333334,5.033222956847167,3,13,3,7.333333333333333,3.511884584284246,4,11,3,1.0,4.358898943540674,-2,6,3,42.0,41.94043395102154,4,87,3,7.524216524216524,0.900091039028801,6.666666666666667,8.461538461538462,3,0.9779571646010002,0.004386742389511433,0.9729288975864319,0.9810013046314416,3,0.6666666666666666,0.5773502691896258,False,True,3,0.0009455794099833733,0.0009458730558805013,9.077293151182886e-05,0.001961757012717613,3,0.00012069087281476112,0.0005250054956630245,-0.0002414001207000603,0.0007228044813877843,3,0,7.88
DoS,fusion_ae_plain_latent,0.03,3,0.9941496070187575,0.001054139855657462,0.9929863245056414,0.9950415564790329,3,0.9564629215879763,0.005482680901690092,0.9502570578154595,0.9606499341896246,3,0.9749349909352699,0.002435409298622291,0.9721337946943484,0.9765505150120535,3,0.029982120754455763,0.005264785519552661,0.02529815684857246,0.035680190930787586,3,29.982120754455764,5.264785519552661,25.29815684857246,35.68019093078759,3,0.9932282445328736,0.00041013285563953574,0.9927757554456957,0.9935755228682884,3,0.9982262700695141,0.0001828418586644666,0.9981200123920548,0.9984373961384904,3,124.66666666666667,51.316014394468844,68,168,3,58.333333333333336,11.150485789118488,50,71,3,23.666666666666668,1.5275252316519465,22,25,3,16.666666666666668,4.932882862316248,11,20,3,7.0,5.291502622129181,3,13,3,66.33333333333333,45.54484969053398,14,97,3,5.275353535353536,2.126642946864044,2.8333333333333335,6.72,3,0.9794248749728202,0.00417871527877299,0.9747227658186562,0.9827136333985649,3,0.6666666666666666,0.5773502691896258,False,True,3,0.001492225091542565,0.0010228563569827508,0.000317705260291401,0.0021872463245242724,3,0.000838583299345972,0.0006288209482923931,0.00036210018105008873,0.0015513126491646725,3,0,5.267605633802817
DoS,fusion_ae_denoising,0.03,3,0.9942388099253168,0.0008238368165232765,0.9933682948051643,0.9950062717440181,3,0.9544702490261483,0.005670314803947019,0.9480021646973933,0.9585848499977306,3,0.973941471115193,0.0026125730789489958,0.9709356704887935,0.9756666551178557,3,0.029466763413281194,0.004118164228762219,0.02541862426213709,0.033651551312649165,3,29.466763413281196,4.118164228762217,25.41862426213709,33.65155131264916,3,0.9923848002543915,0.0002812596597845486,0.9921822449120851,0.9927059312771214,3,0.9978859896946467,9.599155955158014e-05,0.9978014281900649,0.9979903300429909,3,50.333333333333336,49.32882862316247,17,107,3,72.33333333333333,52.00320502943384,13,110,3,8.333333333333334,2.886751345948129,5,10,3,5.666666666666667,2.8867513459481287,4,9,3,2.6666666666666665,5.773502691896257,-4,6,3,-22.0,48.38388161361178,-77,14,3,5.599999999999999,4.430575583375144,2.7,10.7,3,0.9766525331593825,0.004576633259328785,0.9714611872146118,0.9801043705153294,3,0.6666666666666666,0.5773502691896258,False,True,3,-0.0005004474702854367,0.001096577272562844,-0.0017473789316025945,0.0003136833142882711,3,0.00032322595817140556,0.0006932995232879125,-0.0004773269689737486,0.0007242003621001809,3,0,6.04
DoS,fusion_ae_denoising_latent,0.03,3,0.9940917064694013,0.0011032786525977923,0.992845917481763,0.9949453196967192,3,0.9559164215296517,0.0055092849300407915,0.9498286281230269,0.9605591612581128,3,0.9746230064374358,0.0024285946718298735,0.9718636442291054,0.9764357143681012,3,0.03026070739667878,0.005498130705415369,0.025780026502830983,0.03639618138424821,3,30.260707396678782,5.498130705415368,25.780026502830985,36.39618138424821,3,0.9925747902362548,0.0005122546805343096,0.9920463419353281,0.9930691483752229,3,0.9979338472286142,0.00010870323190435446,0.9978242266159503,0.9980416092448887,3,97.66666666666667,39.32344508474981,67,142,3,55.666666666666664,9.073771725877467,46,64,3,24.666666666666668,7.094598884597588,17,31,3,15.333333333333334,2.886751345948129,12,17,3,9.333333333333334,9.50438495292217,0,19,3,42.0,34.17601498127012,10,78,3,4.188001751569114,1.7743628610576765,2.161290322580645,5.461538461538462,3,0.9785551206784083,0.004176062631213887,0.973744292237443,0.981245923026745,3,0.6666666666666666,0.5773502691896258,False,True,3,0.0009457250332179182,0.000770283448350208,0.00022693232877957215,0.0017588166320916532,3,0.0011171699415689906,0.0011340109215403525,0.0,0.0022673031026252954,3,0,3.9594594594594597
DoS,fusion_ae_scaled,0.03,3,0.9943176714968481,0.0007964323637423137,0.9934454729126533,0.9950062717440181,3,0.9546613702731328,0.005995084694680188,0.9480021646973933,0.9596287387101167,3,0.9740780896972631,0.0027857094114954527,0.9709356704887935,0.9762443438914027,3,0.02906579819688769,0.003969439016193441,0.02541862426213709,0.03329355608591886,3,29.065798196887688,3.9694390161934376,25.41862426213709,33.29355608591885,3,0.9934790787659589,0.00034942891156670687,0.9931378466580884,0.9938361647924296,3,0.9983532757164776,0.00013494008476874585,0.9982716429662255,0.9985090307580398,3,3.3333333333333335,2.3094010767585034,2,6,3,17.0,13.856406460551018,9,33,3,4.333333333333333,2.8867513459481287,1,6,3,5.0,4.358898943540674,0,8,3,-0.6666666666666666,6.506407098647712,-7,6,3,-13.666666666666666,15.143755588800731,-31,-3,3,1.111111111111111,0.8388704928078611,0.3333333333333333,2.0,3,0.9766525331593825,0.005060923672356101,0.970808871493803,0.9796151337247228,3,0.6666666666666666,0.5773502691896258,False,True,3,-0.00030932622330089493,0.00034425698639302345,-0.0007034902192165626,-6.764679354198666e-05,3,-7.773925822210138e-05,0.0007799512217798763,-0.0008353221957040566,0.0007228044813877843,3,0,0.7692307692307693
DoS,fusion_ae_scaled_latent,0.03,3,0.994020945280191,0.0010344647206926997,0.9928683698125601,0.9948688846326642,3,0.9557194224750964,0.006181732094686116,0.9487237304951746,0.960445695093723,3,0.974485172359071,0.002817423567168376,0.9712485139486836,0.9763879436632715,3,0.030623031036979,0.005168390224061235,0.026141428743524875,0.036276849642004776,3,30.623031036979004,5.168390224061236,26.141428743524877,36.27684964200478,3,0.9927827814380601,0.0005207512245528471,0.9923600983197506,0.9933645093819476,3,0.9980258458385793,8.889517700043363e-05,0.9979657771748311,0.9981279646293927,3,92.33333333333333,27.061657993059725,62,114,3,59.0,12.12435565298214,48,72,3,27.0,4.358898943540674,22,30,3,14.666666666666666,3.511884584284246,11,18,3,12.333333333333334,5.507570547286102,7,18,3,33.333333333333336,30.730007050655445,5,66,3,3.562138627655869,1.5313292288329667,2.1379310344827585,5.181818181818182,3,0.978310502283105,0.005107782049369142,0.9724396607958252,0.9817351598173516,3,0.6666666666666666,0.5773502691896258,False,True,3,0.0007487259786627121,0.0006875830531604211,0.00011346616438978607,0.0014787927673590717,3,0.0014794935818692133,0.0006521959773556258,0.0008449004224502094,0.0021479713603818618,3,0,3.419753086419753
DoS,selective_fusion,0.03,3,0.9942897694869709,0.0009300273173673388,0.9932878030463048,0.9951254141031709,3,0.9550911026454528,0.006217079539410976,0.9482727518715612,0.960445695093723,3,0.9742874505206576,0.002825741836185794,0.971134306299649,0.976590712431497,3,0.029223926613081347,0.0046761712752195275,0.02481628719431394,0.034128878281622914,3,29.223926613081343,4.676171275219526,24.816287194313936,34.12887828162291,3,0.9936170018886207,0.000337182068951108,0.9933663036038263,0.9940003326681996,3,0.9986143578609877,6.558346305948133e-05,0.9985517268404197,0.9986825407969186,3,5.333333333333333,3.5118845842842465,2,9,3,0.0,0.0,0,0,3,0.6666666666666666,0.5773502691896258,0,1,3,0.0,0.0,0,0,3,0.6666666666666666,0.5773502691896258,0,1,3,5.333333333333333,3.5118845842842465,2,9,2,5.5,4.949747468305833,2.0,9.0,3,0.9768156120895847,0.004921049146262336,0.9711350293542075,0.9797782126549249,3,0.6666666666666666,0.5773502691896258,False,True,3,0.00012040614901898117,7.929234814831141e-05,4.481190204119745e-05,0.00020294038062595998,3,8.038915797155381e-05,6.961915017194095e-05,0.0,0.00012070006035002842,3,1,8.0
DoS,selective_fusion_primary_0.75,0.03,3,0.9941642436919684,0.0011086602955869957,0.9929134597334335,0.9950258183713108,3,0.9549536127313027,0.006835083728930885,0.9472355010372508,0.9602414559978214,3,0.9741538892561611,0.003146315747131713,0.9705427072984775,0.9763041923352023,3,0.029860052375999143,0.005549434832462196,0.02529815684857246,0.0360381861575179,3,29.860052375999143,5.549434832462194,25.29815684857246,36.0381861575179,3,0.9936009441783501,0.00034760521341711137,0.9933598409068974,0.9939994010025236,3,0.9986113918796248,6.657133378661522e-05,0.9985504630654576,0.9986824457211128,3,74.33333333333333,14.153915830374762,58,83,3,75.0,40.11234224026316,43,120,3,21.666666666666668,6.027713773341707,16,28,3,15.666666666666666,3.511884584284246,12,19,3,6.0,9.539392014169456,-3,16,3,-0.6666666666666666,38.10949138119444,-37,39,3,3.7162698412698414,1.5404174628780118,2.0714285714285716,5.125,3,0.9777669058490975,0.0054089210986677586,0.971542726679713,0.9813274624918461,3,0.6666666666666666,0.5773502691896258,False,True,3,-1.708376513106143e-05,0.0008564521627910146,-0.0008343104536844281,0.0008738320898030727,3,0.00071651492088935,0.0011400004723187002,-0.0003621001810500922,0.0019093078758949875,3,0,3.4307692307692306
DoS,selective_fusion_primary_0.5,0.03,3,0.9941145585923384,0.001116098826228912,0.992845917481763,0.9949453196967192,3,0.9558641409772702,0.005489423976639184,0.9498286281230269,0.9605591612581128,3,0.974606853538598,0.0024192935324425643,0.9718636442291054,0.9764357143681012,3,0.03014000733632875,0.0055562890175344425,0.025780026502830983,0.03639618138424821,3,30.14000733632875,5.556289017534441,25.780026502830985,36.39618138424821,3,0.9935944057400227,0.00035767120803778947,0.9933650023987667,0.9940065284477759,3,0.9986101741707962,6.750653037590655e-05,0.9985514918024654,0.9986839497603105,3,97.0,39.68626966596886,67,142,3,57.333333333333336,6.506407098647712,51,64,3,24.333333333333332,7.637626158259734,16,31,3,16.0,3.605551275463989,12,19,3,8.333333333333334,11.015141094572204,-3,19,3,39.666666666666664,34.81857741685225,10,78,3,4.249276261373036,1.8160612584573583,2.161290322580645,5.461538461538462,3,0.9785279408567079,0.0041499769570164866,0.973744292237443,0.9811643835616438,3,0.6666666666666666,0.5773502691896258,False,True,3,0.0008934444808365397,0.0007850645541255189,0.00022693232877957215,0.0017588166320916532,3,0.0009964698812189598,0.0013168954863557528,-0.0003621001810500922,0.0022673031026252954,3,0,3.9863013698630136
DoS,lightgbm,0.05,3,0.9904320175383553,0.0010403989788134423,0.9894379217897753,0.9915132402726893,3,0.9692872309682264,0.004423550746699929,0.9641922972851087,0.9721494028814053,3,0.979740608664604,0.0018404458217472675,0.9776619338317671,0.9811627959566722,3,0.04989393503265607,0.005317881120226421,0.04409107336465486,0.054534606205250594,3,49.89393503265607,5.317881120226424,44.09107336465486,54.5346062052506,3,0.9936858420315478,0.0003517287101588933,0.993371599142835,0.9940657899570955,3,0.9986265078613455,7.107748648899915e-05,0.9985523057072994,0.9986939822710269,3,0.0,0.0,0,0,3,0.0,0.0,0,0,3,0.0,0.0,0,0,3,0.0,0.0,0,0,3,0.0,0.0,0,0,3,0.0,0.0,0,0,0,,,,,3,0.9848880191345945,0.002991879908813731,0.9817351598173516,0.9876875407697325,3,0.3333333333333333,0.5773502691896258,False,True,3,0.0,0.0,0.0,0.0,3,0.0,0.0,0.0,0.0,3,3,
DoS,ae_plain,0.05,3,0.9894447120774442,0.0005973203285914567,0.9889572447167237,0.9901110250451846,3,0.8700408480348654,0.010049454523828992,0.8592010037866057,0.8790475331469289,3,0.9258867885698862,0.00549056564495197,0.9200225525125658,0.9309056175750702,3,0.04945971882477825,0.0028011221221195966,0.046228123114061555,0.05119331742243437,3,49.45971882477824,2.801122122119593,46.22812311406156,51.19331742243437,3,0.9388379722162012,0.004365587809206903,0.9339697137259113,0.9424049745229403,3,0.9860513928530285,0.001370316807711244,0.98450711634671,0.9871221541252612,3,567.6666666666666,110.33736145718427,466,685,3,4970.333333333333,523.5354174583925,4461,5507,3,341.3333333333333,14.364307617610168,325,352,3,345.0,48.218253804964775,290,380,3,-3.6666666666666665,52.880368127815956,-40,57,3,-4402.666666666667,632.5806931398818,-5041,-3776,3,1.6586971242014468,0.2812533268853256,1.4338461538461538,1.9740634005763689,3,0.8983202870189171,0.009895209684584494,0.8906555772994129,0.9094911937377691,3,0.3333333333333333,0.5773502691896258,False,True,3,-0.09924638293336112,0.013906124222762882,-0.11294839909479959,-0.08514476413817984,3,-0.0004342162078778272,0.006366277056572622,-0.004828002414001206,0.006866642573183951,3,0,1.6630859375
DoS,ae_scaled,0.05,3,0.9738888426335987,0.00220243670675216,0.9713563029805852,0.9753561339183747,3,0.3725289898727202,0.05642798745500191,0.3183661580515785,0.4309777216559935,3,0.5373070817250659,0.0591321181704011,0.47955584805683527,0.5977295471603703,3,0.05288294655556847,0.005489141825049077,0.04892601431980907,0.05914950006023371,3,52.88294655556847,5.489141825049076,48.92601431980907,59.149500060233706,3,0.9243285981553918,0.009537441302150472,0.9165221482825838,0.9349591770946313,3,0.9752353808873458,0.0032492462616657276,0.9723946135688165,0.9787782941813696,3,87.0,19.28730152198591,65,101,3,26557.0,2786.004127778708,23712,29280,3,386.0,66.7757440991862,333,461,3,361.3333333333333,22.744962812309314,336,380,3,24.666666666666668,89.5116379770437,-47,125,3,-26470.0,2767.7613697716065,-29179,-23647,3,0.23458521452013859,0.08114313642866003,0.14099783080260303,0.2852852852852853,3,0.29348771472059143,0.06737204574661244,0.2336105675146771,0.3664383561643836,3,0.3333333333333333,0.5773502691896258,False,True,3,-0.5967582410955062,0.06054808594241882,-0.6537832448298269,-0.5332145756291151,3,0.0029890115229124006,0.010762040789375144,-0.005608591885441522,0.015058426695578844,3,0,0.22538860103626943
DoS,isolation_forest,0.05,3,0.9676312753169102,0.006084215505128784,0.9608011221945137,0.9724709341173327,3,0.2870796684733939,0.03536374049626104,0.2571370217401171,0.3260962111536824,3,0.4420424117095341,0.04202317719286689,0.4064786913473956,0.48841384633454704,3,0.050895434127880584,0.009172022308929065,0.042362768496420046,0.060595109023009276,3,50.895434127880584,9.172022308929067,42.362768496420045,60.59510902300928,3,0.8923329773221339,0.012143151762360863,0.8808026513848748,0.9050079031346789,3,0.9672736603546029,0.006720533047909701,0.9601447495739139,0.9734932123079332,3,131.66666666666666,65.07175526550158,85,206,3,30380.0,1350.9600290164028,28919,31584,3,384.0,75.94076639065476,318,467,3,376.0,45.033320996790806,330,420,3,8.0,120.62752588028987,-102,137,3,-30248.333333333332,1332.4242317420283,-31480,-28834,3,0.3332550483163504,0.10489093882776696,0.23160762942779292,0.4411134903640257,3,0.18294737986518808,0.044645022788450686,0.14538486627527725,0.23230593607305935,3,0.6666666666666666,0.5773502691896258,False,True,3,-0.6822075624948325,0.034338226356438,-0.7143829709980484,-0.6460531917277228,3,0.0010014990952245117,0.01447913350242212,-0.012171837708830548,0.016504035658354413,3,0,0.3428819444444444
DoS,ae_denoising,0.05,3,0.966887721790244,0.002659351478397248,0.9647506339814033,0.9698659232709412,3,0.3007737354681815,0.03988989837535723,0.25571911899800587,0.33159351881269006,3,0.4578642461650011,0.047380512827424934,0.4042790598820425,0.49421632956774675,3,0.054552678734905526,0.0044208004899638454,0.050331925165962584,0.05914950006023371,3,54.55267873490553,4.420800489963848,50.33192516596258,59.149500060233706,3,0.8619756175612396,0.027072948006132466,0.8420705143269154,0.8928036251654197,3,0.9575506119678763,0.008805186445380073,0.9500073820311827,0.967226129876612,3,196.66666666666666,51.52022256680704,146,249,3,29851.333333333332,1983.8428197146395,28448,32121,3,380.6666666666667,50.46120622154541,343,438,3,342.0,26.210684844162312,313,364,3,38.666666666666664,74.78190511971017,-6,125,3,-29654.666666666668,2031.0786132824437,-31975,-28199,3,0.5202040495497384,0.1471566983584344,0.42565597667638483,0.6897506925207756,3,0.2099641226353555,0.04384336928225938,0.1605512067840835,0.24421069797782127,3,0.0,0.0,False,False,3,-0.6685134955000449,0.04175449853825377,-0.7164302838833994,-0.6399264739254754,3,0.004658743702249453,0.009008250735942093,-0.0007242003621001775,0.015058426695578844,3,0,0.5166374781085814
DoS,ae_latent,0.05,3,0.9580171516013295,0.007005341711829727,0.9513198163733741,0.9652944434188665,3,0.23300369965162313,0.007542702467506564,0.2242942184540453,0.23739105106316238,3,0.37481255930003426,0.0102310992468598,0.3630027005328078,0.38098360655737706,3,0.0543454590042645,0.008505726992948602,0.04486873508353222,0.06131791350439706,3,54.34545900426449,8.505726992948603,44.86873508353222,61.31791350439706,3,0.867625585222806,0.014127710416934698,0.8514804325422306,0.8777212125548995,3,0.9481622418984205,0.00908901236137438,0.9377264545839683,0.9543449687281975,3,202.0,56.32051136131489,154,264,3,32855.0,206.2328780771873,32617,32981,3,396.3333333333333,70.54313101453133,317,452,3,359.6666666666667,45.76388678131845,309,398,3,36.666666666666664,112.4292370041411,-81,143,3,-32653.0,260.0,-32813,-32353,3,0.5403781943995786,0.2588314125690293,0.3407079646017699,0.832807570977918,3,0.15595781691672103,0.020918700405536172,0.14065557729941291,0.1797945205479452,3,0.3333333333333333,0.5773502691896258,False,True,3,-0.7362835313166034,0.003142975098788415,-0.7398980788310634,-0.7341941633005038,3,0.004451523971608427,0.013496494420002458,-0.009665871121718371,0.017226840139742197,3,0,0.5096719932716569
DoS,learned_fusion,0.05,3,0.9903977245870205,0.0007422858839961114,0.9896690394749006,0.9911529019408032,3,0.969760429307771,0.004137718684053914,0.9650040588076125,0.9725303040487554,3,0.9799665000911043,0.0018247087709126182,0.977903708612298,0.9813696895701916,3,0.050098422077405974,0.0037324321254625266,0.04601855198168895,0.05334128878281623,3,50.098422077405964,3.732432125462525,46.01855198168895,53.34128878281623,3,0.9925747902362548,0.0005122546805343096,0.9920463419353281,0.9930691483752229,3,0.9979338472286142,0.00010870323190435446,0.9978242266159503,0.9980416092448887,3,69.33333333333333,16.772994167212165,50,80,3,48.333333333333336,12.741009902410928,40,63,3,22.333333333333332,6.429100507328636,15,27,3,20.666666666666668,10.214368964029708,9,28,3,1.6666666666666667,13.203534880225574,-10,16,3,21.0,13.45362404707371,10,36,3,3.1387654320987655,0.18589690393726685,2.962962962962963,3.3333333333333335,3,0.9857305936073059,0.003101716666929247,0.9827136333985649,0.9889106327462491,3,0.3333333333333333,0.5773502691896258,False,True,3,0.0004731983395445116,0.00030314249529611446,0.00022693232877957215,0.0008117615225038399,3,0.00020448704474989912,0.001585607760444854,-0.0011933174224343646,0.0019274786170340868,3,0,3.1044776119402986
DoS,rank_or,0.05,3,0.989956098483686,0.0007385098949401518,0.9891383395500505,0.990574380934649,3,0.9520830786449577,0.005711723502809313,0.9457472715793271,0.956837471066128,3,0.9706436621977746,0.002813111886636473,0.9674420750343109,0.972719827437048,3,0.05145634418564149,0.003354672202751586,0.04888352444176222,0.05525059665871122,3,51.45634418564149,3.3546722027515874,48.88352444176222,55.25059665871122,3,0.9898306139776172,0.0011722847351865724,0.9884824305280224,0.9906098367636221,3,0.9976942512162448,0.00028203126110174024,0.99737020967511,0.9978843689964908,3,45.333333333333336,18.175074506954115,25,60,3,808.6666666666666,89.5786432880814,707,876,3,201.66666666666666,23.245071162148186,184,228,3,188.66666666666666,12.583057392117915,177,202,3,13.0,35.02855977627399,-18,51,3,-763.3333333333334,100.80839912097274,-825,-647,3,0.23256795495534663,0.10777670675344835,0.10964912280701754,0.31088082901554404,3,0.9751848227875625,0.004354797819467613,0.9701565557729941,0.9777397260273972,3,0.3333333333333333,0.5773502691896258,False,True,3,-0.017204152323268846,0.002183887253732907,-0.018484909591987564,-0.01468252167203743,3,0.0015624091529854167,0.00422233449787252,-0.0021726010863005393,0.006143838091796167,3,0,0.22479338842975208
DoS,fusion_control,0.05,3,0.9904320175383553,0.0010403989788134423,0.9894379217897753,0.9915132402726893,3,0.9692872309682264,0.004423550746699929,0.9641922972851087,0.9721494028814053,3,0.979740608664604,0.0018404458217472675,0.9776619338317671,0.9811627959566722,3,0.04989393503265607,0.005317881120226421,0.04409107336465486,0.054534606205250594,3,49.89393503265607,5.317881120226424,44.09107336465486,54.5346062052506,3,0.9936858420315478,0.0003517287101588933,0.993371599142835,0.9940657899570955,3,0.9986265078613455,7.107748648899915e-05,0.9985523057072994,0.9986939822710269,3,0.0,0.0,0,0,3,0.0,0.0,0,0,3,0.0,0.0,0,0,3,0.0,0.0,0,0,3,0.0,0.0,0,0,3,0.0,0.0,0,0,0,,,,,3,0.9848880191345945,0.002991879908813731,0.9817351598173516,0.9876875407697325,3,0.3333333333333333,0.5773502691896258,False,True,3,0.0,0.0,0.0,0.0,3,0.0,0.0,0.0,0.0,3,3,
DoS,fusion_latent,0.05,3,0.9904043565950721,0.0007409579866552324,0.9896692782361506,0.9911510574717969,3,0.9696630036734873,0.004222988842299821,0.9648011184269866,0.9724182742936524,3,0.9799198589210062,0.0018687591372551148,0.977798599129312,0.9813232035454258,3,0.05005818872395596,0.00371952676823961,0.04601855198168895,0.05334128878281623,3,50.05818872395596,3.719526768239608,46.01855198168895,53.34128878281623,3,0.9927523346698308,0.00055432519603107,0.9922974728127151,0.9933697680870485,3,0.9980070012972582,0.00011710192402041027,0.9979268156029886,0.998141383865122,3,71.66666666666667,17.8978583448784,51,82,3,55.0,15.0,40,70,3,23.666666666666668,7.505553499465136,15,28,3,22.333333333333332,9.29157324317757,12,30,3,1.3333333333333333,13.316656236958785,-10,16,3,16.666666666666668,8.962886439832502,11,27,3,3.0857142857142854,0.2721794126179666,2.9285714285714284,3.4,3,0.9856218743205044,0.0030988572824386007,0.9825505544683627,0.988747553816047,3,0.3333333333333333,0.5773502691896258,False,True,3,0.0003757727052608277,0.0002020551435832999,0.00024962556165752936,0.0006088211418778799,3,0.00016425369129988848,0.001599455607818816,-0.0011933174224343646,0.0019274786170340868,3,0,3.028169014084507
DoS,fusion_ae_plain,0.05,3,0.9905173906435231,0.0011713294874459168,0.9894386540639227,0.9917633410672854,3,0.9693764271533659,0.004813976242703189,0.9638540633173988,0.9726871457058995,3,0.9798269556868572,0.0019852492649555845,0.9776095508187723,0.9814391969796306,3,0.04945222118291909,0.006046057069247769,0.04276593181544392,0.054534606205250594,3,49.4522211829191,6.04605706924777,42.76593181544392,54.5346062052506,3,0.9938308090611517,0.0001554777209639036,0.9936535882431193,0.9939442772246538,3,0.9984441071322173,0.00019634432241182363,0.9983106190546434,0.9986695546454545,3,31.666666666666668,20.404247923737188,14,54,3,27.666666666666668,15.631165450257805,11,42,3,8.666666666666666,2.309401076758503,6,10,3,12.333333333333334,7.767453465154029,6,21,3,-3.6666666666666665,6.3508529610858835,-11,0,3,4.0,19.519221295943137,-15,24,3,3.477777777777778,1.6747581362139479,2.3333333333333335,5.4,3,0.9854587953903021,0.0031803875791063365,0.9823059360730594,0.9886660143509458,3,0.3333333333333333,0.5773502691896258,False,True,3,8.91961851393989e-05,0.00043837000880744565,-0.0003382339677099333,0.0005377428244942584,3,-0.00044171384973698086,0.0007650708301512953,-0.0013251415492109425,0.0,3,0,3.6538461538461537
DoS,fusion_ae_plain_latent,0.05,3,0.9904643706722916,0.0008941818857026424,0.9896550131621484,0.9914242670066057,3,0.9702334965609903,0.004963997084691339,0.9645305312528186,0.9735833837467232,3,0.9802388043581277,0.0021588935111601705,0.9777925091150149,0.9818773444208433,3,0.04977702973091195,0.00463482833991352,0.04457294301891338,0.05346062052505966,3,49.777029730911956,4.634828339913519,44.572943018913385,53.46062052505967,3,0.9932282445328736,0.00041013285563953574,0.9927757554456957,0.9935755228682884,3,0.9982262700695141,0.0001828418586644666,0.9981200123920548,0.9984373961384904,3,92.66666666666667,24.78574859336174,75,121,3,50.666666666666664,13.650396819628845,35,60,3,20.333333333333332,9.504384952922168,11,30,3,21.333333333333332,6.110100926607786,16,28,3,-1.0,7.0,-9,4,3,42.0,24.879710609249457,15,64,3,5.079292929292929,2.061901516436543,3.75,7.454545454545454,3,0.9863557295064145,0.00356014165945525,0.9826320939334638,0.9897260273972602,3,0.3333333333333333,0.5773502691896258,False,True,3,0.0009462655927638952,0.0005576937640081086,0.0003382339677099333,0.0014339808653178743,3,-0.00011690530174411629,0.000837531215685946,-0.0010739856801909309,0.00048186965425851824,3,0,4.557377049180328
DoS,fusion_ae_denoising,0.05,3,0.990463691497105,0.0011058875047665945,0.9894629817912931,0.9916510123147568,3,0.9693477943564668,0.004489355511449238,0.964169748353928,0.9721494028814053,3,0.9797867367382147,0.0018184603619860657,0.9777173105285422,0.9811295155181186,3,0.04973392301846236,0.005712857405449701,0.04336826888326708,0.05441527446300716,3,49.73392301846237,5.7128574054497,43.36826888326708,54.41527446300716,3,0.9923848002543915,0.0002812596597845486,0.9921822449120851,0.9927059312771214,3,0.9978859896946467,9.599155955158014e-05,0.9978014281900649,0.9979903300429909,3,23.0,10.816653826391969,14,35,3,20.333333333333332,13.650396819628845,11,36,3,7.0,1.7320508075688772,6,9,3,8.333333333333334,6.110100926607787,3,15,3,-1.3333333333333333,4.509249752822894,-6,3,3,2.6666666666666665,5.507570547286102,-1,9,3,3.185185185185185,0.7882887649552874,2.3333333333333335,3.888888888888889,3,0.9853772559252011,0.00265515002574925,0.9826320939334638,0.9879321591650359,3,0.3333333333333333,0.5773502691896258,False,True,3,6.056338824030524e-05,0.00012493656511738897,-2.2548931180699228e-05,0.00020423909590161493,3,-0.00016001201419370745,0.0005435951572993672,-0.0007228044813877843,0.00036210018105009567,3,0,3.2857142857142856
DoS,fusion_ae_denoising_latent,0.05,3,0.9903977245870205,0.0007422858839961114,0.9896690394749006,0.9911529019408032,3,0.969760429307771,0.004137718684053914,0.9650040588076125,0.9725303040487554,3,0.9799665000911043,0.0018247087709126182,0.977903708612298,0.9813696895701916,3,0.050098422077405974,0.0037324321254625266,0.04601855198168895,0.05334128878281623,3,50.098422077405964,3.732432125462525,46.01855198168895,53.34128878281623,3,0.9925747902362548,0.0005122546805343096,0.9920463419353281,0.9930691483752229,3,0.9979338472286142,0.00010870323190435446,0.9978242266159503,0.9980416092448887,3,69.33333333333333,16.772994167212165,50,80,3,48.333333333333336,12.741009902410928,40,63,3,22.333333333333332,6.429100507328636,15,27,3,20.666666666666668,10.214368964029708,9,28,3,1.6666666666666667,13.203534880225574,-10,16,3,21.0,13.45362404707371,10,36,3,3.1387654320987655,0.18589690393726685,2.962962962962963,3.3333333333333335,3,0.9857305936073059,0.003101716666929247,0.9827136333985649,0.9889106327462491,3,0.3333333333333333,0.5773502691896258,False,True,3,0.0004731983395445116,0.00030314249529611446,0.00022693232877957215,0.0008117615225038399,3,0.00020448704474989912,0.001585607760444854,-0.0011933174224343646,0.0019274786170340868,3,0,3.1044776119402986
DoS,fusion_ae_scaled,0.05,3,0.9903855328799738,0.001059598547748441,0.9893250768270986,0.9914442718356559,3,0.9692355249795598,0.004368730650359411,0.9641922972851087,0.9718581255181377,3,0.9796915410521253,0.0018137807548089047,0.9776284051807904,0.9810352041797189,3,0.05013282197639308,0.0053719530437908326,0.044452475605348755,0.05513126491646778,3,50.132821976393075,5.371953043790834,44.45247560534875,55.13126491646778,3,0.9934790787659589,0.00034942891156670687,0.9931378466580884,0.9938361647924296,3,0.9983532757164776,0.00013494008476874585,0.9982716429662255,0.9985090307580398,3,7.666666666666667,4.932882862316247,2,11,3,10.0,5.0,5,15,3,5.333333333333333,1.1547005383792517,4,6,3,3.3333333333333335,2.516611478423583,1,6,3,2.0,3.605551275463989,-2,5,3,-2.3333333333333335,9.71253485622231,-13,6,3,1.3333333333333333,0.7264831572567788,0.5,1.8333333333333333,3,0.9849695585996955,0.002829705321825681,0.9819797782126549,0.9876060013046314,3,0.3333333333333333,0.5773502691896258,False,True,3,-5.1705988666624535e-05,0.00021835905754567528,-0.0002912773632676169,0.0001361593972677433,3,0.00023888694373700817,0.0004322535713327882,-0.00024140012070005684,0.0005966587112171892,3,0,1.4375
DoS,fusion_ae_scaled_latent,0.05,3,0.9903822042925188,0.0007301115291084454,0.9896468848215937,0.9911069939786938,3,0.969745779288948,0.004117513615425243,0.9650040588076125,0.9724182742936524,3,0.9799514853868557,0.0018241137732585412,0.9778813636779088,0.9813232035454258,3,0.05017827758041352,0.003642510271381342,0.046259486808818216,0.05346062052505966,3,50.17827758041353,3.6425102713813438,46.25948680881822,53.46062052505967,3,0.9927827814380601,0.0005207512245528471,0.9923600983197506,0.9933645093819476,3,0.9980258458385793,8.889517700043363e-05,0.9979657771748311,0.9981279646293927,3,72.33333333333333,18.502252115170556,51,84,3,52.0,16.3707055437449,38,70,3,24.666666666666668,8.386497083606084,15,30,3,22.333333333333332,9.60902353693305,12,31,3,2.3333333333333335,14.0118997046558,-9,18,3,20.333333333333332,13.576941236277534,12,36,3,3.0091954022988503,0.3387276559287754,2.8,3.4,3,0.9856490541422048,0.003058545227252233,0.9826320939334638,0.988747553816047,3,0.3333333333333333,0.5773502691896258,False,True,3,0.00045854832072145246,0.0003061707160643278,0.00026887141224707367,0.0008117615225038399,3,0.00028434254775745504,0.0016839216239127566,-0.0010739856801909309,0.002168413444163353,3,0,2.9324324324324325
DoS,selective_fusion,0.05,3,0.9903432686178085,0.0009976115989362771,0.9894170113455184,0.9913994946333774,3,0.9695272798243858,0.0045231291256290105,0.9643275908721927,0.9725527099997759,3,0.9798196615448145,0.0019015181771511985,0.9776761730582385,0.9813035516469604,3,0.05037589142337833,0.005126631859512368,0.044693410432478015,0.054653937947494034,3,50.375891423378334,5.126631859512366,44.69341043247802,54.653937947494036,3,0.9936368265579508,0.0003528161277775186,0.9933499742250369,0.9940307842081505,3,0.9986178192808356,6.966334014664687e-05,0.9985485745013769,0.9986878937699198,3,10.666666666666666,6.429100507328636,6,18,3,0.0,0.0,0,0,3,4.0,2.6457513110645907,1,6,3,0.0,0.0,0,0,3,4.0,2.6457513110645907,1,6,3,10.666666666666666,6.429100507328636,6,18,3,4.066666666666666,3.523256069793017,1.2,8.0,3,0.9850239182430963,0.003022831214456819,0.9818982387475538,0.9879321591650359,3,0.3333333333333333,0.5773502691896258,False,True,3,0.00024004885615943236,0.00014326466205095422,0.00013529358708397332,0.000403307118370666,3,0.00048195639072225877,0.0003198986439269515,0.00011933174224344062,0.0007242003621001844,3,0,2.6666666666666665
DoS,selective_fusion_primary_0.75,0.05,3,0.9904129739597302,0.0007199652707569807,0.9897147875930292,0.9911529019408032,3,0.969760429307771,0.004137718684053914,0.9650040588076125,0.9725303040487554,3,0.9799739859008274,0.0018288092234772493,0.977903708612298,0.9813696895701916,3,0.05001886758257701,0.0036298873889540296,0.04601855198168895,0.053102625298329355,3,50.01886758257701,3.6298873889540286,46.01855198168895,53.10262529832936,3,0.9936174706061038,0.0003447297677874593,0.9933637648322482,0.9940099616831193,3,0.9986143654745253,6.674131919556239e-05,0.9985512494623274,0.9986842207447713,3,69.33333333333333,16.772994167212165,50,80,3,48.333333333333336,12.741009902410928,40,63,3,21.666666666666668,7.571877794400366,13,27,3,20.666666666666668,10.214368964029708,9,28,3,1.0,14.106735979665885,-12,16,3,21.0,13.45362404707371,10,36,3,3.3097056030389367,0.4711663144858173,2.962962962962963,3.8461538461538463,3,0.9857305936073059,0.003101716666929247,0.9827136333985649,0.9889106327462491,3,0.3333333333333333,0.5773502691896258,False,True,3,0.0004731983395445116,0.00030314249529611446,0.00022693232877957215,0.0008117615225038399,3,0.00012493254992094102,0.0016931460680328005,-0.0014319809069212389,0.0019274786170340868,3,0,3.2
DoS,selective_fusion_primary_0.5,0.05,3,0.9904129739597302,0.0007199652707569807,0.9897147875930292,0.9911529019408032,3,0.969760429307771,0.004137718684053914,0.9650040588076125,0.9725303040487554,3,0.9799739859008274,0.0018288092234772493,0.977903708612298,0.9813696895701916,3,0.05001886758257701,0.0036298873889540296,0.04601855198168895,0.053102625298329355,3,50.01886758257701,3.6298873889540286,46.01855198168895,53.10262529832936,3,0.9936055220181798,0.00034677602761183364,0.9933585613660221,0.9940019701821821,3,0.9986122231545425,6.676869529163784e-05,0.9985502178673886,0.998682906611426,3,69.33333333333333,16.772994167212165,50,80,3,48.333333333333336,12.741009902410928,40,63,3,21.666666666666668,7.571877794400366,13,27,3,20.666666666666668,10.214368964029708,9,28,3,1.0,14.106735979665885,-12,16,3,21.0,13.45362404707371,10,36,3,3.3097056030389367,0.4711663144858173,2.962962962962963,3.8461538461538463,3,0.9857305936073059,0.003101716666929247,0.9827136333985649,0.9889106327462491,3,0.3333333333333333,0.5773502691896258,False,True,3,0.0004731983395445116,0.00030314249529611446,0.00022693232877957215,0.0008117615225038399,3,0.00012493254992094102,0.0016931460680328005,-0.0014319809069212389,0.0019274786170340868,3,0,3.2
DoS,naive_or,0.01,3,0.9956886794370492,0.0004020866834257132,0.9953628564804081,0.9961380403030153,3,0.9016848036843615,0.030518983014686616,0.8712230540272391,0.9322606998593019,3,0.9461788505566537,0.016856585672816223,0.9291649131245115,0.9628735497480371,3,0.020783684228929056,0.0016943656993411535,0.018829209414604708,0.021837708830548926,3,20.783684228929058,1.694365699341152,18.82920941460471,21.837708830548927,3,0.9898306139776172,0.0011722847351865724,0.9884824305280224,0.9906098367636221,3,0.9976942512162448,0.00028203126110174024,0.99737020967511,0.9978843689964908,3,77.66666666666667,8.144527815247079,72,87,3,0.0,0.0,0,0,3,74.0,28.0,46,102,3,0.0,0.0,0,0,3,74.0,28.0,46,102,3,77.66666666666667,8.144527815247079,72,87,3,1.1634178935969217,0.45153145320563476,0.7058823529411765,1.608695652173913,3,0.9247662535333768,0.03345715716066021,0.8905740378343118,0.9574363992172211,3,0.0,0.0,False,False,3,0.00175071333892259,0.00017424272300814832,0.0016235230450076799,0.0019493177387913674,3,0.00890291359756422,0.003399300100943935,0.0054892601431980916,0.01228767618359234,3,0,1.0495495495495495
DoS,naive_or,0.03,3,0.9888414248853108,0.0005660841968006137,0.9882078769517595,0.9892975332691811,3,0.9570976119216098,0.006044065267373393,0.9504599981960855,0.9622838469568374,3,0.9727030417201088,0.0028855837193798592,0.9694899660744063,0.9750735835172921,3,0.05754917694230499,0.002730813516619719,0.05493314058547163,0.060381861575179,3,57.54917694230499,2.730813516619719,54.93314058547163,60.381861575178995,3,0.9898306139776172,0.0011722847351865724,0.9884824305280224,0.9906098367636221,3,0.9976942512162448,0.00028203126110174024,0.99737020967511,0.9978843689964908,3,94.33333333333333,10.408329997330663,86,106,3,0.0,0.0,0,0,3,236.33333333333334,15.567059238447493,220,251,3,0.0,0.0,0,0,3,236.33333333333334,15.567059238447493,220,251,3,94.33333333333333,10.408329997330663,86,106,3,0.39852426301922433,0.0210392465523319,0.38235294117647056,0.42231075697211157,3,0.9788540987171124,0.004002361412089542,0.9742335290280496,0.981245923026745,3,0.0,0.0,False,False,3,0.002126915425176105,0.00023214257306349576,0.0019516180275042094,0.0023901867051502323,3,0.028405639487195197,0.002011468370132357,0.026252983293556083,0.03023732080472232,3,0,0.3991537376586742
DoS,naive_or,0.05,3,0.981897613493898,0.0007152930597427831,0.9813574000638133,0.9827088036117382,3,0.9737268727735087,0.004534452556736808,0.9685893388653378,0.9771706077247765,3,0.9777917045387992,0.0023642024441490814,0.9750644103192709,0.9792595287910488,3,0.0956418039630725,0.002784656102903774,0.09245624622812311,0.09761336515513126,3,95.6418039630725,2.7846561029037633,92.45624622812312,97.61336515513126,3,0.9898306139776172,0.0011722847351865724,0.9884824305280224,0.9906098367636221,3,0.9976942512162448,0.00028203126110174024,0.99737020967511,0.9978843689964908,3,196.66666666666666,51.52022256680704,146,249,3,0.0,0.0,0,0,3,380.6666666666667,50.46120622154541,343,438,3,0.0,0.0,0,0,3,380.6666666666667,50.46120622154541,343,438,3,196.66666666666666,51.52022256680704,146,249,3,0.5202040495497384,0.1471566983584344,0.42565597667638483,0.6897506925207756,3,0.9889378125679494,0.002591792322078978,0.9859752120026093,0.9907860404435747,3,0.0,0.0,False,False,3,0.00443964180528215,0.0011902449726903022,0.0032712688490063035,0.005650614986611013,3,0.045747868930416435,0.006134466639998963,0.04140012070006035,0.052764727141308275,3,0,0.5166374781085814
Reconnaissance,lightgbm,0.01,3,0.9979796634909656,0.00027772703035004785,0.9976717112922002,0.9982111404667547,3,0.7684710873897066,0.034348647462444926,0.7299162843113579,0.7958091931283687,3,0.8680259156852098,0.022033287224398127,0.8432370856000372,0.8853802877003065,3,0.009283572737886093,0.0015709254426796485,0.007867344468651657,0.01097328244274809,3,9.283572737886095,1.5709254426796484,7.867344468651658,10.973282442748092,3,0.9902141245722071,0.0004373222262855076,0.9897094410558567,0.9904813539375241,3,0.9980395195857409,0.00011244202394173914,0.9979131576165343,0.9981285404291246,3,0.0,0.0,0,0,3,0.0,0.0,0,0,3,0.0,0.0,0,0,3,0.0,0.0,0,0,3,0.0,0.0,0,0,3,0.0,0.0,0,0,0,,,,,3,0.5360467702475137,0.033386748578500464,0.4980459441425984,0.560671051377371,3,0.6666666666666666,0.5773502691896258,False,True,3,0.0,0.0,0.0,0.0,3,0.0,0.0,0.0,0.0,3,3,
Reconnaissance,ae_plain,0.01,3,0.9942292330405845,0.0022099265776161577,0.9919110212335692,0.996312025033527,3,0.2833875426558946,0.12144574449102992,0.17996648969457174,0.4171171718398834,3,0.43187224912088035,0.1433301323796279,0.30486449516970165,0.5872744376977679,3,0.010863732677247759,0.008383071500640249,0.003936068702290076,0.020182604517059107,3,10.863732677247759,8.383071500640247,3.9360687022900764,20.182604517059108,3,0.8959236033435265,0.007482459595186774,0.8883725426976179,0.9033355211506414,3,0.9795693670015186,0.0020025067088332627,0.9773024722760161,0.9810976869342701,3,755.0,505.98122494812,178,1123,3,24791.333333333332,5907.045144006717,18871,30685,3,81.0,67.8159273327439,24,156,3,68.0,13.228756555322953,58,83,3,13.0,76.31513611335565,-59,93,3,-24036.333333333332,6306.931213619929,-30507,-17907,3,10.473850223850224,6.396607018326822,6.17948717948718,17.825396825396826,3,0.06920217329139262,0.04081691247191359,0.034124487656086167,0.11400247831474597,3,0.6666666666666666,0.5773502691896258,False,True,3,-0.485083544733812,0.12683725066077767,-0.615842703433797,-0.36257061288950976,3,0.001580159939361666,0.009143931203545508,-0.007037213740458015,0.011172513214800577,3,0,9.320987654320987
Reconnaissance,ae_scaled,0.01,3,0.9800165398272522,0.010250699406300174,0.9681846537741734,0.9862183020948181,3,0.11086131869849984,0.018186294789877287,0.09427200388750531,0.13030663948159962,3,0.19889532689559788,0.029410319506227238,0.1718144580980848,0.23018222016189424,3,0.012890041157937543,0.004873211315137537,0.00907770515613653,0.0183805862566074,3,12.890041157937546,4.873211315137538,9.07770515613653,18.3805862566074,3,0.8934390620443056,0.00857646174138384,0.8869095514108862,0.9031520585295408,3,0.9689886880947384,0.005257784464017009,0.9630578643299172,0.9730780637546049,3,71.0,52.43090691567332,11,108,3,32645.333333333332,1470.2497520262784,31012,33863,3,105.33333333333333,40.45161719058131,74,151,3,75.33333333333333,12.662279942148388,64,89,3,30.0,41.7612260356422,2,78,3,-32574.333333333332,1512.7181936280576,-33852,-30904,3,0.8550913915152325,0.7102132518695294,0.0728476821192053,1.4594594594594594,3,0.015791313189082706,0.007944396711095682,0.009150700600514728,0.02459250786388333,3,0.3333333333333333,0.5773502691896258,False,True,3,-0.6576097686912067,0.0324797974201757,-0.6854157808418878,-0.6219109715849633,3,0.0036064684200514505,0.005015386884837607,0.00023854961832061108,0.009370494954348869,3,0,0.6740506329113924
Reconnaissance,isolation_forest,0.01,3,0.9829311072256431,0.0066009650277490785,0.9756625891946993,0.9885526315789473,3,0.13221097590526915,0.036651696368560256,0.08993399339933994,0.15503452185709368,3,0.2317832143872728,0.05804252794272208,0.16481348306319263,0.26755420444817163,3,0.013931710797475237,0.007864201114621227,0.008472524812394093,0.022945699183085054,3,13.931710797475239,7.864201114621227,8.472524812394093,22.945699183085054,3,0.866729801046667,0.008908967501674173,0.8597977770336522,0.87677836455378,3,0.9648168017008766,0.003617508914321424,0.96083070694632,0.9678913559902769,3,428.3333333333333,231.18463040032165,192,654,3,31949.0,597.6763338128757,31290,32456,3,113.66666666666667,64.01041581909412,69,187,3,75.0,13.45362404707371,64,90,3,38.666666666666664,67.15901527965798,-5,116,3,-31520.666666666668,582.4107943138871,-31909,-30851,3,4.694892660621561,4.142756159532945,2.2588235294117647,9.478260869565217,3,0.016299685444666857,0.0018384616835369276,0.01496520827375846,0.018396720998951482,3,0.3333333333333333,0.5773502691896258,False,True,3,-0.6362601114844374,0.010265027095582906,-0.6441447806689949,-0.6246532628722995,3,0.004648138059589145,0.008065590802790233,-0.000596374045801526,0.013935607880826524,3,0,3.768328445747801
Reconnaissance,ae_denoising,0.01,3,0.9823557061271667,0.005784647994995092,0.9784794496383842,0.9890047927826332,3,0.11452542433511977,0.025629575614231584,0.09007408603669984,0.14118972872897045,3,0.2045259827083249,0.04114621110836581,0.16497818531390965,0.24710315922938753,3,0.011729928599765864,0.002665578224202979,0.00944081336238199,0.014656415185007208,3,11.729928599765865,2.6655782242029793,9.44081336238199,14.656415185007209,3,0.8539751338220393,0.0055731504244454465,0.8483937744962126,0.8595400389102744,3,0.9584562367793379,0.0005414418708790985,0.958111120463761,0.9590802706796453,3,229.66666666666666,350.3517280296093,16,634,3,32621.666666666668,2573.4648498344272,29889,34999,3,93.66666666666667,19.75685535031659,76,115,3,73.33333333333333,13.796134724383254,63,89,3,20.333333333333332,23.86070689089771,1,47,3,-32392.0,2894.749902841349,-34960,-29255,3,2.971523010424612,4.653386308529433,0.1391304347826087,8.342105263157896,3,0.04124169923426429,0.03942016287957174,0.01734820322180917,0.08674101610904585,3,0.3333333333333333,0.5773502691896258,False,True,3,-0.6539456630545869,0.059649117148206234,-0.7057351070916689,-0.5887265555823875,3,0.002446355861879772,0.002865050891317179,0.00011927480916030554,0.005646323882748678,3,0,2.4519572953736657
Reconnaissance,ae_latent,0.01,3,0.9440930470417199,0.01544499227329223,0.9281183932346723,0.9589473684210527,3,0.02921534185912868,0.010178884604604957,0.01766884005473718,0.03689080564498168,3,0.05655355526662151,0.019276194249137204,0.03467751490975157,0.07104837294546588,3,0.009644018166491667,0.0015683192661071891,0.00823045267489712,0.011331106870229007,3,9.644018166491666,1.5683192661071896,8.23045267489712,11.331106870229007,3,0.8559396419362285,0.0038452432372552852,0.8517336708007702,0.8592748006490254,3,0.9488597271905959,0.0008750924407053401,0.9479334078692454,0.9496725097423255,3,22.666666666666668,8.020806277010642,15,31,3,36643.333333333336,1200.5391844222875,35415,37814,3,79.0,12.767145334803704,68,93,3,76.0,12.767145334803704,65,90,3,3.0,0.0,3,3,3,-36620.666666666664,1196.3387201513356,-37783,-35393,3,0.2847437220502236,0.07582784210199973,0.19736842105263158,0.3333333333333333,3,0.002287675150128682,0.0007196486927147792,0.0015251167667524545,0.0029549137355828806,3,0.6666666666666666,0.5773502691896258,False,True,3,-0.7392557455305778,0.025423335148722245,-0.7627228132507016,-0.7122474442566207,3,0.0003604454286055732,2.642137102060628e-06,0.0003578244274809166,0.00036310820624546256,3,0,0.2869198312236287
Reconnaissance,learned_fusion,0.01,3,0.9978578284624429,0.00032006910262093007,0.9974957630334151,0.9981030927835052,3,0.7616325250470556,0.032848190437683,0.7306206230379135,0.7960514363001393,3,0.8636214923041482,0.020960033197752692,0.8436683049252327,0.8854608734703042,3,0.00976330690115705,0.0018132339734570398,0.008351488743645606,0.01180820610687023,3,9.76330690115705,1.81323397345704,8.351488743645607,11.808206106870228,3,0.9890053710210602,0.0006285860495200625,0.9882856556580345,0.9894466398125015,3,0.9974477439000746,0.0002810421813078955,0.9971307416486301,0.9976663855870563,3,603.3333333333334,173.18294758241453,443,787,3,941.0,626.2675147251373,431,1640,3,19.333333333333332,6.110100926607787,14,26,3,15.333333333333334,3.214550253664318,13,19,3,4.0,3.0,1,7,3,-337.6666666666667,625.6647131917648,-1060,35,3,34.06308506308506,14.78829141947024,17.03846153846154,43.72222222222222,3,0.5498681409462078,0.01538177245799821,0.5409398532075111,0.5676293966256791,3,0.6666666666666666,0.5773502691896258,False,True,3,-0.006838562342650974,0.01266660881050942,-0.021462268926279116,0.00070433872655562,3,0.0004797341632709554,0.0003574149632876468,0.00012013455069677902,0.0008349236641221388,3,0,31.20689655172414
Reconnaissance,rank_or,0.01,3,0.9979847272851563,0.0004262550757113113,0.9975172902996985,0.9983519388040673,3,0.6570512504215776,0.021627749452390436,0.6397810512758593,0.6813089206048004,3,0.7922629468082453,0.015525216567329856,0.7797412471641425,0.809634045411474,3,0.007923138450017573,0.0018848978147314325,0.006367131186929361,0.010019083969465648,3,7.923138450017572,1.8848978147314335,6.3671311869293605,10.01908396946565,3,0.9841364099245649,0.0022524399931103047,0.9816151935031477,0.985950269199299,3,0.9967217100874016,0.0004147762255351707,0.9962758821609596,0.9970961740828646,3,11.333333333333334,3.511884584284246,8,15,3,5529.0,969.7025317075335,4490,6410,3,24.666666666666668,6.350852961085883,21,32,3,36.0,9.643650760992955,25,43,3,-11.333333333333334,9.451631252505218,-22,-4,3,-5517.666666666667,970.7452463614402,-6402,-4479,3,0.45783730158730157,0.07205106561537739,0.38095238095238093,0.5238095238095238,3,0.33136339084294475,0.03251849027789589,0.3063578305213993,0.3681250595748737,3,0.6666666666666666,0.5773502691896258,False,True,3,-0.11141983696812892,0.019923794745043834,-0.12962400534531981,-0.09013523303549864,3,-0.0013604342878685198,0.0011352938434211108,-0.0026429601153291696,-0.00048414427499394747,3,0,0.4594594594594595
Reconnaissance,fusion_control,0.01,3,0.9979796634909656,0.00027772703035004785,0.9976717112922002,0.9982111404667547,3,0.7684710873897066,0.034348647462444926,0.7299162843113579,0.7958091931283687,3,0.8680259156852098,0.022033287224398127,0.8432370856000372,0.8853802877003065,3,0.009283572737886093,0.0015709254426796485,0.007867344468651657,0.01097328244274809,3,9.283572737886095,1.5709254426796484,7.867344468651658,10.973282442748092,3,0.9902141245722071,0.0004373222262855076,0.9897094410558567,0.9904813539375241,3,0.9980395195857409,0.00011244202394173914,0.9979131576165343,0.9981285404291246,3,0.0,0.0,0,0,3,0.0,0.0,0,0,3,0.0,0.0,0,0,3,0.0,0.0,0,0,3,0.0,0.0,0,0,3,0.0,0.0,0,0,0,,,,,3,0.5360467702475137,0.033386748578500464,0.4980459441425984,0.560671051377371,3,0.6666666666666666,0.5773502691896258,False,True,3,0.0,0.0,0.0,0.0,3,0.0,0.0,0.0,0.0,3,3,
Reconnaissance,fusion_latent,0.01,3,0.997869237214439,0.00034942810642394473,0.9974666732254415,0.9980941132257805,3,0.7844264627203579,0.035255229894729276,0.748249215165419,0.8186809859297091,3,0.8780711493577478,0.02202918983494657,0.8552993271608488,0.8992737956649481,3,0.010003030692536446,0.0019946391929005582,0.00859356088114258,0.01228530534351145,3,10.003030692536447,1.9946391929005585,8.593560881142581,12.28530534351145,3,0.9892682379128189,0.0005310944598525094,0.9886819806850365,0.9897172131578597,3,0.9974818013440773,0.0001933529939236922,0.9972951982807767,0.9976812624388125,3,1040.3333333333333,367.7095774294346,638,1359,3,249.33333333333334,52.080066564217574,213,309,3,21.0,6.557438524302,15,28,3,15.0,1.7320508075688772,14,17,3,6.0,5.0,1,11,3,791.0,415.21560664310294,329,1133,3,49.08968253968254,6.850153652601374,42.53333333333333,56.2,3,0.5752549804594415,0.008770975398278884,0.5663902392526928,0.583929082070346,3,0.6666666666666666,0.5773502691896258,False,True,3,0.01595537533065135,0.008362641177008124,0.0066614023365526576,0.02287179280134033,3,0.0007194579546503538,0.0005959729165997358,0.00012013455069677902,0.0013120229007633592,3,0,49.53968253968254
Reconnaissance,fusion_ae_plain,0.01,3,0.9980136526233538,9.77722226671316e-05,0.9979074407513747,0.9980999049952498,3,0.8007542846566443,0.03161967272792742,0.7660387990018515,0.8279064133879727,3,0.8883377799180397,0.019571550405935362,0.8667812781073173,0.9049925525459259,3,0.0094885215322927,0.0006665880446930692,0.00907770515613653,0.01025763358778626,3,9.4885215322927,0.6665880446930693,9.07770515613653,10.257633587786259,3,0.9904069561409962,0.00020118331754987663,0.990236590634815,0.9906289103201527,3,0.997872284662573,0.00016571711683381184,0.9977205777681586,0.9980491377456808,3,2109.6666666666665,265.97242964888926,1827,2355,3,510.0,222.93272527827762,352,765,3,11.333333333333334,4.725815626252608,6,15,3,9.666666666666666,8.082903768654761,5,19,3,1.6666666666666667,8.020806277010642,-6,10,3,1599.6666666666667,190.68385703392235,1414,1795,3,209.5957264957265,84.35938415976113,143.13333333333333,304.5,3,0.5098338258189559,0.027692219586209016,0.48613096940234485,0.540272614622057,3,0.6666666666666666,0.5773502691896258,False,True,3,0.032283197266937735,0.003749789455614625,0.02862985685071573,0.036122514690493546,3,0.0002049487944066064,0.0009658018851457022,-0.0007156488549618315,0.0012103606874848717,3,0,186.14705882352942
Reconnaissance,fusion_ae_plain_latent,0.01,3,0.997918795478273,0.00025762414513841493,0.9976706769445045,0.9981849747474747,3,0.8036033009438528,0.037757997003054225,0.7636440473315624,0.8386862345317642,3,0.889952667810555,0.02317417860653254,0.865303051032973,0.9112963369159903,3,0.010004149163574927,0.0016108530830138644,0.008351488743645606,0.011569656488549619,3,10.004149163574928,1.610853083013863,8.351488743645607,11.569656488549619,3,0.9899474918813862,0.00017344410256222128,0.9898101255561906,0.9901423920247763,3,0.9976946889681391,0.00017195753363276822,0.9975777926303703,0.9978921365184439,3,2016.3333333333333,398.69829863360764,1706,2466,3,275.6666666666667,70.86842268128544,201,342,3,23.0,5.196152422706632,20,29,3,17.0,6.557438524302,11,24,3,6.0,2.6457513110645907,4,9,3,1740.6666666666667,355.4396338808227,1422,2124,3,88.06149425287356,5.014750635849625,85.03448275862068,93.85,3,0.5573348584501001,0.01456148362193194,0.5410351730054332,0.5690591935945096,3,0.3333333333333333,0.5773502691896258,False,True,3,0.0351322135541462,0.007146860297265589,0.02879183623883863,0.04287704140339543,3,0.0007205764256888331,0.00031731975805180795,0.00048414427499394834,0.0010812109562710233,3,0,87.66666666666667
Reconnaissance,fusion_ae_denoising,0.01,3,0.9979318547288386,0.00018489789617430068,0.997718365813067,0.9980406225852743,3,0.7328516684399905,0.015573503680590243,0.7204438235234566,0.7503280376284394,3,0.8450295004344751,0.010249784981308413,0.836819886878094,0.8565173808344183,3,0.009047112736181055,0.0009495212180389758,0.008409418548774628,0.010138358778625954,3,9.047112736181054,0.9495212180389752,8.409418548774628,10.138358778625955,3,0.9891134908391539,0.0008383991464748109,0.9882584680708242,0.9899342135889201,3,0.997522652912037,0.000399458436928498,0.9971635307261413,0.9979528940491277,3,500.3333333333333,228.03581590033906,270,726,3,2262.0,1319.0113722026813,832,3431,3,10.0,3.4641016151377544,8,14,3,12.0,9.539392014169456,2,21,3,-2.0,7.0,-7,6,3,-1761.6666666666667,1472.8055993013245,-2926,-106,3,57.720238095238095,36.03740586666359,19.285714285714285,90.75,3,0.493248180980523,0.026570867415911362,0.46315889810313604,0.513487751405967,3,0.6666666666666666,0.5773502691896258,False,True,3,-0.035619418949716174,0.029805232031507124,-0.05924396120593656,-0.002133140143282586,3,-0.00023646000170503856,0.000841889411455333,-0.0008349236641221371,0.0007262164124909234,3,0,50.03333333333333
Reconnaissance,fusion_ae_denoising_latent,0.01,3,0.9978578284624429,0.00032006910262093007,0.9974957630334151,0.9981030927835052,3,0.7616325250470556,0.032848190437683,0.7306206230379135,0.7960514363001393,3,0.8636214923041482,0.020960033197752692,0.8436683049252327,0.8854608734703042,3,0.00976330690115705,0.0018132339734570398,0.008351488743645606,0.01180820610687023,3,9.76330690115705,1.81323397345704,8.351488743645607,11.808206106870228,3,0.9890053710210602,0.0006285860495200625,0.9882856556580345,0.9894466398125015,3,0.9974477439000746,0.0002810421813078955,0.9971307416486301,0.9976663855870563,3,603.3333333333334,173.18294758241453,443,787,3,941.0,626.2675147251373,431,1640,3,19.333333333333332,6.110100926607787,14,26,3,15.333333333333334,3.214550253664318,13,19,3,4.0,3.0,1,7,3,-337.6666666666667,625.6647131917648,-1060,35,3,34.06308506308506,14.78829141947024,17.03846153846154,43.72222222222222,3,0.5498681409462078,0.01538177245799821,0.5409398532075111,0.5676293966256791,3,0.6666666666666666,0.5773502691896258,False,True,3,-0.006838562342650974,0.01266660881050942,-0.021462268926279116,0.00070433872655562,3,0.0004797341632709554,0.0003574149632876468,0.00012013455069677902,0.0008349236641221388,3,0,31.20689655172414
Reconnaissance,fusion_ae_scaled,0.01,3,0.9979412029594957,7.488823037355303e-05,0.9978864230491129,0.9980265378722962,3,0.7604231947116583,0.03322791054683042,0.7220880624647831,0.7809717988574197,3,0.8628682313180697,0.021661327534385016,0.8378750729713952,0.8762131249646113,3,0.009330075539941687,0.0002888524215834152,0.00913022585295531,0.009661259541984733,3,9.330075539941687,0.2888524215834153,9.13022585295531,9.661259541984732,3,0.989929551177951,0.00040643124387912454,0.9894868141682822,0.9902857318157827,3,0.9978559385677972,0.0001846765106642798,0.9976427155829335,0.9979652671608018,3,246.66666666666666,296.6215321471679,66,589,3,645.6666666666666,445.8411525794062,139,978,3,6.333333333333333,6.8068592855540455,1,14,3,6.0,7.937253933193772,0,15,3,0.3333333333333333,11.015141094572204,-11,11,3,-399.0,331.11327366929885,-735,-73,3,43.107142857142854,22.392971063733917,21.25,66.0,3,0.499825247037143,0.07100988012632632,0.4215041464112096,0.5600038127919169,3,1.0,0.0,True,True,3,-0.008047892678048285,0.006682374704698818,-0.01483739427094899,-0.0014780619166210318,3,4.6502802055593005e-05,0.0013232471789333716,-0.0013120229007633575,0.0013313967562333575,3,0,38.94736842105263
Reconnaissance,fusion_ae_scaled_latent,0.01,3,0.9979318575857042,0.00039914564120026953,0.9974869952001608,0.998258645552744,3,0.7757239950012829,0.03310393606052372,0.7383281011027932,0.801279851424188,3,0.8726412646639948,0.021024021051913283,0.848840303082885,0.8886824135228927,3,0.009601338389629671,0.0021300260958644437,0.007746308399903171,0.011927480916030535,3,9.601338389629673,2.130026095864443,7.746308399903171,11.927480916030534,3,0.9893176608547769,0.00047885125284816615,0.9887790339786885,0.989695183990264,3,0.9975469113166543,0.00016227538733942047,0.9973620375264197,0.9976657974574964,3,629.0,92.24424101265076,524,697,3,269.6666666666667,33.291640592396966,248,308,3,18.666666666666668,7.234178138070234,14,27,3,16.0,2.6457513110645907,14,19,3,2.6666666666666665,4.725815626252609,-1,8,3,359.3333333333333,77.8609872357995,271,418,3,37.81516754850088,15.95115512355063,19.40740740740741,47.57142857142857,3,0.5579703237695802,0.02337111082907005,0.5319797922028405,0.577256696215804,3,0.6666666666666666,0.5773502691896258,False,True,3,0.007252907611576265,0.0015665305671609324,0.005470658295819275,0.008411816791435323,3,0.0003177656517435789,0.0005642037479225429,-0.00012103606874848665,0.0009541984732824443,3,0,33.69642857142857
Reconnaissance,selective_fusion,0.01,3,0.9979301864763427,0.0002915533113071025,0.9975968227467051,0.998137547588398,3,0.769725816122766,0.0325269323316046,0.7333776060532883,0.7960918101621011,3,0.8688382132116845,0.020813789859428104,0.8455158173149426,0.8855256657834464,3,0.009523883615794886,0.0016129169277566925,0.00823045267489712,0.011331106870229007,3,9.523883615794885,1.6129169277566933,8.23045267489712,11.331106870229007,3,0.9898373125297494,0.0003876426615135717,0.9893933159800207,0.9901084751300644,3,0.9979724389057619,0.0001030026281453327,0.997855161541104,0.9980482256553,3,62.333333333333336,95.19628844305504,1,172,3,0.0,0.0,0,0,3,2.0,1.7320508075688772,0,3,3,0.0,0.0,0,0,3,2.0,1.7320508075688772,0,3,3,62.333333333333336,95.19628844305504,1,172,2,31.0,37.2409571424915,4.666666666666667,57.333333333333336,3,0.5395100562386808,0.027634851736472895,0.5082451625202554,0.560671051377371,3,0.6666666666666666,0.5773502691896258,False,True,3,0.0012547287330593553,0.0019154631249883598,2.0247423515362684e-05,0.0034613217419303677,3,0.00024031087790879306,0.00020813209293734424,0.0,0.00036310820624546256,3,1,31.166666666666668
Reconnaissance,selective_fusion_primary_0.75,0.01,3,0.9978615981991276,0.00038680462065049484,0.9974170676120537,0.998121443173656,3,0.7521861364775445,0.03719335005195817,0.7298961603477421,0.7951228374750187,3,0.8574356960255204,0.02375257822791788,0.8431648320993107,0.8848551563008975,3,0.009642913620958265,0.0021953634061958375,0.008169149447381067,0.012166030534351144,3,9.642913620958264,2.1953634061958383,8.169149447381066,12.166030534351146,3,0.9897904930604193,0.0004292759038789419,0.9892992507566633,0.9900934601005668,3,0.9979614283154538,0.00011210011640044873,0.9978332175878031,0.9980409590831136,3,472.0,254.06888829606825,246,747,3,1276.3333333333333,1176.148091582575,457,2624,3,16.666666666666668,9.504384952922168,7,26,3,13.666666666666666,2.5166114784235836,11,16,3,3.0,8.888194417315589,-7,10,3,-804.3333333333334,1362.9351904376574,-2378,-1,3,31.784421460892048,14.138368448910262,16.26923076923077,43.94117647058823,3,0.5294379309249198,0.04319915255904209,0.4826041368792298,0.5677247164236012,3,0.6666666666666666,0.5773502691896258,False,True,3,-0.016284950912162127,0.027596543664730633,-0.04814837311952047,-2.0123963615836793e-05,3,0.0003593408830721712,0.0010653271517091355,-0.0008409418548774635,0.0011927480916030537,3,0,28.32
Reconnaissance,selective_fusion_primary_0.5,0.01,3,0.9978422145271694,0.000316477738345592,0.9974901761947015,0.9981031449307236,3,0.7559852271806489,0.03373446741370477,0.7306407470015294,0.7942749863738215,3,0.8599559082789754,0.021522256422879645,0.8436817400195195,0.8843586343305387,3,0.00976330690115705,0.0018132339734570398,0.008351488743645606,0.01180820610687023,3,9.76330690115705,1.81323397345704,8.351488743645607,11.808206106870228,3,0.9897098423732652,0.00044880843331147777,0.9891968184549231,0.9900298669628196,3,0.9979411461747302,0.0001176692260111609,0.9978064203972159,0.99802376587852,3,580.3333333333334,186.9474079342459,423,787,3,1197.0,998.7131720368967,499,2341,3,19.333333333333332,6.110100926607787,14,26,3,15.333333333333334,3.214550253664318,13,19,3,4.0,3.0,1,7,3,-616.6666666666666,1034.9731075411253,-1810,36,3,32.64000814000814,14.470430580060837,16.26923076923077,43.72222222222222,3,0.5410351730054331,0.025784137481467316,0.5152988275664856,0.5668668382423029,3,0.6666666666666666,0.5773502691896258,False,True,3,-0.012485860209057694,0.020955338768536582,-0.03664783656279735,0.0007244626901714568,3,0.0004797341632709554,0.0003574149632876468,0.00012013455069677902,0.0008349236641221388,3,0,30.017241379310345
Reconnaissance,lightgbm,0.03,3,0.994660567484587,0.0005468038223139623,0.9940841271912654,0.9951719061228025,3,0.9226492495453043,0.0023560810022362354,0.9202858936200369,0.9249979876036384,3,0.9573016823328911,0.0013899609843020225,0.956058980669317,0.9588026700041719,3,0.02946207271347991,0.0027613539215434295,0.026991043330912613,0.03244274809160305,3,29.462072713479913,2.7613539215434293,26.99104333091261,32.44274809160305,3,0.9902141245722071,0.0004373222262855076,0.9897094410558567,0.9904813539375241,3,0.9980395195857409,0.00011244202394173914,0.9979131576165343,0.9981285404291246,3,0.0,0.0,0,0,3,0.0,0.0,0,0,3,0.0,0.0,0,0,3,0.0,0.0,0,0,3,0.0,0.0,0,0,3,0.0,0.0,0,0,0,,,,,3,0.8478378292504686,0.014648681707864913,0.8340482318177486,0.8632160899818893,3,0.6666666666666666,0.5773502691896258,False,True,3,0.0,0.0,0.0,0.0,3,0.0,0.0,0.0,0.0,3,3,
Reconnaissance,ae_plain,0.03,3,0.9936067674207952,0.002535856636569073,0.9912836980867312,0.996312025033527,3,0.5635800314543778,0.3324221544313633,0.17996648969457174,0.7670047492554134,3,0.6734380601570158,0.3192906639511028,0.30486449516970165,0.8655780891604025,3,0.024736302150652256,0.018382994133903145,0.003936068702290076,0.038803459875060065,3,24.73630215065226,18.38299413390315,3.9360687022900764,38.80345987506007,3,0.8959236033435265,0.007482459595186774,0.8883725426976179,0.9033355211506414,3,0.9795693670015186,0.0020025067088332627,0.9773024722760161,0.9810976869342701,3,735.0,616.2523833625311,26,1142,3,18521.666666666668,15848.803656217506,8993,36817,3,175.33333333333334,137.31836488006013,21,284,3,215.33333333333334,39.71565602295061,184,260,3,-40.0,173.8016110397139,-239,82,3,-17786.666666666668,16463.943523145765,-36791,-7851,3,3.3523081677597006,1.981664857071011,1.2380952380952381,5.167420814479638,3,0.18511104756457916,0.13093321883521045,0.034124487656086167,0.26737203317128966,3,0.3333333333333333,0.5773502691896258,False,True,3,-0.35906921809092623,0.33236080760861403,-0.7426973777176655,-0.15799323834822498,3,-0.004725770562827657,0.02076933294686967,-0.028506679389312978,0.00985103315713599,3,0,4.192015209125476
Reconnaissance,ae_scaled,0.03,3,0.9761631755010134,0.0030938623314103663,0.9726324237560192,0.9784000683001793,3,0.24707168261579124,0.017359676529280957,0.23062062303791356,0.2652158992268405,3,0.39412483157959494,0.022067819018771494,0.3732595065548408,0.417225062720315,3,0.035909424785513955,0.0051757405501633045,0.030622125393367224,0.04096588178760211,3,35.909424785513956,5.175740550163305,30.622125393367224,40.965881787602115,3,0.8934390620443056,0.00857646174138384,0.8869095514108862,0.9031520585295408,3,0.9689886880947384,0.005257784464017009,0.9630578643299172,0.9730780637546049,3,279.3333333333333,64.16645021608515,218,346,3,33748.0,912.7053193665522,32914,34723,3,270.3333333333333,46.090490703976386,226,318,3,216.66666666666666,20.03330560175563,196,236,3,53.666666666666664,40.12895878705717,30,100,3,-33468.666666666664,975.6004988381934,-34505,-32568,3,1.0407057132833415,0.22690531590789906,0.8616352201257862,1.2958801498127341,3,0.13745114860356497,0.04787360342718336,0.08245162520255457,0.1697645600991326,3,0.0,0.0,False,False,3,-0.6755775669295129,0.018473818072344245,-0.6943773645657249,-0.6574479681853967,3,0.006447352072034038,0.004820501053287207,0.0036310820624546117,0.012013455069678037,3,0,1.033292231812577
Reconnaissance,isolation_forest,0.03,3,0.9738436739174446,0.003957997583275427,0.9701249785995548,0.9780039395929088,3,0.2012037080752037,0.02551853419864325,0.179847862835064,0.22946405069954848,3,0.33296803390980473,0.03455519170960465,0.30382457929627743,0.37114178579030965,3,0.032541494273594186,0.008857720246728288,0.024328249818445898,0.04192695819317636,3,32.54149427359419,8.857720246728288,24.328249818445897,41.926958193176354,3,0.866729801046667,0.008908967501674173,0.8597977770336522,0.87677836455378,3,0.9648168017008766,0.003617508914321424,0.96083070694632,0.9678913559902769,3,230.33333333333334,79.60736984308258,139,285,3,35973.0,1479.0500329603458,34386,37313,3,252.33333333333334,74.84873635094539,182,331,3,226.66666666666666,24.704925284917042,204,253,3,25.666666666666668,71.59841711471933,-22,108,3,-35742.666666666664,1483.7190884171214,-37028,-34119,3,0.9807509075871218,0.5204504899850286,0.569672131147541,1.565934065934066,3,0.028437073046738478,0.00841049813596941,0.02163759412830045,0.03784195977504528,3,0.3333333333333333,0.5773502691896258,False,True,3,-0.7214455414701004,0.027817191968909534,-0.7451501247685743,-0.6908218429204884,3,0.0030794215601142733,0.008606182944423606,-0.002662793512466715,0.012974531475252283,3,0,0.9128137384412153
Reconnaissance,ae_denoising,0.03,3,0.9743960298252631,0.005322531001355838,0.9687528975428836,0.9793260621846004,3,0.22187306649431357,0.017545470003138924,0.21154508088845694,0.24213153022619335,3,0.36124295303412973,0.02340808910881642,0.3472596137866853,0.3882668043499306,3,0.034398051300630846,0.005307067398406849,0.030743161462115712,0.040485343584814995,3,34.39805130063085,5.307067398406846,30.74316146211571,40.48534358481499,3,0.8539751338220393,0.0055731504244454465,0.8483937744962126,0.8595400389102744,3,0.9584562367793379,0.0005414418708790985,0.958111120463761,0.9590802706796453,3,317.0,154.34701163287872,188,488,3,35031.666666666664,756.354634634663,34208,35695,3,258.3333333333333,52.57692776621066,226,319,3,217.33333333333334,20.108041509140893,195,234,3,41.0,50.7444578254611,-4,96,3,-34714.666666666664,684.5102872370394,-35207,-33933,3,1.3092983275055956,0.7703735897294984,0.5893416927899686,2.121739130434783,3,0.19467480062275602,0.02722633344643187,0.16557048899056334,0.2195214946144314,3,0.0,0.0,False,False,3,-0.7007761830509907,0.015541855326178048,-0.7107212790439469,-0.682866457377445,3,0.004935978587150933,0.00609190166418854,-0.00047709923664122217,0.01153291686689092,3,0,1.2270967741935483
Reconnaissance,ae_latent,0.03,3,0.9536502870345798,0.0025242147923108067,0.950816284356272,0.9556571883078147,3,0.10621763868927392,0.019872295324893725,0.09288006944304257,0.1290570774868898,3,0.1907515268383004,0.03187556791209887,0.16922907164925702,0.227370824192484,3,0.030633117107628838,0.00514654999562537,0.026991043330912613,0.03652090341182124,3,30.633117107628838,5.14654999562537,26.99104333091261,36.52090341182124,3,0.8559396419362285,0.0038452432372552852,0.8517336708007702,0.8592748006490254,3,0.9488597271905959,0.0008750924407053401,0.9479334078692454,0.9496725097423255,3,220.66666666666666,167.2881745173081,102,412,3,40668.0,1262.0011885889808,39226,41571,3,234.33333333333334,48.6449723335653,200,290,3,224.66666666666666,23.586719427112655,200,247,3,9.666666666666666,49.21720566360237,-34,63,3,-40447.333333333336,1186.1847804340318,-41159,-39078,3,1.0164060223409421,0.9039158743322605,0.4788732394366197,2.06,3,0.019731198169859878,0.010588223380940016,0.008006863025450386,0.028595939376608523,3,0.6666666666666666,0.5773502691896258,False,True,3,-0.8164316108560303,0.021839169664484327,-0.8297837979691947,-0.7912288161331471,3,0.0011710443941489272,0.005899729465946907,-0.0040553435114503815,0.007568476693897163,3,0,0.9416785206258891
Reconnaissance,learned_fusion,0.03,3,0.994744362921211,0.0005501101805520236,0.9941548423545773,0.9952439898364714,3,0.9207237056200546,0.0038580760960603665,0.9163376460345422,0.9235924662373579,3,0.9563007440160308,0.002018158360042993,0.9539739252326599,0.9575755038824588,3,0.028941147377928064,0.0028558995222873152,0.026506899055918662,0.03208492366412214,3,28.941147377928065,2.8558995222873147,26.506899055918662,32.08492366412214,3,0.9890053710210602,0.0006285860495200625,0.9882856556580345,0.9894466398125015,3,0.9974477439000746,0.0002810421813078955,0.9971307416486301,0.9976663855870563,3,205.66666666666666,8.736894948054108,196,213,3,301.0,121.21056059601408,167,403,3,15.666666666666666,8.962886439832502,10,26,3,20.0,10.44030650891055,13,32,3,-4.333333333333333,1.5275252316519465,-6,-3,3,-95.33333333333333,125.78685675909598,-195,46,3,15.706060606060605,6.896977019754328,8.0,21.3,3,0.8374479712769675,0.010997084923263626,0.8269945667715184,0.8489181202935849,3,0.6666666666666666,0.5773502691896258,False,True,3,-0.0019255439252495732,0.002542513706673769,-0.003948247585494724,0.0009285988251206412,3,-0.0005209253355518475,0.00018426550682678738,-0.000720807304180681,-0.0003578244274809114,3,0,13.127659574468085
Reconnaissance,rank_or,0.03,3,0.993091182389095,0.0010780174210888547,0.9919780864801409,0.9941303116147309,3,0.8623097576662287,0.03557146408944607,0.8212354977829072,0.8829359872418596,3,0.9228399244631915,0.02102096423257726,0.898567741506696,0.9351396868371404,3,0.03555139733055134,0.004039304969997184,0.031348341805858146,0.03940413262854397,3,35.55139733055134,4.039304969997182,31.348341805858144,39.40413262854397,3,0.9841364099245649,0.0022524399931103047,0.9816151935031477,0.985950269199299,3,0.9967217100874016,0.0004147762255351707,0.9962758821609596,0.9970961740828646,3,54.0,62.864934582006846,10,126,3,3040.3333333333335,1616.3824836137435,1994,4902,3,156.66666666666666,60.715182066212506,113,226,3,106.0,31.192947920964443,77,139,3,50.666666666666664,31.659648345067467,29,87,3,-2986.3333333333335,1651.6550285496464,-4892,-1968,3,0.45258843928032605,0.5788628071338093,0.04424778761061947,1.1150442477876106,3,0.695008419915483,0.0568649772583907,0.6326374988085025,0.7439710227814317,3,0.0,0.0,False,False,3,-0.06033949187907547,0.033548151978964824,-0.09905039583712971,-0.03972788017037765,3,0.006089324617071429,0.0038045402698568156,0.003458969465648859,0.010451705910619894,3,0,0.3446808510638298
Reconnaissance,fusion_control,0.03,3,0.994660567484587,0.0005468038223139623,0.9940841271912654,0.9951719061228025,3,0.9226492495453043,0.0023560810022362354,0.9202858936200369,0.9249979876036384,3,0.9573016823328911,0.0013899609843020225,0.956058980669317,0.9588026700041719,3,0.02946207271347991,0.0027613539215434295,0.026991043330912613,0.03244274809160305,3,29.462072713479913,2.7613539215434293,26.99104333091261,32.44274809160305,3,0.9902141245722071,0.0004373222262855076,0.9897094410558567,0.9904813539375241,3,0.9980395195857409,0.00011244202394173914,0.9979131576165343,0.9981285404291246,3,0.0,0.0,0,0,3,0.0,0.0,0,0,3,0.0,0.0,0,0,3,0.0,0.0,0,0,3,0.0,0.0,0,0,3,0.0,0.0,0,0,0,,,,,3,0.8478378292504686,0.014648681707864913,0.8340482318177486,0.8632160899818893,3,0.6666666666666666,0.5773502691896258,False,True,3,0.0,0.0,0.0,0.0,3,0.0,0.0,0.0,0.0,3,3,
Reconnaissance,fusion_latent,0.03,3,0.9947632396849325,0.0005446264391365201,0.9941773306971995,0.9952540601732921,3,0.9188451632534599,0.005548438992934696,0.9128145943428698,0.9237337747542241,3,0.9552919134795359,0.0028900840550140725,0.9520722242753814,0.9576618810430706,3,0.028780954051493945,0.0028724742176831847,0.02638586298717018,0.03196564885496183,3,28.780954051493946,2.8724742176831874,26.385862987170178,31.96564885496183,3,0.9892682379128189,0.0005310944598525094,0.9886819806850365,0.9897172131578597,3,0.9974818013440773,0.0001933529939236922,0.9972951982807767,0.9976812624388125,3,178.66666666666666,76.8721882954644,96,248,3,367.0,149.43895074578114,195,465,3,15.666666666666666,5.686240703077327,11,22,3,21.333333333333332,7.571877794400365,16,30,3,-5.666666666666667,2.081665999466133,-8,-4,3,-188.33333333333334,217.44271276208207,-369,53,3,13.177489177489178,7.634125183596897,4.363636363636363,17.714285714285715,3,0.8302672131668415,0.011565294234837343,0.8171766275855495,0.8391001811076161,3,0.6666666666666666,0.5773502691896258,False,True,3,-0.0038040862918442553,0.0043966228264408005,-0.007471299277167054,0.0010699073419868643,3,-0.0006811186619859662,0.0002507657196375679,-0.0009610764055742425,-0.00047709923664122217,3,0,11.404255319148936
Reconnaissance,fusion_ae_plain,0.03,3,0.9947333627718989,0.0006080443136519902,0.9940442550971612,0.9951943891245996,3,0.9226551040381454,0.00282881455500368,0.9195974812205147,0.9251791032761812,3,0.9573379133735496,0.0015573433721554997,0.9557961635994402,0.9589103954613716,3,0.02906075054411576,0.003158485163297935,0.026870007262164125,0.032681297709923667,3,29.06075054411576,3.158485163297931,26.870007262164126,32.68129770992366,3,0.9904069561409962,0.00020118331754987663,0.990236590634815,0.9906289103201527,3,0.997872284662573,0.00016571711683381184,0.9977205777681586,0.9980491377456808,3,164.66666666666666,16.258331197676263,152,183,3,164.33333333333334,45.8839114868527,133,217,3,7.333333333333333,3.0550504633038935,4,10,3,10.666666666666666,7.371114795831994,5,19,3,-3.3333333333333335,6.8068592855540455,-11,2,3,0.3333333333333333,30.924639582917266,-34,26,3,25.59166666666667,11.29768597250487,15.9,38.0,3,0.8364630000317733,0.015527865220176077,0.8247068916213898,0.8540653893813746,3,0.6666666666666666,0.5773502691896258,False,True,3,5.854492841221119e-06,0.0006253358812342303,-0.0006884123995222202,0.0005248602055030194,3,-0.0004013221693641526,0.0008169108709873878,-0.0013214800576645848,0.00023854961832061455,3,0,22.454545454545453
Reconnaissance,fusion_ae_plain_latent,0.03,3,0.9948317899239366,0.0005014629415473878,0.994265731227872,0.9952204045275804,3,0.9207510203213408,0.003976975401098008,0.9163376460345422,0.9240567656499182,3,0.956355554822346,0.002026998766890855,0.9540543674174949,0.9578764543400017,3,0.028462342583718967,0.0026403944752989216,0.02662793512466715,0.03148854961832061,3,28.462342583718968,2.6403944752989217,26.62793512466715,31.48854961832061,3,0.9899474918813862,0.00017344410256222128,0.9898101255561906,0.9901423920247763,3,0.9976946889681391,0.00017195753363276822,0.9975777926303703,0.9978921365184439,3,268.6666666666667,30.730007050655438,236,297,3,362.6666666666667,116.6290415519794,228,431,3,15.0,4.58257569495584,11,20,3,23.333333333333332,9.291573243177568,17,34,3,-8.333333333333334,5.507570547286102,-14,-3,3,-94.0,142.50263155464884,-195,69,3,19.433333333333334,7.600219295081776,11.8,27.0,3,0.8280430845486607,0.009852581877359712,0.8187017443523019,0.8383376227242398,3,0.6666666666666666,0.5773502691896258,False,True,3,-0.0018982292239633585,0.0028787538145687553,-0.003948247585494724,0.0013928982376809618,3,-0.0009997301297609434,0.0006605657090482484,-0.0016818837097549236,-0.00036310820624546256,3,0,17.91111111111111
Reconnaissance,fusion_ae_denoising,0.03,3,0.9947649494194867,0.0005318518463225193,0.9941512838910269,0.9950924546490229,3,0.923084329655577,0.0034752541347740323,0.9196379760675454,0.9265877807292925,3,0.9575827686596381,0.0018803009581821444,0.9558784843159744,0.9595998541134789,3,0.02890410758786816,0.00278407148132472,0.02691013935607881,0.03208492366412214,3,28.904107587868157,2.784071481324718,26.91013935607881,32.08492366412214,3,0.9891134908391539,0.0008383991464748109,0.9882584680708242,0.9899342135889201,3,0.997522652912037,0.000399458436928498,0.9971635307261413,0.9979528940491277,3,165.33333333333334,39.0042732701602,138,210,3,143.66666666666666,88.8950692295885,69,242,3,9.666666666666666,2.8867513459481287,8,13,3,14.333333333333334,14.294521094927712,2,30,3,-4.666666666666667,11.590225767142474,-17,6,3,21.666666666666668,55.59076661940662,-32,79,3,17.30128205128205,1.1739173114165211,16.153846153846153,18.5,3,0.8485050678359229,0.017243225861077262,0.8365265465637213,0.8682680392717568,3,0.6666666666666666,0.5773502691896258,False,True,3,0.00043508011027286003,0.00112057779231182,-0.0006479175524914949,0.0015897931256541042,3,-0.0005579651256117519,0.0013950611138637097,-0.002042287361845266,0.0007262164124909216,3,0,17.103448275862068
Reconnaissance,fusion_ae_denoising_latent,0.03,3,0.994744362921211,0.0005501101805520236,0.9941548423545773,0.9952439898364714,3,0.9207237056200546,0.0038580760960603665,0.9163376460345422,0.9235924662373579,3,0.9563007440160308,0.002018158360042993,0.9539739252326599,0.9575755038824588,3,0.028941147377928064,0.0028558995222873152,0.026506899055918662,0.03208492366412214,3,28.941147377928065,2.8558995222873147,26.506899055918662,32.08492366412214,3,0.9890053710210602,0.0006285860495200625,0.9882856556580345,0.9894466398125015,3,0.9974477439000746,0.0002810421813078955,0.9971307416486301,0.9976663855870563,3,205.66666666666666,8.736894948054108,196,213,3,301.0,121.21056059601408,167,403,3,15.666666666666666,8.962886439832502,10,26,3,20.0,10.44030650891055,13,32,3,-4.333333333333333,1.5275252316519465,-6,-3,3,-95.33333333333333,125.78685675909598,-195,46,3,15.706060606060605,6.896977019754328,8.0,21.3,3,0.8374479712769675,0.010997084923263626,0.8269945667715184,0.8489181202935849,3,0.6666666666666666,0.5773502691896258,False,True,3,-0.0019255439252495732,0.002542513706673769,-0.003948247585494724,0.0009285988251206412,3,-0.0005209253355518475,0.00018426550682678738,-0.000720807304180681,-0.0003578244274809114,3,0,13.127659574468085
Reconnaissance,fusion_ae_scaled,0.03,3,0.9946565641994664,0.0004772502144992862,0.9941477210921353,0.9950942254495159,3,0.9232400833462168,0.003054044069141322,0.9206503472433133,0.9266079046929083,3,0.9576171729769637,0.0017792991561335653,0.9562565720294427,0.9596306948438998,3,0.029504179329317592,0.0023538776178335854,0.02747518760590656,0.03208492366412214,3,29.50417932931759,2.3538776178335805,27.47518760590656,32.08492366412214,3,0.989929551177951,0.00040643124387912454,0.9894868141682822,0.9902857318157827,3,0.9978559385677972,0.0001846765106642798,0.9976427155829335,0.9979652671608018,3,71.66666666666667,54.16948710605754,36,134,3,42.333333333333336,21.07921567168317,18,55,3,3.0,3.0,0,6,3,2.6666666666666665,3.055050463303893,0,6,3,0.3333333333333333,3.511884584284246,-3,4,3,29.333333333333332,46.057934531775665,-10,80,2,18.666666666666664,5.185449728701347,15.0,22.333333333333332,3,0.8483462015060527,0.014637409472222591,0.8339529120198265,0.8632160899818893,3,0.6666666666666666,0.5773502691896258,False,True,3,0.0005908338009125158,0.0009268648647950796,-0.0002018693098088109,0.001609917089269941,3,4.210661583767839e-05,0.0004225607048812932,-0.0003578244274809114,0.0004841442749939466,3,1,23.88888888888889
Reconnaissance,fusion_ae_scaled_latent,0.03,3,0.9947658956780779,0.0005776383330922968,0.9941561121852664,0.9953048581675905,3,0.9193752807226091,0.005749235565707523,0.9128753366134159,0.9237943355471667,3,0.9555792815947353,0.0030389584886226376,0.9520953658047282,0.9576845806127574,3,0.028780066458947318,0.003026469195698732,0.026143790849673203,0.03208492366412214,3,28.780066458947317,3.026469195698732,26.143790849673202,32.08492366412214,3,0.9893176608547769,0.00047885125284816615,0.9887790339786885,0.989695183990264,3,0.9975469113166543,0.00016227538733942047,0.9973620375264197,0.9976657974574964,3,175.33333333333334,65.60741827974435,103,231,3,337.3333333333333,149.37982907117458,175,469,3,15.333333333333334,6.8068592855540455,10,23,3,21.0,7.810249675906654,16,30,3,-5.666666666666667,2.3094010767585034,-7,-3,3,-162.0,211.34805416658088,-366,56,3,13.81583054626533,8.118154392985579,4.478260869565218,19.2,3,0.832300702189178,0.013407377056755924,0.8177485463730817,0.8441521303974836,3,0.6666666666666666,0.5773502691896258,False,True,3,-0.003273968822695076,0.004276807786343453,-0.007410557006620966,0.001130468134929452,3,-0.0006820062545325941,0.0002807674282109578,-0.0008472524812394092,-0.0003578244274809114,3,0,11.434782608695652
Reconnaissance,selective_fusion,0.03,3,0.9946203286165329,0.0005646484107905423,0.9940269331016507,0.9951509903669228,3,0.9231405002445342,0.0024159885825338363,0.9204478730081597,0.9251187313853336,3,0.9575472325064661,0.001368877363223633,0.956126698355277,0.9588578222282478,3,0.029701782579354238,0.002878213940860503,0.0271120793996611,0.03280057251908397,3,29.701782579354234,2.878213940860506,27.1120793996611,32.80057251908397,3,0.9900093097272439,0.0003630800303445939,0.9895969056574568,0.9902808514197152,3,0.998005708388864,9.701794402178206e-05,0.9978946045888416,0.9980736877052457,3,24.333333333333332,30.03886371574886,6,59,3,0.0,0.0,0,0,3,2.0,1.0,1,3,3,0.0,0.0,0,0,3,2.0,1.0,1,3,3,24.333333333333332,30.03886371574886,6,59,3,9.88888888888889,8.52664668575541,4.0,19.666666666666668,3,0.8495853588790392,0.01282361299672787,0.8384329425221618,0.8635973691735773,3,0.6666666666666666,0.5773502691896258,False,True,3,0.0004912506992300614,0.0006063763441712228,0.0001207437816952428,0.0011910289278721509,3,0.00023970986587432247,0.00011839516994402293,0.00012103606874848752,0.00035782442748091836,3,0,12.166666666666666
Reconnaissance,selective_fusion_primary_0.75,0.03,3,0.9947782986206004,0.00047518035068619494,0.9942773836981592,0.9952226878895138,3,0.9203940236008926,0.0034259717530720755,0.9164388831521189,0.9224418111714476,3,0.9561393251692182,0.0018364979708944279,0.9540290453807727,0.9573754739249867,3,0.028742943115856946,0.0024116725414522477,0.02662793512466715,0.031369274809160304,3,28.74294311585695,2.411672541452249,26.62793512466715,31.369274809160306,3,0.9899867991939363,0.0003364803817301306,0.9896068642865761,0.9902471665546916,3,0.9980018298302916,9.205792495087936e-05,0.9978963740977908,0.998066132579189,3,195.66666666666666,12.503332889007364,183,208,3,307.3333333333333,103.87171575233236,194,398,3,15.0,9.643650760992955,8,26,3,21.0,9.643650760992955,14,32,3,-6.0,3.0,-9,-3,3,-111.66666666666667,91.56600533676968,-190,-11,3,16.231060606060606,7.5634397965789235,8.0,22.875,3,0.8361134941060592,0.011565294234837254,0.8272805261652846,0.849204079687351,3,0.6666666666666666,0.5773502691896258,False,True,3,-0.0022552259444115577,0.0018523468749435548,-0.0038470104679180217,-0.00022205624078963648,3,-0.0007191295976229639,0.00035518550983206534,-0.0010734732824427481,-0.00036310820624546256,3,0,13.044444444444444
Reconnaissance,selective_fusion_primary_0.5,0.03,3,0.9947925043822666,0.000473743461553093,0.9942992667377445,0.9952439898364714,3,0.9203536118854051,0.0034800184321714693,0.9163376460345422,0.9224821850334094,3,0.9561240164785448,0.001868369748601624,0.9539739252326599,0.957352802932974,3,0.028662839489887352,0.0024007737725551146,0.026506899055918662,0.03125,3,28.66283948988735,2.400773772555116,26.506899055918662,31.25,3,0.9899406797696676,0.0003528245859515206,0.9895522061965557,0.9902412246024717,3,0.9979936111767231,9.251197754687846e-05,0.9978869420705918,0.9980519198968036,3,196.66666666666666,11.0151410945722,186,208,3,310.3333333333333,105.83635166299588,195,403,3,15.0,9.643650760992955,8,26,3,21.666666666666668,9.073771725877467,15,32,3,-6.666666666666667,3.055050463303893,-10,-4,3,-113.66666666666667,95.17002329165068,-195,-9,3,16.356060606060606,7.729422606456519,8.0,23.25,3,0.8360817208400851,0.011432549167882939,0.8269945667715184,0.8489181202935849,3,0.6666666666666666,0.5773502691896258,False,True,3,-0.002295637659899078,0.0019251968774082495,-0.003948247585494724,-0.0001816823788278743,3,-0.000799233223592561,0.00036075311620961144,-0.001192748091603052,-0.0004841442749939501,3,0,13.11111111111111
Reconnaissance,lightgbm,0.05,3,0.9912606455495568,0.0005200896185489054,0.9908553771634967,0.9918470913666521,3,0.9586804766289916,0.0028837963155760736,0.9554272563942103,0.9609224726153597,3,0.9746969134123725,0.0015348673880909455,0.9729268593512314,0.9756593960076475,3,0.0502920469522956,0.0026251643350256393,0.04744613894940692,0.05261893320518981,3,50.29204695229561,2.6251643350256395,47.44613894940692,52.61893320518981,3,0.9902141245722071,0.0004373222262855076,0.9897094410558567,0.9904813539375241,3,0.9980395195857409,0.00011244202394173914,0.9979131576165343,0.9981285404291246,3,0.0,0.0,0,0,3,0.0,0.0,0,0,3,0.0,0.0,0,0,3,0.0,0.0,0,0,3,0.0,0.0,0,0,3,0.0,0.0,0,0,0,,,,,3,0.9413783242779526,0.012390473837227564,0.9284148317605566,0.953102659422362,3,0.3333333333333333,0.5773502691896258,False,True,3,0.0,0.0,0.0,0.0,3,0.0,0.0,0.0,0.0,3,3,
Reconnaissance,ae_plain,0.05,3,0.9906614199556848,0.004159474343482864,0.9869396487387432,0.9951514767397642,3,0.7425249659102985,0.09426700605305563,0.6339301935926681,0.8032760331247849,3,0.846376660616711,0.06234371513602902,0.774493482791363,0.8856865393416455,3,0.04328504949515991,0.022867420990594477,0.01824904580152672,0.0630706391158097,3,43.28504949515991,22.86742099059448,18.249045801526716,63.070639115809705,3,0.8959236033435265,0.007482459595186774,0.8883725426976179,0.9033355211506414,3,0.9795693670015186,0.0020025067088332627,0.9773024722760161,0.9810976869342701,3,597.0,167.07184083501323,478,788,3,11305.666666666666,4437.704624390107,8311,16404,3,289.0,161.95369708654385,116,437,3,348.0,42.035699113967404,305,389,3,-59.0,189.38848961856155,-273,87,3,-10708.666666666666,4529.24070163348,-15926,-7786,3,2.6105389310038243,1.4622759256115823,1.2013729977116705,4.120689655172414,3,0.2892320401614082,0.1018881400752059,0.17624630635783053,0.3741302068439615,3,0.6666666666666666,0.5773502691896258,False,True,3,-0.21615551071869302,0.09141508429742158,-0.3214970628015422,-0.15764643949057477,3,-0.007006997457135691,0.022620964610997375,-0.032562022900763356,0.010451705910619898,3,0,2.065743944636678
Reconnaissance,ae_scaled,0.05,3,0.9707811781870318,0.0023053509404566234,0.968122715561148,0.9722290489063652,3,0.31376368824453255,0.016939529987692988,0.29471544715447157,0.3271376217376339,3,0.47406603396884733,0.019291908015004765,0.4522923454654951,0.4890281182844517,3,0.056300338574335564,0.006742221744708024,0.05107722101186153,0.06391158097068717,3,56.30033857433557,6.742221744708027,51.07722101186153,63.91158097068717,3,0.8934390620443056,0.00857646174138384,0.8869095514108862,0.9031520585295408,3,0.9689886880947384,0.005257784464017009,0.9630578643299172,0.9730780637546049,3,382.6666666666667,238.96512995274713,107,531,3,32333.0,714.2296549430022,31833,33151,3,403.3333333333333,53.687366608293736,367,465,3,353.3333333333333,17.03917055884274,337,371,3,50.0,38.157568056677825,26,94,3,-31950.333333333332,952.5661831774908,-33044,-31302,3,0.9275649888641011,0.5604673166320111,0.29155313351498635,1.3492063492063493,3,0.19845581927366315,0.05647752322706611,0.13611667143265657,0.24621103803259936,3,0.0,0.0,False,False,3,-0.644916788384459,0.017406937345578303,-0.6649762537229333,-0.6337848508777257,3,0.00600829162203997,0.004584050959642499,0.0031011450381679406,0.011292647765497356,3,0,0.9487603305785124
Reconnaissance,isolation_forest,0.05,3,0.9676970618188866,0.0009123596138624744,0.9667397660818714,0.9685566148185315,3,0.2854648870859852,0.05925262151714133,0.23766401030346937,0.3517584887323088,3,0.4387000159966617,0.0694963063067014,0.381614023749899,0.5160859103466714,3,0.05653103325969283,0.010282513937097648,0.04756717501815541,0.06775588659298415,3,56.531033259692826,10.282513937097644,47.56717501815541,67.75588659298414,3,0.866729801046667,0.008908967501674173,0.8597977770336522,0.87677836455378,3,0.9648168017008766,0.003617508914321424,0.96083070694632,0.9678913559902769,3,269.3333333333333,96.03298044595581,161,344,3,33625.666666666664,2969.0822375497337,30389,36223,3,424.3333333333333,90.58881461490338,347,524,3,372.3333333333333,26.00640946638604,346,398,3,52.0,65.5972560401729,1,126,3,-33356.333333333336,2967.99028524915,-35879,-30086,3,0.6566987513685869,0.30314074918438266,0.40049751243781095,0.9913544668587896,3,0.05897118164776157,0.02194847446455711,0.042893909064912784,0.08397674196930703,3,0.3333333333333333,0.5773502691896258,False,True,3,-0.6732155895430064,0.05795460247473958,-0.7220276905739355,-0.6091639838830509,3,0.00623898630739723,0.007884530009037235,0.00012103606874849099,0.01513695338779434,3,0,0.6347211311861743
Reconnaissance,ae_denoising,0.05,3,0.9676088649168081,0.003958138742164351,0.9640607386778065,0.9718779155004664,3,0.2782840921382639,0.027107637709142846,0.2469871005511032,0.29437729048978517,3,0.431776627135378,0.03317873740565848,0.39346529240565353,0.4510314875135722,3,0.05538876417589481,0.008439347808224957,0.04997614503816794,0.06511292647765497,3,55.38876417589481,8.43934780822496,49.97614503816794,65.11292647765498,3,0.8539751338220393,0.0055731504244454465,0.8483937744962126,0.8595400389102744,3,0.9584562367793379,0.0005414418708790985,0.958111120463761,0.9590802706796453,3,372.3333333333333,139.00479608032717,272,531,3,34078.666666666664,1343.965153318097,33192,35625,3,398.6666666666667,74.96888243353594,350,485,3,356.3333333333333,25.006665778014735,331,381,3,42.333333333333336,56.518433571122024,-7,104,3,-33706.333333333336,1205.3092272663189,-35094,-32920,3,0.982591231197908,0.48803324636551515,0.5608247422680412,1.5171428571428571,3,0.24843516665078003,0.019137294211327826,0.22762367743780385,0.26527499761700507,3,0.3333333333333333,0.5773502691896258,False,True,3,-0.6803963844907278,0.024287218172138726,-0.7084401558431072,-0.6662038155035016,3,0.0050967172235992135,0.0067842517269628535,-0.0008349236641221336,0.012493993272465163,3,0,0.9339464882943144
Reconnaissance,ae_latent,0.05,3,0.9523220490445485,0.006792292760056549,0.9446521287642783,0.9575763340625891,3,0.18516937132905045,0.017583616893307445,0.1680954680833937,0.20322183418454892,3,0.30980727373439626,0.024748819214128227,0.28586095378244725,0.3352872606161532,3,0.055052854543760334,0.008209652183565166,0.04793028322440087,0.06403171552138395,3,55.05285454376033,8.209652183565158,47.930283224400874,64.03171552138394,3,0.8559396419362285,0.0038452432372552852,0.8517336708007702,0.8592748006490254,3,0.9488597271905959,0.0008750924407053401,0.9479334078692454,0.9496725097423255,3,457.3333333333333,60.13595707505897,410,525,3,38777.333333333336,993.0107418015855,37787,39773,3,398.0,65.3834841531101,353,473,3,358.3333333333333,17.03917055884274,348,378,3,39.666666666666664,48.58326186386967,4,95,3,-38320.0,1037.6377017051761,-39336,-37262,3,1.1771327952398696,0.2848251940309152,0.8668076109936576,1.4266304347826086,3,0.1080291043116322,0.07105835742805458,0.035554284624916596,0.1775807835287389,3,0.3333333333333333,0.5773502691896258,False,True,3,-0.7735111052999413,0.01989190723345141,-0.7915962327940111,-0.7522054222096615,3,0.0047608075914647345,0.005838695108801681,0.0004841442749939501,0.011412782316194144,3,0,1.1490787269681741
Reconnaissance,learned_fusion,0.05,3,0.9911797605005885,0.0005163401056761896,0.9906571356909958,0.9916895776055986,3,0.9573350262244672,0.002837659247166151,0.9541756666733956,0.9596671323574075,3,0.9739618464224575,0.0014183844213387722,0.9723319345017691,0.9749159236061831,3,0.0506963184798118,0.0027530080181381567,0.048293391430646336,0.053700144161460836,3,50.6963184798118,2.753008018138156,48.29339143064633,53.700144161460834,3,0.9890053710210602,0.0006285860495200625,0.9882856556580345,0.9894466398125015,3,0.9974477439000746,0.0002810421813078955,0.9971307416486301,0.9976663855870563,3,92.0,19.974984355438178,70,109,3,158.66666666666666,12.503332889007368,146,171,3,26.666666666666668,4.932882862316248,21,30,3,23.333333333333332,3.5118845842842465,20,27,3,3.3333333333333335,8.144527815247077,-6,9,3,-66.66666666666667,8.082903768654761,-76,-62,3,3.5703338806787084,1.1544311979522623,2.3333333333333335,4.619047619047619,3,0.9373113462332793,0.012451674979679923,0.9232675626727671,0.9470021923553522,3,0.3333333333333333,0.5773502691896258,False,True,3,-0.0013454504045244582,0.00015933444834121055,-0.0015294212348064828,-0.0012515897208147386,3,0.0004042715275162044,0.0009769085880096914,-0.0007156488549618298,0.0010812109562710268,3,0,3.45
Reconnaissance,rank_or,0.05,3,0.9902710257894277,0.000968828706402044,0.989359118705433,0.9912881817592253,3,0.9183321475021576,0.009530231064767077,0.9073882848407541,0.9248036820962109,3,0.9529309695753532,0.0054875011281421285,0.946602454428321,0.9563692538933656,3,0.053650809103142454,0.0045950588367352045,0.04877753570564028,0.05790485343584815,3,53.65080910314246,4.595058836735201,48.77753570564028,57.90485343584815,3,0.9841364099245649,0.0022524399931103047,0.9816151935031477,0.985950269199299,3,0.9967217100874016,0.0004147762255351707,0.9962758821609596,0.9970961740828646,3,120.66666666666667,87.40900029935895,61,221,3,2118.6666666666665,515.263363080797,1738,2705,3,231.0,62.385895841928885,193,303,3,203.0,49.0,168,259,3,28.0,16.522711641858304,11,44,3,-1998.0,581.3355313414104,-2644,-1517,3,0.5792184384004798,0.4818512378924282,0.20132013201320131,1.1218274111675126,3,0.832205382391256,0.022742179840393808,0.808597845772567,0.8539700695834525,3,0.3333333333333333,0.5773502691896258,False,True,3,-0.040348329126833914,0.011840966269807058,-0.05353418777460561,-0.030623574297999445,3,0.0033587621508468523,0.0019791652550758426,0.0013313967562333592,0.005285920230658339,3,0,0.5223665223665224
Reconnaissance,fusion_control,0.05,3,0.9912606455495568,0.0005200896185489054,0.9908553771634967,0.9918470913666521,3,0.9586804766289916,0.0028837963155760736,0.9554272563942103,0.9609224726153597,3,0.9746969134123725,0.0015348673880909455,0.9729268593512314,0.9756593960076475,3,0.0502920469522956,0.0026251643350256393,0.04744613894940692,0.05261893320518981,3,50.29204695229561,2.6251643350256395,47.44613894940692,52.61893320518981,3,0.9902141245722071,0.0004373222262855076,0.9897094410558567,0.9904813539375241,3,0.9980395195857409,0.00011244202394173914,0.9979131576165343,0.9981285404291246,3,0.0,0.0,0,0,3,0.0,0.0,0,0,3,0.0,0.0,0,0,3,0.0,0.0,0,0,3,0.0,0.0,0,0,3,0.0,0.0,0,0,0,,,,,3,0.9413783242779526,0.012390473837227564,0.9284148317605566,0.953102659422362,3,0.3333333333333333,0.5773502691896258,False,True,3,0.0,0.0,0.0,0.0,3,0.0,0.0,0.0,0.0,3,3,
Reconnaissance,fusion_latent,0.05,3,0.9912726557457562,0.0005834774260756398,0.9909237638082462,0.9919462527124019,3,0.9561968391462692,0.001331892858429781,0.9546803399479177,0.9571766992650185,3,0.9734185893699961,0.000826789499179608,0.9724761209528999,0.9740217168612989,3,0.050088300181957944,0.0029274356652172163,0.046719922536916,0.05201826045170591,3,50.08830018195794,2.927435665217216,46.719922536916,52.01826045170591,3,0.9892682379128189,0.0005310944598525094,0.9886819806850365,0.9897172131578597,3,0.9974818013440773,0.0001933529939236922,0.9972951982807767,0.9976812624388125,3,93.0,43.31281565541543,67,143,3,216.0,36.0,180,252,3,27.333333333333332,3.214550253664319,25,31,3,29.0,3.605551275463989,25,32,3,-1.6666666666666667,6.6583281184793925,-6,6,3,-123.0,76.86351540230254,-185,-37,3,3.315583126550868,1.1235882634962628,2.6538461538461537,4.612903225806452,3,0.9321640771454898,0.00934198860785412,0.922886283481079,0.9415689638737966,3,0.3333333333333333,0.5773502691896258,False,True,3,-0.0024836374827224375,0.0015547375966964486,-0.0037457733503412083,-0.0007469164462926559,3,-0.00020374677033765942,0.0007986905154339235,-0.0007262164124909182,0.0007156488549618367,3,0,3.402439024390244
Reconnaissance,fusion_ae_plain,0.05,3,0.9912796851687421,0.0005132465539721559,0.9907979300559219,0.9918194875210757,3,0.9584530359054725,0.003182386262420616,0.9550840785675354,0.9614084107797283,3,0.97458801188083,0.0015869292838024017,0.9728173705638031,0.9758819479411794,3,0.05017421897120117,0.0027115122912186773,0.04756717501815541,0.05297933685728015,3,50.174218971201164,2.71151229121868,47.56717501815541,52.97933685728015,3,0.9904069561409962,0.00020118331754987663,0.990236590634815,0.9906289103201527,3,0.997872284662573,0.00016571711683381184,0.9977205777681586,0.9980491377456808,3,54.333333333333336,19.347695814575268,32,66,3,65.66666666666667,20.984120980716188,42,82,3,8.333333333333334,0.5773502691896258,8,9,3,9.333333333333334,5.131601439446884,5,15,3,-1.0,5.291502622129181,-7,3,3,-11.333333333333334,32.86842456421258,-41,24,3,6.643518518518519,2.6749846159320714,3.5555555555555554,8.25,3,0.9380739046166555,0.012304133147909102,0.9246973596415976,0.9489085883137928,3,0.6666666666666666,0.5773502691896258,False,True,3,-0.00022744072351906416,0.0006631290287674604,-0.0008250825082508628,0.0004859381643685934,3,-0.00011782798109443345,0.0006324506889485159,-0.0008349236641221336,0.00036040365209034225,3,0,6.52
Reconnaissance,fusion_ae_plain_latent,0.05,3,0.9913150162728442,0.0005293455221575898,0.9908759887833256,0.9919028340080972,3,0.9562591842862119,0.002580610280137631,0.9535700587439692,0.9587155034521857,3,0.9734702821623656,0.0013107579081754676,0.9720047327537424,0.9745304862361719,3,0.049851784478232596,0.002726509632279917,0.04696199467441298,0.052378664103796255,3,49.851784478232595,2.726509632279916,46.96199467441298,52.378664103796254,3,0.9899474918813862,0.00017344410256222128,0.9898101255561906,0.9901423920247763,3,0.9976946889681391,0.00017195753363276822,0.9975777926303703,0.9978921365184439,3,93.33333333333333,32.53203549323856,60,125,3,213.33333333333334,8.144527815247077,204,219,3,25.333333333333332,2.309401076758503,24,28,3,29.0,3.0,26,32,3,-3.6666666666666665,1.5275252316519468,-5,-2,3,-120.0,34.828149534535996,-159,-92,3,3.76984126984127,1.5414061801140302,2.142857142857143,5.208333333333333,3,0.9303212277189973,0.011450681272005644,0.9178343341912115,0.9403298065008102,3,0.3333333333333333,0.5773502691896258,False,True,3,-0.002421292342779694,0.0006964451274651871,-0.0031997102149239343,-0.0018571976502411713,3,-0.0004402624740630079,0.00018206287979063106,-0.000596374045801526,-0.00024026910139355456,3,0,3.6842105263157894
Reconnaissance,fusion_ae_denoising,0.05,3,0.9911347440976325,0.0005136004693758674,0.9906582980586776,0.9916788017474516,3,0.9591932858827269,0.002801391433869473,0.9563356682883501,0.9619348437911276,3,0.9749008461420292,0.0013758513185289703,0.9733916866999528,0.9760853039672919,3,0.051055016574334276,0.0027050812119211666,0.04841442749939482,0.05382027871215762,3,51.055016574334275,2.705081211921167,48.41442749939482,53.82027871215762,3,0.9891134908391539,0.0008383991464748109,0.9882584680708242,0.9899342135889201,3,0.997522652912037,0.000399458436928498,0.9971635307261413,0.9979528940491277,3,74.33333333333333,35.303446479534166,42,112,3,49.0,21.656407827707714,24,62,3,14.666666666666666,4.163331998932265,10,18,3,8.333333333333334,0.5773502691896255,8,9,3,6.333333333333333,4.725815626252609,1,10,3,25.333333333333332,38.47510017314228,-19,50,3,5.249074074074074,2.297644280275589,2.625,6.9,3,0.9442061449496393,0.011021431067613253,0.9315603850919836,0.9517681822514537,3,0.3333333333333333,0.5773502691896258,False,True,3,0.0005128092537353505,0.0007769759188298326,-0.0003823553087016762,0.0010123711757679121,3,0.0007629696220386728,0.0005695051759150796,0.00011927480916031075,0.0012013455069678075,3,0,5.068181818181818
Reconnaissance,fusion_ae_denoising_latent,0.05,3,0.9911797605005885,0.0005163401056761896,0.9906571356909958,0.9916895776055986,3,0.9573350262244672,0.002837659247166151,0.9541756666733956,0.9596671323574075,3,0.9739618464224575,0.0014183844213387722,0.9723319345017691,0.9749159236061831,3,0.0506963184798118,0.0027530080181381567,0.048293391430646336,0.053700144161460836,3,50.6963184798118,2.753008018138156,48.29339143064633,53.700144161460834,3,0.9890053710210602,0.0006285860495200625,0.9882856556580345,0.9894466398125015,3,0.9974477439000746,0.0002810421813078955,0.9971307416486301,0.9976663855870563,3,92.0,19.974984355438178,70,109,3,158.66666666666666,12.503332889007368,146,171,3,26.666666666666668,4.932882862316248,21,30,3,23.333333333333332,3.5118845842842465,20,27,3,3.3333333333333335,8.144527815247077,-6,9,3,-66.66666666666667,8.082903768654761,-76,-62,3,3.5703338806787084,1.1544311979522623,2.3333333333333335,4.619047619047619,3,0.9373113462332793,0.012451674979679923,0.9232675626727671,0.9470021923553522,3,0.3333333333333333,0.5773502691896258,False,True,3,-0.0013454504045244582,0.00015933444834121055,-0.0015294212348064828,-0.0012515897208147386,3,0.0004042715275162044,0.0009769085880096914,-0.0007156488549618298,0.0010812109562710268,3,0,3.45
Reconnaissance,fusion_ae_scaled,0.05,3,0.9912104742209488,0.0005583291689877441,0.9908756838017289,0.9918550151025934,3,0.9584464962899836,0.0023147617884130786,0.9562751074954075,0.960881977768329,3,0.9745521341890608,0.0011939103528444853,0.9732800509538436,0.9756483661071308,3,0.05056948117329477,0.002826450192977684,0.047325102880658436,0.052498798654493035,3,50.56948117329477,2.8264501929776853,47.325102880658434,52.49879865449303,3,0.989929551177951,0.00040643124387912454,0.9894868141682822,0.9902857318157827,3,0.9978559385677972,0.0001846765106642798,0.9976427155829335,0.9979652671608018,3,20.0,20.074859899884732,6,43,3,31.666666666666668,43.14317249963583,1,81,3,6.333333333333333,3.7859388972001824,2,9,3,4.0,4.58257569495584,0,9,3,2.3333333333333335,5.773502691896257,-1,9,3,-11.666666666666666,59.095967149487734,-75,42,3,3.675925925925926,2.5595279110750124,0.75,5.5,3,0.9410288183522385,0.008746770973127094,0.9314650652940616,0.9486226289200267,3,0.3333333333333333,0.5773502691896258,False,True,3,-0.00023398033900804785,0.0011904262215974239,-0.001509297271190535,0.0008478511011971168,3,0.00027743422099916343,0.0006893901969796834,-0.00012103606874848405,0.0010734732824427481,3,0,3.1578947368421053
Reconnaissance,fusion_ae_scaled_latent,0.05,3,0.9913068916839721,0.0005284957180378956,0.9909226221672501,0.991909587555778,3,0.956169214557819,0.0017481289483813813,0.9541554797424148,0.9572969492071158,3,0.9734206091161295,0.0010397164786235728,0.9722713621590489,0.9742959549411162,3,0.04989068300641622,0.002621600635540084,0.04696199467441298,0.05201826045170591,3,49.890683006416225,2.6216006355400823,46.96199467441298,52.01826045170591,3,0.9893176608547769,0.00047885125284816615,0.9887790339786885,0.989695183990264,3,0.9975469113166543,0.00016227538733942047,0.9973620375264197,0.9976657974574964,3,77.66666666666667,23.860706890897706,61,105,3,202.0,48.86716689148246,168,258,3,25.666666666666668,1.5275252316519472,24,27,3,29.0,3.605551275463989,25,32,3,-3.3333333333333335,2.0816659994661326,-5,-1,3,-124.33333333333333,64.16645021608514,-191,-63,3,3.067545109211776,1.1343090896247714,2.3461538461538463,4.375,3,0.932704222667048,0.0106267681876249,0.922695643885235,0.9438566390239252,3,0.3333333333333333,0.5773502691896258,False,True,3,-0.002511262071172619,0.0013016572980102587,-0.0038672578914332734,-0.0012717766517955642,3,-0.00040136394587938123,0.00025114822787744627,-0.0006006727534838968,-0.00011927480916030381,3,0,3.0259740259740258
Reconnaissance,selective_fusion,0.05,3,0.9912475919031518,0.0005363494051505283,0.9908141962421712,0.9918474304847867,3,0.95876120253885,0.0027962594447496747,0.9556089387730383,0.960942720038875,3,0.9747323896614658,0.0014826679665299535,0.9730218600014389,0.975649867919292,3,0.050372136652760115,0.00273309526641133,0.04744613894940692,0.05285920230658337,3,50.372136652760126,2.7330952664113273,47.44613894940692,52.85920230658337,3,0.9900707262304094,0.00038785428620343864,0.9896243797719556,0.9903257126109374,3,0.9980162185095128,0.00010296586419551464,0.9978992113982621,0.9980929969420762,3,4.0,4.358898943540674,1,9,3,0.0,0.0,0,0,3,0.6666666666666666,1.1547005383792517,0,2,3,0.0,0.0,0,0,3,0.6666666666666666,1.1547005383792517,0,2,3,4.0,4.358898943540674,1,9,1,0.5,,0.5,0.5,3,0.9414736440758746,0.012241081122240824,0.9287007911543228,0.953102659422362,3,0.3333333333333333,0.5773502691896258,False,True,3,8.072590985834054e-05,8.800091765056022e-05,2.0247423515362684e-05,0.00018168237882798532,3,8.00897004645205e-05,0.0001387194303675222,0.0,0.0002402691013935615,3,2,6.0
Reconnaissance,selective_fusion_primary_0.75,0.05,3,0.9912561550855122,0.00048370823149235427,0.9907343498358119,0.9916895776055986,3,0.9566077119479889,0.00351737815649177,0.9525808991259059,0.9590799570754621,3,0.9736213714369727,0.0017711577697961162,0.9715762273901809,0.9746502057613169,3,0.05021807292112195,0.00263374340718059,0.048293391430646336,0.05321960595867371,3,50.21807292112195,2.633743407180595,48.29339143064633,53.21960595867372,3,0.9900353467740285,0.0003825533735687055,0.9895973282250127,0.9903038726787464,3,0.9980101674518861,0.00010123201737130765,0.9978946025599518,0.9980831646326593,3,84.0,15.0996688705415,70,100,3,186.66666666666666,38.68246803570493,146,223,3,25.0,7.810249675906654,16,30,3,25.666666666666668,3.785938897200182,23,30,3,-0.6666666666666666,11.590225767142472,-14,7,3,-102.66666666666667,34.03429642777023,-141,-76,3,3.635536398467433,1.405222607209842,2.3333333333333335,5.125,3,0.9353096304769167,0.014304746379099233,0.919359450957964,0.9470021923553522,3,0.6666666666666666,0.5773502691896258,False,True,3,-0.0020727646810028144,0.0006879979137439934,-0.0028463572683044003,-0.0015294212348064828,3,-7.397403117365142e-05,0.001387555071253855,-0.0016698473282442741,0.0008472524812394161,3,0,3.36
Reconnaissance,selective_fusion_primary_0.5,0.05,3,0.9912321165180239,0.00047888769953117766,0.9907343498358119,0.9916895776055986,3,0.9570181795446001,0.0028140311825062274,0.9538123019157397,0.9590799570754621,3,0.9738231764245917,0.001421624000032015,0.9721816423530381,0.9746502057613169,3,0.05037710600000236,0.002549257508435706,0.048293391430646336,0.05321960595867371,3,50.37710600000236,2.5492575084357094,48.29339143064633,53.21960595867372,3,0.9899925819956567,0.0003479691296840037,0.9895986284328763,0.9902579909185634,3,0.9980028286974921,9.419973419843374e-05,0.9978949273142629,0.9980686772269757,3,88.33333333333333,16.072751268321593,70,100,3,170.66666666666666,22.810816147900834,146,191,3,25.333333333333332,7.234178138070234,17,30,3,24.666666666666668,2.081665999466132,23,27,3,0.6666666666666666,9.29157324317757,-10,7,3,-82.33333333333333,7.767453465154029,-91,-76,3,3.789948163173315,1.6541316950550968,2.3333333333333335,5.588235294117647,3,0.9362628284561371,0.01271772351783615,0.9222190448956248,0.9470021923553522,3,0.6666666666666666,0.5773502691896258,False,True,3,-0.001662297084391547,0.00016182707660232832,-0.0018425155398975601,-0.0015294212348064828,3,8.505904770675597e-05,0.0011134602392938564,-0.001192748091603052,0.0008472524812394161,3,0,3.486842105263158
Reconnaissance,naive_or,0.01,3,0.9955650537756178,0.0005671841281489399,0.9950922147026915,0.9961939210711008,3,0.773094368062028,0.02761833568254588,0.742674877243822,0.7965964834366231,3,0.870149840641865,0.01742667621100473,0.8509534460098227,0.8849742094640054,3,0.020533221864366843,0.0030541781326947812,0.017066085693536674,0.022825564632388273,3,20.53322186436684,3.054178132694781,17.066085693536674,22.825564632388275,3,0.9841364099245649,0.0022524399931103047,0.9816151935031477,0.985950269199299,3,0.9967217100874016,0.0004147762255351707,0.9962758821609596,0.9970961740828646,3,229.66666666666666,350.3517280296093,16,634,3,0.0,0.0,0,0,3,93.66666666666667,19.75685535031659,76,115,3,0.0,0.0,0,0,3,93.66666666666667,19.75685535031659,76,115,3,229.66666666666666,350.3517280296093,16,634,3,2.971523010424612,4.653386308529433,0.1391304347826087,8.342105263157896,3,0.5543163981825692,0.005668389831906554,0.5510437517872462,0.5608616909732151,3,0.0,0.0,False,False,3,0.004623280672321428,0.00704919486215686,0.00032395877624580294,0.012758592932464063,3,0.011249649126480748,0.0023510440088372452,0.009198741224885017,0.013815473330129743,3,0,2.4519572953736657
Reconnaissance,naive_or,0.03,3,0.989170525391213,0.0012540647861009372,0.9878787878787879,0.9903831737668402,3,0.9290465255232787,0.004403468562863831,0.9240924092409241,0.9325150897309082,3,0.9581639000226905,0.0028199182676840657,0.9549215913964996,0.9600448910456912,3,0.06049883248558033,0.006487541949525346,0.054345194868070684,0.06727534839019703,3,60.49883248558033,6.487541949525346,54.345194868070685,67.27534839019702,3,0.9841364099245649,0.0022524399931103047,0.9816151935031477,0.985950269199299,3,0.9967217100874016,0.0004147762255351707,0.9962758821609596,0.9970961740828646,3,317.0,154.34701163287872,188,488,3,0.0,0.0,0,0,3,258.3333333333333,52.57692776621066,226,319,3,0.0,0.0,0,0,3,258.3333333333333,52.57692776621066,226,319,3,317.0,154.34701163287872,188,488,3,1.3092983275055956,0.7703735897294984,0.5893416927899686,2.121739130434783,3,0.8643599275569537,0.013562235372667911,0.8531121914021542,0.879420455628634,3,0.0,0.0,False,False,3,0.0063972759779744965,0.0031134285437893917,0.0038065156208871853,0.009851222318670971,3,0.03103675977210042,0.006310125104377289,0.02735415153715807,0.038322921672272955,3,0,1.2270967741935483
Reconnaissance,naive_or,0.05,3,0.9832099321682145,0.0019056809697710483,0.9810293089982324,0.9845557469849865,3,0.9661956380031285,0.00021384712064610978,0.9660106254527892,0.966429771811537,3,0.9746277798502824,0.0008302669233294653,0.9736748161520965,0.9751950268161872,3,0.09819386732304534,0.011012958746296616,0.09114015976761075,0.1108841902931283,3,98.19386732304532,11.01295874629661,91.14015976761075,110.8841902931283,3,0.9841364099245649,0.0022524399931103047,0.9816151935031477,0.985950269199299,3,0.9967217100874016,0.0004147762255351707,0.9962758821609596,0.9970961740828646,3,372.3333333333333,139.00479608032717,272,531,3,0.0,0.0,0,0,3,398.6666666666667,74.96888243353594,350,485,3,0.0,0.0,0,0,3,398.6666666666667,74.96888243353594,350,485,3,372.3333333333333,139.00479608032717,272,531,3,0.982591231197908,0.48803324636551515,0.5608247422680412,1.5171428571428571,3,0.9534521653480761,0.010073879205707133,0.9423315222571728,0.9619674006291107,3,0.0,0.0,False,False,3,0.007515161374136843,0.0028043486995145096,0.005507299196177318,0.010719260350848914,3,0.04790182037074973,0.009027687039555428,0.041746183206106874,0.0582652570879385,3,0,0.9339464882943144
